Platform,System_ID,Latitude,Longitude,Date & Time,Air_Temp,RH,Pressure,Sea_Temp,Gust,Wind_Speed,Wind_Dir,Vis,Sig Height,Period
TH2,62045,49.9079,-2.8948,2026-08-18 11:00:00,18.5,97,10144,17.39,1.11,7.06,252,9812,,
TH2,62047,49.9079,-2.8949,2026-08-18 11:00:00,18.5,96.7,10145,17.39,0.49,4.85,49,9235,,
TH2,62045,49.9078,-2.8949,2026-08-18 10:00:00,18.5,97.9,10144,17.39,0.78,4.66,249.9,8081,,
TH2,62047,49.9078,-2.895,2026-08-18 10:00:00,18.5,97.5,10145,17.39,0.49,4.85,49,7594,,
TH2,62045,49.9077,-2.895,2026-08-18 09:00:00,18.3,98.1,10146,17.46,0.73,4.52,249.3,4887,,
TH2,62047,49.9077,-2.895,2026-08-18 09:00:00,18.3,97.6,10147,17.46,0.49,4.85,49,4051,,
TH2,62045,49.9075,-2.8956,2026-08-18 08:00:00,18.1,97.1,10147,17.47,0.91,6.08,236.6,6780,,
TH2,62047,49.9075,-2.8956,2026-08-18 08:00:00,18.1,96.7,10148,17.47,0.49,4.85,49,4738,,
TH2,62045,49.9073,-2.896,2026-08-18 07:00:00,18.2,96.1,10152,17.46,0.87,6.53,245,2597,,
TH2,62047,49.9073,-2.8961,2026-08-18 07:00:00,18.2,95.7,10154,17.46,0.49,4.85,49,2504,,
TH2,62045,49.9073,-2.8963,2026-08-18 06:00:00,18.4,94.5,10149,17.4,1.03,7.32,256.2,10148,,
TH2,62047,49.9073,-2.8963,2026-08-18 06:00:00,18.4,94.1,10150,17.4,0.49,4.85,49,10041,,
TH2,62045,49.9073,-2.8964,2026-08-18 05:00:00,18.4,93.6,10148,17.36,0.99,6.85,262.6,11458,,
TH2,62047,49.9073,-2.8964,2026-08-18 05:00:00,18.4,93.2,10150,17.36,0.49,4.85,49,11213,,
TH2,62045,49.9074,-2.8964,2026-08-18 04:00:00,18.1,92.5,10154,17.19,0.74,5.3,242.5,15527,,
TH2,62047,49.9074,-2.8964,2026-08-18 04:00:00,18.1,92.4,10155,17.19,0.49,4.85,49,13649,,
TH2,62045,49.9075,-2.8959,2026-08-18 03:00:00,17.9,91,10160,17.12,0.88,7.24,276,19243,,
TH2,62047,49.9075,-2.8959,2026-08-18 03:00:00,17.9,90.7,10162,17.12,0.49,4.85,49,20302,,
TH2,62045,49.9077,-2.8952,2026-08-18 02:00:00,17.7,90,10162,17.11,1.17,7.84,265.8,20571,,
TH2,62047,49.9077,-2.8952,2026-08-18 02:00:00,17.7,89.2,10163,17.11,0.49,4.85,49,21567,,
TH2,62045,49.9077,-2.8951,2026-08-18 01:00:00,17.7,89,10164,17.18,1.12,7.88,265.4,25586,,
TH2,62047,49.9077,-2.8951,2026-08-18 01:00:00,17.7,88.9,10165,17.18,0.49,4.85,49,26810,,
TH2,62045,49.9078,-2.895,2026-08-18 00:00:00,17.8,85.9,10165,17.27,1.26,10.05,278,28718,,
TH2,62047,49.9078,-2.895,2026-08-18 00:00:00,17.8,86,10166,17.26,0.49,4.85,49,33987,,
TH2,62045,49.9079,-2.895,2026-08-17 23:00:00,17.9,87.7,10167,17.48,1.14,8.97,274.1,29277,,
TH2,62047,49.9079,-2.895,2026-08-17 23:00:00,17.9,87.5,10168,17.47,0.49,4.85,49,32093,,
TH2,62045,49.9078,-2.895,2026-08-17 22:00:00,18.2,88.8,10169,17.44,0.96,7.89,267.5,31291,,
TH2,62047,49.9078,-2.895,2026-08-17 22:00:00,18.2,88.6,10170,17.43,0.49,4.85,49,35956,,
TH2,62045,49.9077,-2.8951,2026-08-17 21:00:00,18.3,89.2,10170,17.52,1.06,8.17,263.2,26745,,
TH2,62047,49.9077,-2.8951,2026-08-17 21:00:00,18.3,89.1,10171,17.52,0.49,4.85,49,32538,,
TH2,62045,49.9076,-2.8953,2026-08-17 20:00:00,18.3,96.1,10170,17.57,0.94,7.22,259.3,20404,,
TH2,62047,49.9076,-2.8953,2026-08-17 20:00:00,18.3,95.5,10170,17.57,0.49,4.85,49,21431,,
TH2,62045,49.9074,-2.8958,2026-08-17 19:00:00,18.6,95.3,10170,17.62,1.05,7.85,265.1,17803,,
TH2,62047,49.9074,-2.8958,2026-08-17 19:00:00,18.5,95.1,10170,17.62,0.49,4.85,49,18499,,
TH2,62045,49.9073,-2.8961,2026-08-17 18:00:00,18.7,95.7,10174,17.55,0.83,6.49,252.8,15458,,
TH2,62047,49.9073,-2.8961,2026-08-17 18:00:00,18.8,94.3,10175,17.54,0.49,4.85,49,13074,,
TH2,62045,49.9073,-2.8963,2026-08-17 17:00:00,18.9,94.6,10174,17.57,0.94,6.86,251.7,15041,,
TH2,62047,49.9073,-2.8963,2026-08-17 17:00:00,19.3,92.2,10175,17.58,0.49,4.85,49,16145,,
TH2,62045,49.9074,-2.8963,2026-08-17 16:00:00,18.7,94.9,10178,17.51,0.79,6.41,247.8,15182,,
TH2,62047,49.9074,-2.8963,2026-08-17 16:00:00,19.1,92.4,10179,17.51,0.49,4.85,49,14406,,
TH2,62045,49.9075,-2.8961,2026-08-17 15:00:00,18.7,94.2,10180,17.38,0.87,7.05,244.5,12153,,
TH2,62047,49.9075,-2.8961,2026-08-17 15:00:00,19,92.3,10181,17.38,0.49,4.85,49,12499,,
TH2,62045,49.9077,-2.8954,2026-08-17 14:00:00,18.9,94,10183,17.42,1.07,7.7,257.4,13917,,
TH2,62047,49.9077,-2.8954,2026-08-17 14:00:00,18.8,93.9,10185,17.44,0.49,4.85,49,13957,,
TH2,62045,49.9078,-2.8952,2026-08-17 13:00:00,18.6,94.6,10183,17.34,0.9,6.78,241.7,22753,,
TH2,62047,49.9078,-2.8952,2026-08-17 13:00:00,18.6,94.3,10185,17.34,0.49,4.85,49,24070,,
TH2,62045,49.9078,-2.8951,2026-08-17 12:00:00,18.5,95.4,10184,17.29,0.78,5.87,250.6,30374,,
TH2,62047,49.9078,-2.8951,2026-08-17 12:00:00,18.4,95.1,10185,17.34,0.49,4.85,49,34472,,
TH2,62045,49.9079,-2.895,2026-08-17 11:00:00,18.4,95.6,10183,17.49,0.66,4.36,242.2,21879,,
TH2,62047,49.9079,-2.8951,2026-08-17 11:00:00,18.4,95.3,10184,17.49,0.49,4.85,49,23779,,
TH2,62045,49.9078,-2.895,2026-08-17 10:00:00,18.4,96.4,10181,17.43,0.75,6.27,267.8,23280,,
TH2,62047,49.9078,-2.895,2026-08-17 10:00:00,18.4,96,10182,17.44,0.49,4.85,49,22942,,
TH2,62045,49.9078,-2.895,2026-08-17 09:00:00,18.3,96.7,10175,17.44,0.68,4.63,255.5,16971,,
TH2,62047,49.9078,-2.895,2026-08-17 09:00:00,18.3,96.2,10176,17.45,0.49,4.85,49,14748,,
TH2,62045,49.9076,-2.8953,2026-08-17 08:00:00,18,96,10175,17.48,0.56,3.82,255.8,20082,,
TH2,62047,49.9076,-2.8953,2026-08-17 08:00:00,18,95.8,10176,17.49,0.49,4.85,49,18380,,
TH2,62045,49.9074,-2.8958,2026-08-17 07:00:00,17.8,94.1,10175,17.49,0.73,5.24,259,24849,,
TH2,62047,49.9074,-2.8958,2026-08-17 07:00:00,17.7,94.1,10175,17.49,0.49,4.85,49,25252,,
TH2,62045,49.9073,-2.8962,2026-08-17 06:00:00,17.9,91.3,10175,17.47,0.59,4.66,282.7,30452,,
TH2,62047,49.9073,-2.8962,2026-08-17 06:00:00,17.9,91,10176,17.47,0.49,4.85,49,33393,,
TH2,62045,49.9073,-2.8964,2026-08-17 05:00:00,17.6,90.5,10177,17.42,0.3,1.89,267.3,32536,,
TH2,62047,49.9073,-2.8964,2026-08-17 05:00:00,17.6,90.3,10178,17.42,0.49,4.85,49,36143,,
TH2,62045,49.9073,-2.8965,2026-08-17 04:00:00,17.6,89.4,10178,17.3,0.39,2.51,292.6,34841,,
TH2,62047,49.9073,-2.8965,2026-08-17 04:00:00,17.6,89,10179,17.31,0.49,4.85,49,39977,,
TH2,62045,49.9075,-2.8964,2026-08-17 03:00:00,17.2,87.9,10179,17.09,0.48,3.49,333.8,41780,,
TH2,62047,49.9075,-2.8964,2026-08-17 03:00:00,17.4,86.2,10180,17.09,0.49,4.85,49,51271,,
TH2,62045,49.9077,-2.8957,2026-08-17 02:00:00,17.2,91.1,10176,17,0.4,2.95,292.4,34576,,
TH2,62047,49.9077,-2.8957,2026-08-17 02:00:00,17.2,90.4,10177,17,0.49,4.85,49,39249,,
TH2,62045,49.9078,-2.8952,2026-08-17 01:00:00,17.5,89.6,10177,17.01,0.57,3.95,305.8,35162,,
TH2,62047,49.9078,-2.8952,2026-08-17 01:00:00,17.4,89.8,10178,17.01,0.49,4.85,49,39263,,
TH2,62045,49.9078,-2.895,2026-08-17 00:00:00,17.9,85.6,10177,17.07,0.66,5.18,305.1,36989,,
TH2,62047,49.9078,-2.895,2026-08-17 00:00:00,17.9,85.6,10177,17.06,0.49,4.85,49,42103,,
TH2,62045,49.9079,-2.8949,2026-08-16 23:00:00,18.1,85.3,10175,17.27,0.65,5.37,300.1,35758,,
TH2,62047,49.9079,-2.8949,2026-08-16 23:00:00,18.1,85.4,10176,17.27,0.49,4.85,49,38006,,
TH2,62045,49.9079,-2.8949,2026-08-16 22:00:00,18.6,84.8,10172,17.35,0.9,7.95,298.2,26998,,
TH2,62047,49.9079,-2.8949,2026-08-16 22:00:00,18.5,84.7,10172,17.34,0.49,4.85,49,26331,,
TH2,62045,49.9078,-2.8949,2026-08-16 21:00:00,18.2,86.2,10173,17.43,0.54,4.13,253.2,29802,,
TH2,62047,49.9078,-2.8949,2026-08-16 21:00:00,18.2,86.2,10174,17.43,0.49,4.85,49,39879,,
TH2,62045,49.9077,-2.8952,2026-08-16 20:00:00,18.2,88.5,10174,17.51,0.45,3.51,251.5,32762,,
TH2,62047,49.9077,-2.8952,2026-08-16 20:00:00,18,89.1,10175,17.51,0.49,4.85,49,43806,,
TH2,62045,49.9074,-2.8959,2026-08-16 19:00:00,17.8,95.7,10172,17.55,0.4,2.46,211.8,6332,,
TH2,62047,49.9074,-2.8959,2026-08-16 19:00:00,17.7,96.6,10173,17.55,0.49,4.85,49,5848,,
TH2,62045,49.9073,-2.8962,2026-08-16 18:00:00,18.1,95.6,10180,17.55,0.29,2.26,302.9,9920,,
TH2,62047,49.9073,-2.8962,2026-08-16 18:00:00,17.8,97.1,10181,17.55,0.49,4.85,49,75000,,
TH2,62045,49.9072,-2.8965,2026-08-16 17:00:00,17.7,97.8,10180,17.6,0.39,2.8,300,388,,
TH2,62047,49.9072,-2.8965,2026-08-16 17:00:00,17.3,98.3,10181,17.61,0.49,4.85,49,211,,
TH2,62045,49.9073,-2.8966,2026-08-16 16:00:00,17.3,97.9,10180,17.64,0.37,2.74,308,146,,
TH2,62047,49.9073,-2.8966,2026-08-16 16:00:00,17.1,98.8,10181,17.7,0.49,4.85,49,91,,
TH2,62045,49.9074,-2.8964,2026-08-16 15:00:00,17.5,97.4,10183,17.67,0.28,2.09,334,314,,
TH2,62047,49.9074,-2.8964,2026-08-16 15:00:00,17.2,98.1,10184,17.69,0.49,4.85,49,164,,
TH2,62045,49.9076,-2.896,2026-08-16 14:00:00,17.5,98.1,10183,17.76,0.31,1.78,67.7,246,,
TH2,62047,49.9076,-2.896,2026-08-16 14:00:00,17.5,97.7,10183,17.83,0.49,4.85,49,126,,
TH2,62045,49.9078,-2.8952,2026-08-16 13:00:00,18.1,97,10181,17.62,0.38,2.14,9.3,17577,,
TH2,62047,49.9078,-2.8952,2026-08-16 13:00:00,17.9,95.8,10181,17.7,0.49,4.85,49,9585,,
TH2,62045,49.9078,-2.8949,2026-08-16 12:00:00,17.3,98.3,10179,17.48,0.48,2.89,344.5,67,,
TH2,62047,49.9078,-2.8949,2026-08-16 12:00:00,17.5,97.6,10180,17.63,0.49,4.85,49,118,,
TH2,62045,49.9079,-2.8948,2026-08-16 11:00:00,17.6,96.6,10175,17.44,0.47,3.66,303.5,76,,
TH2,62047,49.9079,-2.8948,2026-08-16 11:00:00,17.7,95.9,10176,17.5,0.49,4.85,49,168,,
TH2,62045,49.9079,-2.8947,2026-08-16 10:00:00,17.8,93.5,10176,17.52,0.33,2.17,250.9,14626,,
TH2,62047,49.9079,-2.8947,2026-08-16 10:00:00,17.8,93.2,10177,17.55,0.49,4.85,49,14373,,
TH2,62045,49.9078,-2.8947,2026-08-16 09:00:00,18.4,89.6,10175,17.52,0.43,2.96,201.6,22618,,
TH2,62047,49.9078,-2.8947,2026-08-16 09:00:00,18.1,91.2,10176,17.5,0.49,4.85,49,19045,,
TH2,62045,49.9077,-2.8949,2026-08-16 08:00:00,19,86.6,10174,17.53,0.15,0.83,90.2,25713,,
TH2,62047,49.9077,-2.8949,2026-08-16 08:00:00,19.2,85.1,10175,17.53,0.49,4.85,49,31498,,
TH2,62045,49.9074,-2.8957,2026-08-16 07:00:00,18.2,88.7,10171,17.54,0.21,1.31,339.4,22250,,
TH2,62047,49.9074,-2.8957,2026-08-16 07:00:00,18.3,88.4,10171,17.54,0.49,4.85,49,30501,,
TH2,62045,49.9072,-2.8962,2026-08-16 06:00:00,18.1,86.8,10168,17.53,0.37,1.57,16.2,19907,,
TH2,62047,49.9072,-2.8962,2026-08-16 06:00:00,18.1,86.5,10169,17.53,0.49,4.85,49,35364,,
TH2,62045,49.9072,-2.8965,2026-08-16 05:00:00,18,89.4,10172,17.49,0.5,3.66,349,19954,,
TH2,62047,49.9072,-2.8965,2026-08-16 05:00:00,18,88.9,10172,17.49,0.49,4.85,49,24908,,
TH2,62045,49.9072,-2.8967,2026-08-16 04:00:00,18.1,88.9,10172,17.4,0.45,3.27,8.9,17628,,
TH2,62047,49.9072,-2.8967,2026-08-16 04:00:00,18.1,88.5,10172,17.4,0.49,4.85,49,22469,,
TH2,62045,49.9073,-2.8967,2026-08-16 03:00:00,18.1,89.5,10174,17.24,0.75,6.09,14.9,15583,,
TH2,62047,49.9073,-2.8967,2026-08-16 03:00:00,18.1,89,10174,17.24,0.49,4.85,49,22633,,
TH2,62045,49.9073,-2.8966,2026-08-16 02:00:00,18.1,86.9,10175,17.06,0.85,7.42,10.3,17024,,
TH2,62047,49.9073,-2.8966,2026-08-16 02:00:00,18.1,86.3,10175,17.05,0.49,4.85,49,21992,,
TH2,62045,49.9076,-2.8954,2026-08-16 01:00:00,18.1,86.7,10174,17.27,1.02,7.7,349.6,17426,,
TH2,62047,49.9076,-2.8954,2026-08-16 01:00:00,18.1,86.4,10174,17.27,0.49,4.85,49,21139,,
TH2,62045,49.9077,-2.895,2026-08-16 00:00:00,18.3,85.4,10175,17.32,0.87,7.02,335.2,19416,,
TH2,62047,49.9077,-2.895,2026-08-16 00:00:00,18.2,85.2,10175,17.35,0.49,4.85,49,22480,,
TH2,62045,49.9079,-2.8948,2026-08-15 23:00:00,18.4,84.4,10176,17.09,0.76,6.63,330.3,18873,,
TH2,62047,49.9079,-2.8948,2026-08-15 23:00:00,18.4,84.2,10177,17.09,0.49,4.85,49,22430,,
TH2,62045,49.9079,-2.8948,2026-08-15 22:00:00,19.2,81.8,10173,17.53,0.85,6.62,318.2,25966,,
TH2,62047,49.9079,-2.8948,2026-08-15 22:00:00,19.2,82.1,10174,17.54,0.49,4.85,49,30655,,
TH2,62045,49.9079,-2.8947,2026-08-15 21:00:00,18.7,89.6,10169,17.45,0.55,4.79,302.6,18913,,
TH2,62047,49.9079,-2.8947,2026-08-15 21:00:00,18.6,89.4,10170,17.46,0.49,4.85,49,21579,,
TH2,62045,49.9078,-2.8948,2026-08-15 20:00:00,18.5,90.1,10166,17.52,0.56,4.77,296.7,19358,,
TH2,62047,49.9077,-2.8948,2026-08-15 20:00:00,18.5,89.8,10167,17.52,0.49,4.85,49,22726,,
TH2,62045,49.9075,-2.8954,2026-08-15 19:00:00,18.7,87.6,10164,17.57,0.62,5.23,298.7,23759,,
TH2,62047,49.9075,-2.8954,2026-08-15 19:00:00,18.7,87.5,10164,17.57,0.49,4.85,49,29471,,
TH2,62045,49.9073,-2.896,2026-08-15 18:00:00,18.7,86.6,10164,17.57,0.55,2.87,307.6,22960,,
TH2,62047,49.9073,-2.896,2026-08-15 18:00:00,18.7,86.9,10165,17.57,0.49,4.85,49,27708,,
TH2,62045,49.9072,-2.8964,2026-08-15 17:00:00,19.3,83.8,10172,17.56,0.56,4.8,308.6,27563,,
TH2,62047,,,2026-08-15 17:00:00,18.9,85.6,10173,17.56,0.49,4.85,49,34029,,
TH2,62045,49.9072,-2.8966,2026-08-15 16:00:00,19.9,79,10175,17.58,0.43,3.11,350,29343,,
TH2,62047,49.9072,-2.8966,2026-08-15 16:00:00,19.3,81.5,10175,17.61,0.49,4.85,49,28693,,
TH2,62045,49.9073,-2.8967,2026-08-15 15:00:00,19.7,79.1,10177,17.99,0.55,4.66,353.8,28847,,
TH2,62047,49.9073,-2.8967,2026-08-15 15:00:00,19.2,80.9,10176,18.07,0.49,4.85,49,36794,,
TH2,62045,49.9074,-2.8967,2026-08-15 14:00:00,19.6,79.8,10177,17.75,0.54,4,9.5,29342,,
TH2,62047,49.9074,-2.8967,2026-08-15 14:00:00,18.9,82.7,10177,17.83,0.49,4.85,49,35497,,
TH2,62045,49.9077,-2.8955,2026-08-15 13:00:00,19.1,81.6,10178,17.27,0.48,3.46,3.4,30367,,
TH2,62047,49.9077,-2.8955,2026-08-15 13:00:00,18.5,84.1,10178,17.32,0.49,4.85,49,36773,,
TH2,62045,49.9078,-2.895,2026-08-15 12:00:00,18.2,83.9,10180,17.27,0.64,4.6,344.7,27800,,
TH2,62047,49.9078,-2.895,2026-08-15 12:00:00,18.5,83.3,10181,17.3,0.49,4.85,49,41092,,
TH2,62045,49.9079,-2.8949,2026-08-15 11:00:00,17.9,85.1,10176,17.23,0.81,5.69,332.7,25108,,
TH2,62047,49.9079,-2.8949,2026-08-15 11:00:00,18.1,84.1,10177,17.24,0.49,4.85,49,35316,,
TH2,62045,49.9079,-2.8947,2026-08-15 10:00:00,18,82.7,10174,17.26,0.75,6.24,348.9,22840,,
TH2,62047,49.9079,-2.8948,2026-08-15 10:00:00,18.2,81.7,10175,17.26,0.49,4.85,49,25505,,
TH2,62045,49.9079,-2.8947,2026-08-15 09:00:00,18,82.3,10170,17.34,0.83,6.69,350.6,23620,,
TH2,62047,49.9079,-2.8947,2026-08-15 09:00:00,18.2,81.5,10171,17.34,0.49,4.85,49,20818,,
TH2,62045,49.9078,-2.8947,2026-08-15 08:00:00,18.1,82.6,10169,17.44,0.78,6.74,351.5,22021,,
TH2,62047,49.9078,-2.8947,2026-08-15 08:00:00,18.2,82.3,10170,17.44,0.49,4.85,49,25453,,
TH2,62045,49.9075,-2.8951,2026-08-15 07:00:00,18.3,84.1,10167,17.5,0.84,6.89,357.9,21685,,
TH2,62047,49.9075,-2.8951,2026-08-15 07:00:00,18.3,83.9,10168,17.5,0.49,4.85,49,28856,,
TH2,62045,49.9073,-2.8959,2026-08-15 06:00:00,18.5,86.6,10162,17.51,0.98,7.96,358,23485,,
TH2,62047,49.9073,-2.8959,2026-08-15 06:00:00,18.5,86.7,10162,17.51,0.49,4.85,49,29812,,
TH2,62045,49.9072,-2.8963,2026-08-15 05:00:00,18.5,92,10162,17.5,0.88,6.51,359.9,17379,,
TH2,62047,49.9072,-2.8963,2026-08-15 05:00:00,18.5,91.9,10163,17.5,0.49,4.85,49,21262,,
TH2,62045,49.9072,-2.8966,2026-08-15 04:00:00,18.4,93.4,10163,17.44,0.91,7.48,4.6,12990,,
TH2,62047,49.9072,-2.8966,2026-08-15 04:00:00,18.5,92.9,10163,17.44,0.49,4.85,49,16609,,
TH2,62045,49.9073,-2.8967,2026-08-15 03:00:00,18.5,93.2,10165,17.3,0.81,6.98,5.8,12244,,
TH2,62047,49.9073,-2.8967,2026-08-15 03:00:00,18.5,92.7,10165,17.3,0.49,4.85,49,18219,,
TH2,62045,49.9072,-2.8967,2026-08-15 02:00:00,18.5,93.4,10166,17.39,0.88,7.39,354.4,14696,,
TH2,62047,49.9073,-2.8967,2026-08-15 02:00:00,18.6,92.8,10167,17.39,0.49,4.85,49,19900,,
TH2,62045,49.9074,-2.8962,2026-08-15 01:00:00,18.7,93.3,10169,17.86,0.76,6.44,350.3,15241,,
TH2,62047,49.9074,-2.8962,2026-08-15 01:00:00,18.7,92.8,10170,17.87,0.49,4.85,49,18928,,
TH2,62045,49.9077,-2.8952,2026-08-15 00:00:00,18.9,92.1,10167,17.69,0.89,6.52,340.7,15378,,
TH2,62047,49.9077,-2.8952,2026-08-15 00:00:00,18.9,91.5,10168,17.7,0.49,4.85,49,18679,,
TH2,62045,49.9079,-2.8949,2026-08-14 23:00:00,19.2,90.2,10166,17.82,0.84,6.87,330.7,17481,,
TH2,62047,49.9079,-2.8949,2026-08-14 23:00:00,19.2,90.1,10167,17.81,0.49,4.85,49,20580,,
TH2,62045,49.908,-2.8948,2026-08-14 22:00:00,19.8,87.4,10164,18.14,0.95,8.21,323.3,23779,,
TH2,62047,49.908,-2.8948,2026-08-14 22:00:00,19.7,87.3,10165,18.14,0.49,4.85,49,24838,,
TH2,62045,49.908,-2.8947,2026-08-14 21:00:00,19.2,90.9,10162,17.52,0.72,6.29,305.7,19367,,
TH2,62047,49.908,-2.8948,2026-08-14 21:00:00,19.1,91,10163,17.53,0.49,4.85,49,18172,,
TH2,62045,49.9079,-2.8947,2026-08-14 20:00:00,19.2,92.5,10160,17.61,0.71,6.03,280.3,16402,,
TH2,62047,49.9079,-2.8947,2026-08-14 20:00:00,19.2,92.1,10161,17.61,0.49,4.85,49,20172,,
TH2,62045,49.9077,-2.8948,2026-08-14 19:00:00,19.2,93.2,10159,17.6,0.65,5.21,267.7,15723,,
TH2,62047,49.9077,-2.8948,2026-08-14 19:00:00,19.1,93.1,10160,17.6,0.49,4.85,49,18844,,
TH2,62045,49.9074,-2.8956,2026-08-14 18:00:00,19,94.3,10162,17.55,0.56,3.83,259.3,13623,,
TH2,62047,49.9074,-2.8956,2026-08-14 18:00:00,19,94.1,10163,17.55,0.49,4.85,49,14439,,
TH2,62045,49.9073,-2.8962,2026-08-14 17:00:00,19.2,91.5,10168,17.6,0.47,3.79,269.2,17554,,
TH2,62047,49.9073,-2.8962,2026-08-14 17:00:00,18.9,93.2,10169,17.61,0.49,4.85,49,18600,,
TH2,62045,49.9072,-2.8965,2026-08-14 16:00:00,19.6,91.3,10174,17.59,0.42,3.43,272.6,17183,,
TH2,62047,49.9072,-2.8965,2026-08-14 16:00:00,19.3,92,10176,17.65,0.49,4.85,49,19336,,
TH2,62045,49.9072,-2.8967,2026-08-14 15:00:00,19.3,93.3,10180,17.74,0.38,3.04,254.8,15152,,
TH2,62047,49.9072,-2.8967,2026-08-14 15:00:00,19.7,90.7,10181,17.74,0.49,4.85,49,19650,,
TH2,62045,49.9072,-2.8967,2026-08-14 14:00:00,19.7,89.6,10185,18.14,0.41,3.44,276.5,21061,,
TH2,62047,49.9072,-2.8967,2026-08-14 14:00:00,19.3,91.2,10186,18.21,0.49,4.85,49,25858,,
TH2,62045,49.9075,-2.896,2026-08-14 13:00:00,20,88.8,10188,18.7,0.53,4.32,279.8,25599,,
TH2,62047,49.9075,-2.896,2026-08-14 13:00:00,19.4,91.6,10190,18.84,0.49,4.85,49,31008,,
TH2,62045,49.9078,-2.8953,2026-08-14 12:00:00,19.3,91.9,10190,17.8,0.6,4.36,285.5,20061,,
TH2,62047,49.9078,-2.8953,2026-08-14 12:00:00,19.2,92.4,10191,17.89,0.49,4.85,49,22024,,
TH2,62045,49.908,-2.895,2026-08-14 11:00:00,18.6,93.7,10189,18,0.52,4.31,296.6,16365,,
TH2,62047,49.9079,-2.895,2026-08-14 11:00:00,18.7,93.2,10189,18.14,0.49,4.85,49,27099,,
TH2,62045,49.908,-2.8948,2026-08-14 10:00:00,18.5,93.4,10190,18.59,0.54,4.51,299.2,16838,,
TH2,62047,49.908,-2.8948,2026-08-14 10:00:00,18.6,92.8,10190,18.7,0.49,4.85,49,22550,,
TH2,62045,49.908,-2.8947,2026-08-14 09:00:00,18.2,93.7,10189,17.84,0.53,4.33,303.9,17349,,
TH2,62047,49.908,-2.8947,2026-08-14 09:00:00,18.2,93,10190,17.86,0.49,4.85,49,14660,,
TH2,62045,49.9079,-2.8947,2026-08-14 08:00:00,18.4,92.5,10188,17.39,0.62,5.08,317.6,18940,,
TH2,62047,49.9079,-2.8947,2026-08-14 08:00:00,18.4,92.2,10189,17.39,0.49,4.85,49,21106,,
TH2,62045,49.9077,-2.8947,2026-08-14 07:00:00,18.3,92.4,10189,17.43,0.76,6.34,317.7,16577,,
TH2,62047,49.9077,-2.8947,2026-08-14 07:00:00,18.3,92,10189,17.43,0.49,4.85,49,17166,,
TH2,62045,49.9075,-2.8953,2026-08-14 06:00:00,18.2,94.8,10188,17.46,0.78,6.11,317.2,21322,,
TH2,62047,49.9075,-2.8953,2026-08-14 06:00:00,18.2,94.6,10188,17.46,0.49,4.85,49,26671,,
TH2,62045,49.9072,-2.896,2026-08-14 05:00:00,18.1,96.1,10188,17.47,0.64,3.67,330.4,16605,,
TH2,62047,49.9072,-2.896,2026-08-14 05:00:00,18.1,95.6,10189,17.47,0.49,4.85,49,25809,,
TH2,62045,49.9072,-2.8964,2026-08-14 04:00:00,18.2,96,10191,17.47,0.7,6.03,344.7,16619,,
TH2,62047,49.9072,-2.8964,2026-08-14 04:00:00,18.2,95.6,10191,17.47,0.49,4.85,49,28206,,
TH2,62045,49.9072,-2.8967,2026-08-14 03:00:00,18.5,95.8,10193,17.41,0.66,5.51,356.1,18071,,
TH2,62047,49.9072,-2.8967,2026-08-14 03:00:00,18.5,95.4,10193,17.4,0.49,4.85,49,40848,,
TH2,62045,49.9072,-2.8967,2026-08-14 02:00:00,18.5,95.4,10195,17.82,0.75,6.4,355.3,16940,,
TH2,62047,49.9072,-2.8967,2026-08-14 02:00:00,18.6,95.1,10196,17.83,0.49,4.85,49,35939,,
TH2,62045,49.9074,-2.8963,2026-08-14 01:00:00,18.8,94.1,10198,18.44,0.82,6.93,352.7,21507,,
TH2,62047,49.9075,-2.8963,2026-08-14 01:00:00,18.8,93.7,10199,18.45,0.49,4.85,49,34468,,
TH2,62045,49.9076,-2.8958,2026-08-14 00:00:00,19.1,93.7,10200,18.21,0.85,7.16,348,23251,,
TH2,62047,49.9076,-2.8958,2026-08-14 00:00:00,19.1,93.3,10200,18.22,0.49,4.85,49,34438,,
TH2,62045,49.9079,-2.895,2026-08-13 23:00:00,19.6,90.5,10197,18.24,0.72,5.64,329.1,27685,,
TH2,62047,49.9079,-2.895,2026-08-13 23:00:00,19.6,90.1,10198,18.25,0.49,4.85,49,38432,,
TH2,62045,49.908,-2.8948,2026-08-13 22:00:00,20.2,84.9,10195,18.4,0.62,5.23,296.6,19183,,
TH2,62047,49.908,-2.8949,2026-08-13 22:00:00,20.2,84.7,10196,18.41,0.49,4.85,49,22108,,
TH2,62045,49.908,-2.8948,2026-08-13 21:00:00,20.3,86.8,10190,18.8,0.77,6.27,263.8,20004,,
TH2,62047,49.908,-2.8948,2026-08-13 21:00:00,20.3,86.5,10191,18.82,0.49,4.85,49,24684,,
TH2,62045,49.908,-2.8947,2026-08-13 20:00:00,20.3,90,10189,18.8,0.55,4.3,241.2,16817,,
TH2,62047,49.908,-2.8948,2026-08-13 20:00:00,20.3,89.6,10190,18.88,0.49,4.85,49,22300,,
TH2,62045,49.9079,-2.8947,2026-08-13 19:00:00,19.8,93.8,10189,17.81,0.49,3.65,249.1,10182,,
TH2,62047,49.9079,-2.8947,2026-08-13 19:00:00,19.8,93.2,10190,17.97,0.49,4.85,49,11849,,
TH2,62045,49.9076,-2.8951,2026-08-13 18:00:00,19.6,91.7,10191,17.79,0.39,1.71,245.1,14660,,
TH2,62047,49.9076,-2.8951,2026-08-13 18:00:00,19.6,91.2,10192,17.87,0.49,4.85,49,15116,,
TH2,62045,49.9074,-2.8959,2026-08-13 17:00:00,19.8,88.6,10194,17.81,0.44,2.38,244.9,18004,,
TH2,62047,49.9074,-2.8959,2026-08-13 17:00:00,19.8,88.3,10195,17.83,0.49,4.85,49,18897,,
TH2,62045,49.9072,-2.8963,2026-08-13 16:00:00,19.9,90.3,10198,17.73,0.29,2.1,234.8,11196,,
TH2,62047,49.9072,-2.8963,2026-08-13 16:00:00,20.4,87,10199,17.75,0.49,4.85,49,14589,,
TH2,62045,49.9072,-2.8965,2026-08-13 15:00:00,19.9,90.9,10204,17.7,0.33,2.39,262.5,8972,,
TH2,62047,49.9072,-2.8965,2026-08-13 15:00:00,20.1,89.7,10205,17.73,0.49,4.85,49,9719,,
TH2,62045,49.9072,-2.8967,2026-08-13 14:00:00,20.8,88.6,10208,18.81,0.36,2.63,280.6,10431,,
TH2,62047,49.9072,-2.8967,2026-08-13 14:00:00,20.2,91.3,10208,18.94,0.49,4.85,49,10515,,
TH2,62045,49.9075,-2.896,2026-08-13 13:00:00,20.3,91.5,10208,19.19,0.29,2.01,239.6,12104,,
TH2,62047,49.9075,-2.8959,2026-08-13 13:00:00,20.6,89.5,10209,19.26,0.49,4.85,49,15605,,
TH2,62045,49.9077,-2.8957,2026-08-13 12:00:00,20.3,88.7,10206,18.49,0.26,1.61,180.4,14715,,
TH2,62047,49.9077,-2.8957,2026-08-13 12:00:00,20.8,85.6,10207,18.55,0.49,4.85,49,19907,,
TH2,62045,49.9079,-2.8952,2026-08-13 11:00:00,19.6,90.8,10201,18.72,0.32,2.22,285.2,14037,,
TH2,62047,49.908,-2.8952,2026-08-13 11:00:00,20,88.4,10203,18.61,0.49,4.85,49,21210,,
TH2,62045,49.908,-2.8949,2026-08-13 10:00:00,19.3,92.3,10200,18.57,0.4,2.77,275.6,13872,,
TH2,62047,49.908,-2.8949,2026-08-13 10:00:00,19.4,91.5,10201,18.65,0.49,4.85,49,21661,,
TH2,62045,49.908,-2.8948,2026-08-13 09:00:00,19.8,85,10199,18.5,0.27,1.5,232.4,25590,,
TH2,62047,49.908,-2.8948,2026-08-13 09:00:00,19.9,84.4,10199,18.43,0.49,4.85,49,29626,,
TH2,62045,49.908,-2.8948,2026-08-13 08:00:00,19.3,86,10195,18.13,0.29,2.01,181.2,24875,,
TH2,62047,49.908,-2.8948,2026-08-13 08:00:00,19.1,87,10196,18.15,0.49,4.85,49,21657,,
TH2,62045,49.9078,-2.8947,2026-08-13 07:00:00,19.7,86.3,10192,17.38,0.22,0.9,110.9,17986,,
TH2,62047,49.9078,-2.8947,2026-08-13 07:00:00,19.6,86.3,10193,17.39,0.49,4.85,49,20993,,
TH2,62045,49.9076,-2.895,2026-08-13 06:00:00,18.7,90.8,10191,17.4,0.17,0.82,91.8,13668,,
TH2,62047,49.9076,-2.895,2026-08-13 06:00:00,18.7,90.5,10191,17.4,0.49,4.85,49,15738,,
TH2,62045,49.9074,-2.8958,2026-08-13 05:00:00,18.4,91.3,10189,17.42,0.4,2.49,62.4,13073,,
TH2,62047,49.9074,-2.8958,2026-08-13 05:00:00,18.4,91.2,10190,17.42,0.49,4.85,49,13950,,
TH2,62045,49.9072,-2.8963,2026-08-13 04:00:00,18.4,89.8,10190,17.43,0.68,5.01,37.6,16410,,
TH2,62047,49.9072,-2.8963,2026-08-13 04:00:00,18.4,89.7,10191,17.43,0.49,4.85,49,19156,,
TH2,62045,49.9072,-2.8965,2026-08-13 03:00:00,18.3,89.4,10195,17.41,0.58,2.54,28,19056,,
TH2,62047,49.9072,-2.8965,2026-08-13 03:00:00,18.4,89.1,10196,17.41,0.49,4.85,49,23422,,
TH2,62045,49.9072,-2.8967,2026-08-13 02:00:00,18.6,88.9,10199,17.93,0.6,4.6,15.4,20404,,
TH2,62047,49.9072,-2.8967,2026-08-13 02:00:00,18.6,88.5,10200,18,0.49,4.85,49,28036,,
TH2,62045,49.9074,-2.8963,2026-08-13 01:00:00,19,88.6,10202,18.67,0.38,2.99,5.9,21258,,
TH2,62047,49.9074,-2.8963,2026-08-13 01:00:00,19,87.9,10203,18.69,0.49,4.85,49,27775,,
TH2,62045,49.9077,-2.8959,2026-08-13 00:00:00,19.3,84.1,10204,18.63,0.24,0.98,225.1,22027,,
TH2,62047,49.9077,-2.8958,2026-08-13 00:00:00,19.3,84.4,10205,18.63,0.49,4.85,49,26923,,
TH2,62045,49.908,-2.8953,2026-08-12 23:00:00,19.7,81.7,10203,18.59,0.48,2.83,101.1,23116,,
TH2,62047,49.908,-2.8953,2026-08-12 23:00:00,19.7,81.5,10204,18.59,0.49,4.85,49,30524,,
TH2,62045,49.9081,-2.8949,2026-08-12 22:00:00,19.9,79.5,10204,18.59,0.72,5.72,107.6,23742,,
TH2,62047,49.9081,-2.8949,2026-08-12 22:00:00,19.9,78.7,10205,18.6,0.49,4.85,49,31167,,
TH2,62045,49.9082,-2.8947,2026-08-12 21:00:00,20.3,74.7,10199,18.77,0.65,5.16,111.4,25428,,
TH2,62047,49.9081,-2.8947,2026-08-12 21:00:00,20.4,73.8,10200,18.77,0.49,4.85,49,34690,,
TH2,62045,49.9082,-2.8946,2026-08-12 20:00:00,20,75.7,10193,18.28,0.78,6.1,94.4,23658,,
TH2,62047,49.9082,-2.8946,2026-08-12 20:00:00,20.1,75.3,10195,18.27,0.49,4.85,49,30973,,
TH2,62045,49.9081,-2.8946,2026-08-12 19:00:00,20.2,73.7,10191,18.22,0.77,6.07,98.4,19832,,
TH2,62047,49.9081,-2.8946,2026-08-12 19:00:00,20.1,73.7,10193,18.22,0.49,4.85,49,29862,,
TH2,62045,49.9079,-2.895,2026-08-12 18:00:00,20.4,71,10191,17.65,0.88,7.35,98.9,24467,,
TH2,62047,49.9079,-2.895,2026-08-12 18:00:00,20.4,71,10193,17.64,0.49,4.85,49,26981,,
TH2,62045,49.9076,-2.8955,2026-08-12 17:00:00,20.4,72.1,10194,17.51,0.95,7.77,99.3,23741,,
TH2,62047,49.9076,-2.8955,2026-08-12 17:00:00,20.2,72.5,10196,17.51,0.49,4.85,49,27605,,
TH2,62045,49.9073,-2.8962,2026-08-12 16:00:00,19.4,81.5,10198,17.53,1.02,8.07,81.7,20754,,
TH2,62047,49.9073,-2.8962,2026-08-12 16:00:00,19.4,81.1,10199,17.53,0.49,4.85,49,22014,,
TH2,62045,49.9073,-2.8964,2026-08-12 15:00:00,19,86.1,10203,17.47,0.88,7.21,71.5,19454,,
TH2,62047,49.9073,-2.8964,2026-08-12 15:00:00,19,85.8,10204,17.46,0.49,4.85,49,22005,,
TH2,62045,49.9072,-2.8966,2026-08-12 14:00:00,19.2,85.4,10207,17.99,0.8,6.19,71.9,18243,,
TH2,62047,49.9073,-2.8966,2026-08-12 14:00:00,19.2,85.3,10207,18.09,0.49,4.85,49,22480,,
TH2,62045,49.9073,-2.8966,2026-08-12 13:00:00,19.3,86.9,10209,18.47,0.66,4.99,65.7,16930,,
TH2,62047,49.9073,-2.8966,2026-08-12 13:00:00,19.2,86.9,10210,18.49,0.49,4.85,49,20683,,
TH2,62045,49.9076,-2.8958,2026-08-12 12:00:00,19.3,86.6,10211,18.35,0.67,4.85,73,19373,,
TH2,62047,49.9076,-2.8958,2026-08-12 12:00:00,19.3,86.4,10211,18.38,0.49,4.85,49,23394,,
TH2,62045,49.9078,-2.8954,2026-08-12 11:00:00,19.2,88.1,10210,18.33,0.62,4.15,76.9,19755,,
TH2,62047,49.9078,-2.8954,2026-08-12 11:00:00,19.2,87.9,10211,18.37,0.49,4.85,49,21642,,
TH2,62045,49.908,-2.895,2026-08-12 10:00:00,19.4,87,10209,18.13,0.74,5.73,89.2,19108,,
TH2,62047,49.908,-2.895,2026-08-12 10:00:00,19.1,88.6,10209,18.14,0.49,4.85,49,21031,,
TH2,62045,49.9081,-2.8947,2026-08-12 09:00:00,19.6,86.4,10206,18.01,0.63,4.93,94.6,18626,,
TH2,62047,49.908,-2.8947,2026-08-12 09:00:00,19,88.6,10208,18.03,0.49,4.85,49,21675,,
TH2,62045,49.9081,-2.8946,2026-08-12 08:00:00,19.5,87,10203,18.12,0.58,4.48,93.5,17594,,
TH2,62047,49.9081,-2.8946,2026-08-12 08:00:00,19.1,88.7,10205,18.12,0.49,4.85,49,15276,,
TH2,62045,49.9081,-2.8946,2026-08-12 07:00:00,19,90.1,10200,18.01,0.59,4.47,84.1,14518,,
TH2,62047,49.908,-2.8946,2026-08-12 07:00:00,18.8,90.3,10202,18.02,0.49,4.85,49,16066,,
TH2,62045,49.9076,-2.8955,2026-08-12 06:00:00,18.6,92.4,10197,17.4,0.51,3.83,76.6,11602,,
TH2,62047,49.9076,-2.8955,2026-08-12 06:00:00,18.6,92.1,10198,17.4,0.49,4.85,49,12907,,
TH2,62045,49.9073,-2.896,2026-08-12 05:00:00,18.4,93.3,10196,17.37,0.54,4.05,80.1,10691,,
TH2,62047,49.9073,-2.896,2026-08-12 05:00:00,18.4,93.1,10197,17.37,0.49,4.85,49,11610,,
TH2,62045,49.907,-2.8966,2026-08-12 04:00:00,18.3,92.8,10195,17.38,0.7,5.41,85,9611,,
TH2,62047,49.907,-2.8966,2026-08-12 04:00:00,18.3,92.9,10196,17.38,0.49,4.85,49,10235,,
TH2,62045,49.907,-2.897,2026-08-12 03:00:00,18.4,91.5,10198,17.39,0.93,7.32,74.1,9741,,
TH2,62047,49.907,-2.897,2026-08-12 03:00:00,18.4,91.2,10199,17.39,0.49,4.85,49,10415,,
TH2,62045,49.9069,-2.8972,2026-08-12 02:00:00,18.3,91.3,10200,17.63,0.81,5.83,66.3,9742,,
TH2,62047,49.9069,-2.8972,2026-08-12 02:00:00,18.3,91.1,10201,17.63,0.49,4.85,49,11163,,
TH2,62045,49.9069,-2.8972,2026-08-12 01:00:00,18.4,91,10202,17.99,0.78,5.72,64.2,9339,,
TH2,62047,49.9069,-2.8972,2026-08-12 01:00:00,18.3,90.9,10203,17.99,0.49,4.85,49,10830,,
TH2,62045,49.9073,-2.8963,2026-08-12 00:00:00,18.5,90.8,10209,18.1,0.59,4.51,65,9242,,
TH2,62047,49.9073,-2.8963,2026-08-12 00:00:00,18.5,90.6,10209,18.1,0.49,4.85,49,10961,,
TH2,62045,49.9076,-2.8956,2026-08-11 23:00:00,18.5,90.8,10212,17.74,0.53,3.77,72.2,9203,,
TH2,62047,49.9076,-2.8956,2026-08-11 23:00:00,18.5,90.7,10213,17.75,0.49,4.85,49,10313,,
TH2,62045,49.9078,-2.8953,2026-08-11 22:00:00,18.5,89.4,10209,17.68,0.74,5.95,77.8,10570,,
TH2,62047,49.9078,-2.8953,2026-08-11 22:00:00,18.5,89.3,10209,17.69,0.49,4.85,49,11688,,
TH2,62045,49.908,-2.8948,2026-08-11 21:00:00,18.5,87.9,10208,17.74,0.84,6.4,96.2,11560,,
TH2,62047,49.908,-2.8948,2026-08-11 21:00:00,18.6,87.2,10209,17.75,0.49,4.85,49,12599,,
TH2,62045,49.908,-2.8946,2026-08-11 20:00:00,18.6,87.9,10201,17.99,0.87,5.78,72.2,11158,,
TH2,62047,49.908,-2.8946,2026-08-11 20:00:00,18.5,87.7,10202,17.99,0.49,4.85,49,12398,,
TH2,62045,49.908,-2.8945,2026-08-11 19:00:00,18.5,88,10201,17.98,0.81,5.11,70.1,10593,,
TH2,62047,49.908,-2.8945,2026-08-11 19:00:00,18.5,87.8,10202,17.99,0.49,4.85,49,12485,,
TH2,62045,49.9078,-2.8947,2026-08-11 18:00:00,18.4,87.4,10200,18.09,0.9,6.63,76.6,11538,,
TH2,62047,49.9078,-2.8947,2026-08-11 18:00:00,18.4,87.2,10201,18.09,0.49,4.85,49,11217,,
TH2,62045,49.9074,-2.8955,2026-08-11 17:00:00,18.3,87.8,10200,17.86,1.19,7.35,74.7,11385,,
TH2,62047,49.9074,-2.8955,2026-08-11 17:00:00,18.3,87.6,10201,17.87,0.49,4.85,49,11420,,
TH2,62045,49.907,-2.8962,2026-08-11 16:00:00,18.5,86.7,10208,17.47,1.26,9.08,87.2,13222,,
TH2,62047,49.907,-2.8962,2026-08-11 16:00:00,18.3,87.7,10210,17.46,0.49,4.85,49,13505,,
TH2,62045,49.9068,-2.8968,2026-08-11 15:00:00,18.2,89.2,10208,17.44,1.32,9.69,71,10201,,
TH2,62047,49.9068,-2.8968,2026-08-11 15:00:00,18.2,88.8,10209,17.43,0.49,4.85,49,12504,,
TH2,62045,49.9067,-2.897,2026-08-11 14:00:00,18.2,89.6,10211,17.68,1.15,7.31,70.6,10947,,
TH2,62047,49.9067,-2.897,2026-08-11 14:00:00,18.1,89.6,10212,17.68,0.49,4.85,49,11479,,
TH2,62045,49.9067,-2.8971,2026-08-11 13:00:00,18.3,89.4,10214,17.93,1.02,6.98,68.7,9989,,
TH2,62047,49.9067,-2.8971,2026-08-11 13:00:00,18.3,89.5,10214,17.94,0.49,4.85,49,12220,,
TH2,62045,49.9069,-2.8968,2026-08-11 12:00:00,18.3,89.7,10216,17.76,0.86,6.39,71,9840,,
TH2,62047,49.9069,-2.8968,2026-08-11 12:00:00,18.3,89.6,10217,17.77,0.49,4.85,49,12551,,
TH2,62045,49.9071,-2.8961,2026-08-11 11:00:00,18.2,90,10218,17.6,0.78,5.58,72,10560,,
TH2,62047,49.9071,-2.896,2026-08-11 11:00:00,18.2,89.7,10219,17.6,0.49,4.85,49,12500,,
TH2,62045,49.9074,-2.8953,2026-08-11 10:00:00,18.3,90.8,10219,17.74,0.84,5.67,71.3,11641,,
TH2,62047,49.9074,-2.8953,2026-08-11 10:00:00,18.2,90.7,10219,17.77,0.49,4.85,49,12291,,
TH2,62045,49.9075,-2.895,2026-08-11 09:00:00,18.7,89.2,10221,17.75,0.87,7.29,83.2,11786,,
TH2,62047,49.9075,-2.895,2026-08-11 09:00:00,18.3,91.2,10220,17.75,0.49,4.85,49,11829,,
TH2,62045,49.9076,-2.8947,2026-08-11 08:00:00,18.7,90.3,10216,17.66,0.81,6.24,88.4,11272,,
TH2,62047,49.9076,-2.8947,2026-08-11 08:00:00,18.3,91.9,10218,17.67,0.49,4.85,49,11869,,
TH2,62045,49.9076,-2.8946,2026-08-11 07:00:00,18.8,90.3,10214,17.82,0.74,5.97,94.1,10699,,
TH2,62047,49.9076,-2.8946,2026-08-11 07:00:00,18.4,91.9,10216,17.82,0.49,4.85,49,10662,,
TH2,62045,49.9076,-2.8946,2026-08-11 06:00:00,18.2,93.4,10211,17.58,0.66,5.53,87.3,9945,,
TH2,62047,49.9076,-2.8946,2026-08-11 06:00:00,18.1,93.4,10212,17.58,0.49,4.85,49,10304,,
TH2,62045,49.9075,-2.8948,2026-08-11 05:00:00,17.9,95.5,10209,17.35,0.62,5.06,87.5,7451,,
TH2,62047,49.9074,-2.8948,2026-08-11 05:00:00,17.9,95,10210,17.36,0.49,4.85,49,8141,,
TH2,62045,49.9072,-2.8952,2026-08-11 04:00:00,17.7,94.6,10208,17.22,0.47,3.51,82.4,9771,,
TH2,62047,49.9072,-2.8952,2026-08-11 04:00:00,17.7,94.5,10209,17.22,0.49,4.85,49,11669,,
TH2,62045,49.907,-2.8957,2026-08-11 03:00:00,17.7,94.2,10209,17.27,0.41,3.16,81.4,11362,,
TH2,62047,49.9071,-2.8957,2026-08-11 03:00:00,17.7,94.3,10210,17.27,0.49,4.85,49,12911,,
TH2,62045,49.907,-2.8959,2026-08-11 02:00:00,17.7,94.2,10213,17.26,0.52,4.35,98.3,14509,,
TH2,62047,49.907,-2.8959,2026-08-11 02:00:00,17.7,94,10214,17.25,0.49,4.85,49,17703,,
TH2,62045,49.9069,-2.8961,2026-08-11 01:00:00,17.9,93.8,10215,17.64,0.45,3.57,99,18878,,
TH2,62047,49.9069,-2.8961,2026-08-11 01:00:00,17.8,93.5,10215,17.67,0.49,4.85,49,25467,,
TH2,62045,49.9069,-2.8962,2026-08-11 00:00:00,18.4,92.8,10215,18.51,0.31,2.27,66.5,21778,,
TH2,62047,49.9069,-2.8961,2026-08-11 00:00:00,18.4,92.3,10216,18.73,0.49,4.85,49,34669,,
TH2,62045,49.9071,-2.8958,2026-08-10 23:00:00,18.7,89.8,10213,17.98,0.38,2.84,27.6,28052,,
TH2,62047,49.9071,-2.8958,2026-08-10 23:00:00,18.7,89.4,10214,18.05,0.49,4.85,49,45663,,
TH2,62045,49.9073,-2.8954,2026-08-10 22:00:00,18.9,86.5,10211,18.51,0.25,1.78,348.6,35129,,
TH2,62047,49.9073,-2.8954,2026-08-10 22:00:00,19.1,85.3,10212,18.71,0.49,4.85,49,53165,,
TH2,62045,49.9075,-2.895,2026-08-10 21:00:00,19,89,10210,18.33,0.37,3.02,331.8,28514,,
TH2,62047,49.9075,-2.895,2026-08-10 21:00:00,19.1,88,10211,18.64,0.49,4.85,49,40451,,
TH2,62045,49.9076,-2.8947,2026-08-10 20:00:00,19.3,85.9,10207,18.93,0.41,2.95,297.9,28598,,
TH2,62047,49.9076,-2.8947,2026-08-10 20:00:00,19.2,86.1,10208,19.11,0.49,4.85,49,39167,,
TH2,62045,49.9076,-2.8946,2026-08-10 19:00:00,19.6,87.5,10203,19.19,0.26,1.91,289.1,19613,,
TH2,62047,49.9076,-2.8946,2026-08-10 19:00:00,19.6,87.4,10204,19.58,0.49,4.85,49,25838,,
TH2,62045,49.9076,-2.8945,2026-08-10 18:00:00,19.9,81.9,10201,18.81,0.22,1.29,253.9,19764,,
TH2,62047,49.9076,-2.8945,2026-08-10 18:00:00,20.1,80.9,10202,18.98,0.49,4.85,49,27729,,
TH2,62045,49.9076,-2.8945,2026-08-10 17:00:00,19.6,85.3,10198,19.09,0.34,2.58,289.8,19628,,
TH2,62047,49.9076,-2.8945,2026-08-10 17:00:00,19.6,85.3,10199,19.36,0.49,4.85,49,26827,,
TH2,62045,49.9074,-2.8949,2026-08-10 16:00:00,19.5,84.3,10199,18.47,0.3,2.12,265.1,19077,,
TH2,62047,49.9074,-2.8949,2026-08-10 16:00:00,19.4,84.3,10200,18.72,0.49,4.85,49,23098,,
TH2,62045,49.9072,-2.8952,2026-08-10 15:00:00,19.2,87.5,10201,18.14,0.34,2.41,232.8,16569,,
TH2,62047,49.9072,-2.8952,2026-08-10 15:00:00,19.2,87.3,10202,18.59,0.49,4.85,49,19964,,
TH2,62045,49.907,-2.8955,2026-08-10 14:00:00,18.9,86.5,10204,18.16,0.36,2.52,193.5,18046,,
TH2,62047,49.9071,-2.8955,2026-08-10 14:00:00,19.5,83.9,10205,18.39,0.49,4.85,49,22959,,
TH2,62045,49.907,-2.8957,2026-08-10 13:00:00,20.2,80.6,10204,18.27,0.13,0.71,172.8,20448,,
TH2,62047,49.907,-2.8957,2026-08-10 13:00:00,19.8,83.5,10204,18.51,0.49,4.85,49,25474,,
TH2,62045,49.9069,-2.8958,2026-08-10 12:00:00,19.6,85.2,10201,18.33,0.28,1.92,330.3,20746,,
TH2,62047,49.9069,-2.8958,2026-08-10 12:00:00,18.6,89.9,10202,18.43,0.49,4.85,49,19960,,
TH2,62045,49.9071,-2.8956,2026-08-10 11:00:00,19.1,87.9,10203,17.95,0.46,3.63,328.5,17850,,
TH2,62047,49.9071,-2.8956,2026-08-10 11:00:00,18.3,91.4,10204,18.09,0.49,4.85,49,17279,,
TH2,62045,49.9072,-2.8953,2026-08-10 10:00:00,19.1,87.6,10199,17.7,0.31,2.43,326.8,16509,,
TH2,62047,49.9072,-2.8953,2026-08-10 10:00:00,18.2,92.4,10200,17.76,0.49,4.85,49,16617,,
TH2,62045,49.9074,-2.895,2026-08-10 09:00:00,18.6,90.9,10195,17.45,0.58,4.23,305.4,14142,,
TH2,62047,49.9074,-2.8949,2026-08-10 09:00:00,18.1,93.2,10196,17.46,0.49,4.85,49,14376,,
TH2,62045,49.9075,-2.8947,2026-08-10 08:00:00,18,93.4,10188,17.39,0.43,3.29,271.6,12943,,
TH2,62047,49.9075,-2.8947,2026-08-10 08:00:00,18.3,91.9,10189,17.38,0.49,4.85,49,19336,,
TH2,62045,49.9076,-2.8946,2026-08-10 07:00:00,17.9,92.1,10182,17.49,0.62,4.95,290.8,15879,,
TH2,62047,49.9076,-2.8946,2026-08-10 07:00:00,18,91.5,10183,17.49,0.49,4.85,49,13215,,
TH2,62045,49.9076,-2.8945,2026-08-10 06:00:00,17.9,91.7,10178,17.55,0.61,4.36,294,16528,,
TH2,62047,49.9076,-2.8945,2026-08-10 06:00:00,17.9,91.6,10178,17.55,0.49,4.85,49,18997,,
TH2,62045,49.9075,-2.8945,2026-08-10 05:00:00,17.8,91.1,10176,17.61,0.5,3.97,302.7,18409,,
TH2,62047,49.9075,-2.8945,2026-08-10 05:00:00,17.7,91,10177,17.61,0.49,4.85,49,20441,,
TH2,62045,49.9074,-2.8947,2026-08-10 04:00:00,17.7,89.9,10169,17.52,0.73,5.29,285.6,20437,,
TH2,62047,49.9074,-2.8947,2026-08-10 04:00:00,17.7,89.8,10170,17.51,0.49,4.85,49,23886,,
TH2,62045,49.9072,-2.895,2026-08-10 03:00:00,17.8,91.4,10167,17.46,0.71,5.77,280.4,23179,,
TH2,62047,49.9072,-2.895,2026-08-10 03:00:00,17.7,91.4,10168,17.46,0.49,4.85,49,27888,,
TH2,62045,49.9071,-2.8953,2026-08-10 02:00:00,17.9,90.5,10164,17.47,0.63,4.8,275.5,21581,,
TH2,62047,49.9071,-2.8953,2026-08-10 02:00:00,17.9,90.6,10165,17.47,0.49,4.85,49,24823,,
TH2,62045,49.9069,-2.8957,2026-08-10 01:00:00,18.1,88.1,10165,17.55,0.59,4.65,317.2,23055,,
TH2,62047,49.907,-2.8957,2026-08-10 01:00:00,18.1,87.5,10165,17.55,0.49,4.85,49,28709,,
TH2,62045,49.9069,-2.8958,2026-08-10 00:00:00,18.3,87.9,10166,17.78,0.86,6.45,316,22206,,
TH2,62047,49.9069,-2.8958,2026-08-10 00:00:00,18.4,86.3,10167,17.78,0.49,4.85,49,28600,,
TH2,62045,49.9069,-2.8958,2026-08-09 23:00:00,18.5,89.6,10166,17.79,0.7,5.43,309.9,16375,,
TH2,62047,49.9069,-2.8958,2026-08-09 23:00:00,18.6,88.9,10167,17.8,0.49,4.85,49,19620,,
TH2,62045,49.907,-2.8956,2026-08-09 22:00:00,18.8,87.2,10167,17.66,0.82,6.72,305.8,16443,,
TH2,62047,49.907,-2.8956,2026-08-09 22:00:00,18.9,86.6,10168,17.66,0.49,4.85,49,19966,,
TH2,62045,49.9072,-2.8953,2026-08-09 21:00:00,19.1,87.7,10160,17.94,0.86,6.85,290.6,17921,,
TH2,62047,49.9072,-2.8953,2026-08-09 21:00:00,19.1,86.9,10162,17.94,0.49,4.85,49,21094,,
TH2,62045,49.9074,-2.8947,2026-08-09 20:00:00,19.3,89.6,10156,18.15,0.98,7.65,270.9,14897,,
TH2,62047,49.9074,-2.8947,2026-08-09 20:00:00,19.4,89,10156,18.14,0.49,4.85,49,17519,,
TH2,62045,49.9075,-2.8945,2026-08-09 19:00:00,19.5,87.4,10149,18.3,1.01,7.7,259.7,17167,,
TH2,62047,49.9074,-2.8945,2026-08-09 19:00:00,19.5,87.3,10150,18.31,0.49,4.85,49,19274,,
TH2,62045,49.9075,-2.8945,2026-08-09 18:00:00,19.4,89.1,10147,18.31,1.03,7.93,255.1,15396,,
TH2,62047,49.9075,-2.8945,2026-08-09 18:00:00,19.4,88.8,10148,18.31,0.49,4.85,49,17836,,
TH2,62045,49.9075,-2.8945,2026-08-09 17:00:00,19.3,89.9,10146,18.24,0.88,6.09,240.9,16360,,
TH2,62047,49.9075,-2.8945,2026-08-09 17:00:00,19.3,89.6,10147,18.28,0.49,4.85,49,17963,,
TH2,62045,49.9074,-2.8947,2026-08-09 16:00:00,19.3,87,10147,18.46,0.72,5.36,239.3,19462,,
TH2,62047,49.9074,-2.8947,2026-08-09 16:00:00,19.3,86.8,10147,18.47,0.49,4.85,49,24813,,
TH2,62045,49.9073,-2.8948,2026-08-09 15:00:00,19.1,86.9,10145,18.49,0.66,5.55,245.5,19282,,
TH2,62047,49.9073,-2.8949,2026-08-09 15:00:00,19.1,86.8,10145,18.52,0.49,4.85,49,22120,,
TH2,62045,49.9072,-2.8952,2026-08-09 14:00:00,18.9,90,10147,18.36,0.66,5.54,246.7,16350,,
TH2,62047,49.9072,-2.8952,2026-08-09 14:00:00,18.9,90,10148,18.41,0.49,4.85,49,21635,,
TH2,62045,49.9071,-2.8954,2026-08-09 13:00:00,19.3,85.4,10146,18.22,0.54,4.67,285.1,23626,,
TH2,62047,49.9071,-2.8954,2026-08-09 13:00:00,18.8,87.7,10146,18.26,0.49,4.85,49,23596,,
TH2,62045,49.907,-2.8956,2026-08-09 12:00:00,19.3,81.9,10147,18.14,0.44,3.54,289.7,25626,,
TH2,62047,49.907,-2.8956,2026-08-09 12:00:00,18.6,85.3,10148,18.21,0.49,4.85,49,26810,,
TH2,62045,49.907,-2.8957,2026-08-09 11:00:00,19.5,80.9,10144,17.93,0.3,2.45,316.1,25433,,
TH2,62047,49.907,-2.8957,2026-08-09 11:00:00,18.5,85.2,10144,17.94,0.49,4.85,49,27850,,
TH2,62045,49.907,-2.8957,2026-08-09 10:00:00,18.8,87.1,10141,17.68,0.61,5.16,330,20016,,
TH2,62047,49.907,-2.8957,2026-08-09 10:00:00,18.2,90.1,10142,17.76,0.49,4.85,49,23251,,
TH2,62045,49.9071,-2.8956,2026-08-09 09:00:00,18.8,89.5,10137,17.5,0.32,2.63,344.9,11181,,
TH2,62047,49.9071,-2.8956,2026-08-09 09:00:00,18,93.7,10138,17.5,0.49,4.85,49,11729,,
TH2,62045,49.9072,-2.8954,2026-08-09 08:00:00,18.7,89,10130,17.36,0.38,3.14,338.6,9323,,
TH2,62047,49.9072,-2.8953,2026-08-09 08:00:00,17.9,92.7,10131,17.37,0.49,4.85,49,7478,,
TH2,62045,49.9073,-2.8951,2026-08-09 07:00:00,18.2,91.2,10128,17.27,0.28,1.76,26,10307,,
TH2,62047,49.9073,-2.8951,2026-08-09 07:00:00,18.1,90.6,10129,17.27,0.49,4.85,49,8575,,
TH2,62045,49.9073,-2.895,2026-08-09 06:00:00,17.8,93.7,10126,17.34,0.3,2.31,25.3,8455,,
TH2,62047,49.9073,-2.895,2026-08-09 06:00:00,17.9,92.7,10127,17.33,0.49,4.85,49,9975,,
TH2,62045,49.9074,-2.8948,2026-08-09 05:00:00,17.7,94.1,10126,17.29,0.34,2.58,4.5,9652,,
TH2,62047,49.9074,-2.8949,2026-08-09 05:00:00,17.6,94,10126,17.29,0.49,4.85,49,10468,,
TH2,62045,49.9074,-2.8948,2026-08-09 04:00:00,17.8,92.6,10128,17.31,0.25,2.05,21.9,13631,,
TH2,62047,49.9074,-2.8948,2026-08-09 04:00:00,17.8,92.8,10129,17.31,0.49,4.85,49,15311,,
TH2,62045,49.9074,-2.8949,2026-08-09 03:00:00,17.8,93.9,10128,17.43,0.41,3.28,351,12394,,
TH2,62047,49.9074,-2.8949,2026-08-09 03:00:00,17.7,93.6,10129,17.43,0.49,4.85,49,14105,,
TH2,62045,49.9073,-2.8951,2026-08-09 02:00:00,18.2,90.1,10134,17.49,0.19,1.19,12.6,20738,,
TH2,62047,49.9073,-2.8951,2026-08-09 02:00:00,18.2,89.8,10134,17.49,0.49,4.85,49,25665,,
TH2,62045,49.9072,-2.8954,2026-08-09 01:00:00,18.4,88.3,10139,17.48,0.45,3.48,99.7,23086,,
TH2,62047,49.9072,-2.8954,2026-08-09 01:00:00,18.4,88.1,10140,17.48,0.49,4.85,49,30624,,
TH2,62045,49.9071,-2.8956,2026-08-09 00:00:00,18.5,86.6,10145,17.51,0.45,3.46,83.9,25142,,
TH2,62047,49.9071,-2.8956,2026-08-09 00:00:00,18.4,86.4,10146,17.51,0.49,4.85,49,30944,,
TH2,62045,49.907,-2.8957,2026-08-08 23:00:00,18.6,84.4,10148,17.48,0.53,4.27,78.2,24760,,
TH2,62047,49.907,-2.8957,2026-08-08 23:00:00,18.6,84.2,10148,17.48,0.49,4.85,49,31788,,
TH2,62045,49.907,-2.8957,2026-08-08 22:00:00,18.8,80.3,10150,17.5,0.65,5.28,80.5,25714,,
TH2,62047,49.907,-2.8957,2026-08-08 22:00:00,18.8,80.3,10150,17.5,0.49,4.85,49,34204,,
TH2,62045,49.907,-2.8958,2026-08-08 21:00:00,18.7,80.7,10152,17.46,0.72,5.68,86.8,25001,,
TH2,62047,49.907,-2.8958,2026-08-08 21:00:00,18.7,80.8,10152,17.46,0.49,4.85,49,31431,,
TH2,62045,49.9071,-2.8957,2026-08-08 20:00:00,18.7,81.4,10151,17.56,0.68,5.77,80.6,23109,,
TH2,62047,49.9071,-2.8957,2026-08-08 20:00:00,18.7,81.4,10152,17.56,0.49,4.85,49,29604,,
TH2,62045,49.9072,-2.8954,2026-08-08 19:00:00,18.8,82.3,10150,17.83,0.85,7.24,82,21731,,
TH2,62047,49.9072,-2.8954,2026-08-08 19:00:00,18.7,82.3,10151,17.83,0.49,4.85,49,29726,,
TH2,62045,49.9073,-2.8952,2026-08-08 18:00:00,19.1,82.9,10157,17.93,0.6,4.64,87.2,26688,,
TH2,62047,49.9073,-2.8952,2026-08-08 18:00:00,18.6,84.4,10157,17.95,0.49,4.85,49,31594,,
TH2,62045,49.9073,-2.895,2026-08-08 17:00:00,19.3,85.3,10161,17.77,0.47,4,78.1,9570,,
TH2,62047,49.9073,-2.8951,2026-08-08 17:00:00,18.5,88.6,10162,17.81,0.49,4.85,49,27632,,
TH2,62045,49.9074,-2.895,2026-08-08 16:00:00,19,87.1,10164,17.84,0.48,4.09,83.4,20030,,
TH2,62047,49.9074,-2.895,2026-08-08 16:00:00,18.4,89.3,10165,17.9,0.49,4.85,49,22454,,
TH2,62045,49.9074,-2.895,2026-08-08 15:00:00,18.6,88.7,10165,17.89,0.37,3.02,69.4,17641,,
TH2,62047,49.9074,-2.895,2026-08-08 15:00:00,18.5,88.9,10166,17.9,0.49,4.85,49,21190,,
TH2,62045,49.9073,-2.895,2026-08-08 14:00:00,19.1,85.7,10171,17.74,0.41,3.21,97.8,26681,,
TH2,62047,49.9073,-2.895,2026-08-08 14:00:00,18.4,88.8,10172,17.77,0.49,4.85,49,28501,,
TH2,62045,49.9072,-2.8952,2026-08-08 13:00:00,18.8,87.6,10177,17.65,0.39,3.28,108.7,24842,,
TH2,62047,49.9072,-2.8952,2026-08-08 13:00:00,18.2,90.2,10177,17.67,0.49,4.85,49,29280,,
TH2,62045,49.9071,-2.8955,2026-08-08 12:00:00,18,91.2,10180,17.47,0.54,2.39,101,29251,,
TH2,62047,49.9071,-2.8955,2026-08-08 12:00:00,18,91,10181,17.46,0.49,4.85,49,34018,,
TH2,62045,49.907,-2.8956,2026-08-08 11:00:00,17.7,90.6,10183,17.35,0.73,6.12,87.1,30330,,
TH2,62047,49.907,-2.8956,2026-08-08 11:00:00,17.7,90.4,10184,17.35,0.49,4.85,49,45020,,
TH2,62045,49.907,-2.8957,2026-08-08 10:00:00,17.5,87.5,10187,17.33,0.85,6.91,86.6,36327,,
TH2,62047,49.907,-2.8957,2026-08-08 10:00:00,17.5,87.2,10187,17.34,0.49,4.85,49,61295,,
TH2,62045,49.9069,-2.8957,2026-08-08 09:00:00,17.4,82.3,10190,17.25,0.71,5.98,78.7,43252,,
TH2,62047,49.9069,-2.8957,2026-08-08 09:00:00,17.4,82.2,10191,17.25,0.49,4.85,49,75000,,
TH2,62045,49.907,-2.8957,2026-08-08 08:00:00,17.3,80.9,10193,17.13,0.56,4.56,69.4,57140,,
TH2,62047,49.907,-2.8957,2026-08-08 08:00:00,17.3,80.8,10194,17.14,0.49,4.85,49,75000,,
TH2,62045,49.9071,-2.8954,2026-08-08 07:00:00,17.2,78.2,10194,17.16,0.61,5.24,90.4,47039,,
TH2,62047,49.9071,-2.8954,2026-08-08 07:00:00,17.2,78.5,10195,17.15,0.49,4.85,49,72906,,
TH2,62045,49.9072,-2.8952,2026-08-08 06:00:00,17.2,81.6,10196,17.16,0.52,3.77,90.7,43797,,
TH2,62047,49.9072,-2.8952,2026-08-08 06:00:00,17.2,81.6,10196,17.16,0.49,4.85,49,74364,,
TH2,62045,49.9073,-2.8951,2026-08-08 05:00:00,16.8,82.6,10196,17.19,0.55,4.67,102,47067,,
TH2,62047,49.9073,-2.8951,2026-08-08 05:00:00,16.9,81.6,10196,17.19,0.49,4.85,49,75000,,
TH2,62045,49.9073,-2.895,2026-08-08 04:00:00,16.7,85.8,10200,17.25,0.4,3.51,118.6,44003,,
TH2,62047,49.9073,-2.895,2026-08-08 04:00:00,16.8,84.8,10201,17.25,0.49,4.85,49,72911,,
TH2,62045,49.9073,-2.895,2026-08-08 03:00:00,16.8,85.9,10203,17.4,0.42,3.62,113.4,42426,,
TH2,62047,49.9073,-2.895,2026-08-08 03:00:00,16.9,84.6,10204,17.41,0.49,4.85,49,67447,,
TH2,62045,49.9073,-2.8949,2026-08-08 02:00:00,16.9,86,10206,17.51,0.38,3.29,122.8,41105,,
TH2,62047,49.9073,-2.8949,2026-08-08 02:00:00,17,85,10207,17.51,0.49,4.85,49,68994,,
TH2,62045,49.9072,-2.8951,2026-08-08 01:00:00,16.9,88.1,10209,17.47,0.35,2.9,109.3,39829,,
TH2,62047,49.9072,-2.8951,2026-08-08 01:00:00,17.1,87,10209,17.47,0.49,4.85,49,67810,,
TH2,62045,49.9071,-2.8953,2026-08-08 00:00:00,17.1,87.3,10212,17.42,0.27,2.3,77.3,38265,,
TH2,62047,49.9071,-2.8953,2026-08-08 00:00:00,17.2,86.4,10213,17.41,0.49,4.85,49,68900,,
TH2,62045,49.907,-2.8955,2026-08-07 23:00:00,17.5,82.4,10214,17.5,0.28,1.94,25.1,42785,,
TH2,62047,49.907,-2.8955,2026-08-07 23:00:00,17.5,82.2,10215,17.49,0.49,4.85,49,75000,,
TH2,62045,49.907,-2.8956,2026-08-07 22:00:00,17.5,80.4,10217,17.53,0.51,3.48,8.7,44965,,
TH2,62047,49.907,-2.8956,2026-08-07 22:00:00,17.5,80.5,10218,17.55,0.49,4.85,49,75000,,
TH2,62045,49.9069,-2.8957,2026-08-07 21:00:00,17.6,77.1,10221,17.96,0.55,4.43,347.9,48384,,
TH2,62047,49.9069,-2.8957,2026-08-07 21:00:00,17.7,76.8,10221,18,0.49,4.85,49,75000,,
TH2,62045,49.9069,-2.8957,2026-08-07 20:00:00,17.7,73.1,10221,18.1,0.56,4.68,336.7,50801,,
TH2,62047,49.9069,-2.8957,2026-08-07 20:00:00,17.7,72.7,10222,18.28,0.49,4.85,49,75000,,
TH2,62045,49.907,-2.8956,2026-08-07 19:00:00,17.7,68.3,10221,17.89,0.43,3.85,322.4,55995,,
TH2,62047,49.907,-2.8956,2026-08-07 19:00:00,17.8,67.7,10222,18.09,0.49,4.85,49,15239,,
TH2,62045,49.9071,-2.8952,2026-08-07 18:00:00,18.3,65.4,10225,18.64,0.45,3.42,297.7,57153,,
TH2,62047,49.9072,-2.8952,2026-08-07 18:00:00,18.1,66.2,10225,18.87,0.49,4.85,49,36853,,
TH2,62045,49.9072,-2.895,2026-08-07 17:00:00,18,66.8,10231,17.61,0.38,3.19,260,60140,,
TH2,62047,49.9072,-2.895,2026-08-07 17:00:00,18.2,66,10232,17.6,0.49,4.85,49,75000,,
TH2,62045,49.9073,-2.8949,2026-08-07 16:00:00,17.8,62.9,10231,18.13,0.48,3.94,264.7,11006,,
TH2,62047,49.9073,-2.8949,2026-08-07 16:00:00,17.8,63.5,10231,19.64,0.49,4.85,49,75000,,
TH2,62045,49.9073,-2.8948,2026-08-07 15:00:00,18,66.1,10235,19.09,0.34,2.43,249.3,61790,,
TH2,62047,49.9073,-2.8948,2026-08-07 15:00:00,18,66.5,10235,18.75,0.49,4.85,49,75000,,
TH2,62045,49.9074,-2.8948,2026-08-07 14:00:00,17.7,64.6,10238,18,0.28,1.6,252.3,62323,,
TH2,62047,49.9073,-2.8948,2026-08-07 14:00:00,17.6,65.2,10239,17.89,0.49,4.85,49,75000,,
TH2,62045,49.9073,-2.8948,2026-08-07 13:00:00,17.9,65.6,10241,17.87,0.15,0.62,204.5,60453,,
TH2,62047,49.9073,-2.8948,2026-08-07 13:00:00,17.7,66.6,10243,17.81,0.49,4.85,49,75000,,
TH2,62045,49.9072,-2.8949,2026-08-07 12:00:00,17.9,67.5,10246,17.65,0.13,0.51,246.5,59541,,
TH2,62047,49.9072,-2.8949,2026-08-07 12:00:00,17.9,67.8,10247,17.68,0.49,4.85,49,75000,,
TH2,62045,49.9071,-2.8952,2026-08-07 11:00:00,16.9,72.6,10249,17.46,0.17,1.15,325.5,51603,,
TH2,62047,49.9071,-2.8952,2026-08-07 11:00:00,18.2,67.6,10251,17.4,0.49,4.85,49,75000,,
TH2,62045,49.907,-2.8954,2026-08-07 10:00:00,17.2,71.1,10252,17.21,0.22,1.09,332.2,49397,,
TH2,62047,49.907,-2.8954,2026-08-07 10:00:00,16.7,73.2,10252,17.2,0.49,4.85,49,75000,,
TH2,62045,49.9069,-2.8956,2026-08-07 09:00:00,16.9,73,10252,17.16,0.2,0.97,5.6,48912,,
TH2,62047,49.9069,-2.8956,2026-08-07 09:00:00,16.6,74.8,10253,17.15,0.49,4.85,49,75000,,
TH2,62045,49.9069,-2.8957,2026-08-07 08:00:00,17.3,70.4,10253,17.15,0.24,1.64,353.8,43110,,
TH2,62047,49.9069,-2.8957,2026-08-07 08:00:00,16.6,74,10254,17.16,0.49,4.85,49,75000,,
TH2,62045,49.9069,-2.8957,2026-08-07 07:00:00,17.3,70.9,10249,17.09,0.38,2.77,4,47298,,
TH2,62047,49.9069,-2.8957,2026-08-07 07:00:00,16.6,74,10250,17.09,0.49,4.85,49,75000,,
TH2,62045,49.907,-2.8955,2026-08-07 06:00:00,16.9,71.1,10247,17,0.35,2.64,11.4,48778,,
TH2,62047,49.9071,-2.8955,2026-08-07 06:00:00,16.6,72.4,10248,17,0.49,4.85,49,75000,,
TH2,62045,49.9072,-2.8951,2026-08-07 05:00:00,16.5,70.3,10249,17.07,0.42,2.39,354.9,53724,,
TH2,62047,49.9072,-2.8951,2026-08-07 05:00:00,16.5,70.7,10250,17.07,0.49,4.85,49,75000,,
TH2,62045,49.9073,-2.8949,2026-08-07 04:00:00,16.5,69.9,10248,17.07,0.4,2.86,10,50247,,
TH2,62047,49.9073,-2.8949,2026-08-07 04:00:00,16.6,69.8,10249,17.07,0.49,4.85,49,75000,,
TH2,62045,49.9073,-2.8947,2026-08-07 03:00:00,16.8,72.6,10250,17.1,0.42,3.36,347.4,47657,,
TH2,62047,49.9073,-2.8947,2026-08-07 03:00:00,16.7,73.4,10251,17.1,0.49,4.85,49,75000,,
TH2,62045,49.9074,-2.8947,2026-08-07 02:00:00,17,69.4,10252,17.15,0.46,3.49,0.9,49565,,
TH2,62047,49.9074,-2.8947,2026-08-07 02:00:00,16.8,69.9,10253,17.15,0.49,4.85,49,75000,,
TH2,62045,49.9074,-2.8947,2026-08-07 01:00:00,17.2,68.4,10254,17.23,0.52,3.96,337.8,49819,,
TH2,62047,49.9074,-2.8947,2026-08-07 01:00:00,17.1,69.3,10255,17.22,0.49,4.85,49,75000,,
TH2,62045,49.9073,-2.8947,2026-08-07 00:00:00,17.4,69.8,10254,17.3,0.44,3.21,346.7,49745,,
TH2,62047,49.9073,-2.8947,2026-08-07 00:00:00,17.3,70.2,10255,17.3,0.49,4.85,49,75000,,
TH2,62045,49.9072,-2.895,2026-08-06 23:00:00,17.4,67.3,10254,17.3,0.56,3.76,1.9,45886,,
TH2,62047,49.9072,-2.895,2026-08-06 23:00:00,17.3,69,10255,17.31,0.49,4.85,49,75000,,
TH2,62045,49.907,-2.8953,2026-08-06 22:00:00,17.4,86.8,10256,17.31,0.38,1.99,339.1,26819,,
TH2,62047,49.907,-2.8953,2026-08-06 22:00:00,17.4,86.5,10257,17.31,0.49,4.85,49,36890,,
TH2,62045,49.9069,-2.8955,2026-08-06 21:00:00,17.7,78.9,10257,17.36,0.82,5.99,315.6,32568,,
TH2,62047,49.9069,-2.8955,2026-08-06 21:00:00,17.7,77.9,10257,17.37,0.49,4.85,49,45954,,
TH2,62045,49.9069,-2.8957,2026-08-06 20:00:00,17.6,82.4,10253,17.44,0.58,4.2,291.5,27458,,
TH2,62047,49.9069,-2.8957,2026-08-06 20:00:00,17.6,81.8,10254,17.46,0.49,4.85,49,38919,,
TH2,62045,49.9069,-2.8958,2026-08-06 19:00:00,17.8,76.9,10251,17.35,0.6,4.08,279.7,30546,,
TH2,62047,49.9069,-2.8958,2026-08-06 19:00:00,17.7,77.3,10252,17.37,0.49,4.85,49,27567,,
TH2,62045,49.9069,-2.8957,2026-08-06 18:00:00,18.3,71.4,10251,17.63,0.55,4.18,274,37275,,
TH2,62047,49.9069,-2.8957,2026-08-06 18:00:00,18,72.9,10253,17.64,0.49,4.85,49,59553,,
TH2,62045,49.9072,-2.8951,2026-08-06 17:00:00,18.5,68.2,10256,17.83,0.7,5.4,279.1,41184,,
TH2,62047,49.9072,-2.8951,2026-08-06 17:00:00,18.1,69.6,10258,17.84,0.49,4.85,49,19117,,
TH2,62045,49.9073,-2.8948,2026-08-06 16:00:00,17.9,66.2,10257,17.13,0.67,3.47,253.7,38715,,
TH2,62047,49.9073,-2.8948,2026-08-06 16:00:00,17.9,66.2,10257,17.25,0.49,4.85,49,66832,,
TH2,62045,49.9074,-2.8946,2026-08-06 15:00:00,17.7,66.2,10258,17.56,0.6,4.48,266.4,41515,,
TH2,62047,49.9074,-2.8946,2026-08-06 15:00:00,17.7,66.6,10259,17.67,0.49,4.85,49,67932,,
TH2,62045,49.9074,-2.8945,2026-08-06 14:00:00,17.3,66.7,10256,17.55,0.64,4.47,261.6,43692,,
TH2,62047,49.9074,-2.8945,2026-08-06 14:00:00,17.3,67,10258,17.67,0.49,4.85,49,62501,,
TH2,62045,49.9075,-2.8945,2026-08-06 13:00:00,16.9,66.9,10257,17.48,0.5,3.33,253,38496,,
TH2,62047,49.9074,-2.8945,2026-08-06 13:00:00,16.8,67.8,10258,17.62,0.49,4.85,49,55382,,
TH2,62045,49.9074,-2.8945,2026-08-06 12:00:00,16.6,67,10255,17.21,0.43,2.99,271.6,36130,,
TH2,62047,49.9074,-2.8945,2026-08-06 12:00:00,16.6,67.4,10256,17.25,0.49,4.85,49,54345,,
TH2,62045,49.9073,-2.8946,2026-08-06 11:00:00,16.5,67.3,10256,17.13,0.62,4.69,304.6,35164,,
TH2,62047,49.9073,-2.8946,2026-08-06 11:00:00,16.5,67.5,10257,17.13,0.49,4.85,49,46637,,
TH2,62045,49.9071,-2.8949,2026-08-06 10:00:00,16.5,68.6,10253,17.05,0.63,4.84,321.5,33892,,
TH2,62047,49.9071,-2.895,2026-08-06 10:00:00,16.6,68.3,10254,17.05,0.49,4.85,49,42202,,
TH2,62045,49.9069,-2.8953,2026-08-06 09:00:00,16.8,68.3,10249,16.99,0.81,5.34,323.4,36975,,
TH2,62047,49.9069,-2.8953,2026-08-06 09:00:00,16.8,68.4,10250,16.99,0.49,4.85,49,32899,,
TH2,62045,49.9069,-2.8956,2026-08-06 08:00:00,17,69.7,10247,16.93,0.85,6.37,330.5,16795,,
TH2,62047,49.9069,-2.8956,2026-08-06 08:00:00,16.7,71.1,10247,16.93,0.49,4.85,49,36457,,
TH2,62045,49.9069,-2.8957,2026-08-06 07:00:00,16.9,74.9,10242,16.9,0.92,7.25,334.8,22785,,
TH2,62047,49.9069,-2.8957,2026-08-06 07:00:00,16.5,75.9,10243,16.9,0.49,4.85,49,28141,,
TH2,62045,49.9069,-2.8958,2026-08-06 06:00:00,17,71.3,10237,16.87,0.83,6.57,330.8,26108,,
TH2,62047,49.9069,-2.8958,2026-08-06 06:00:00,16.8,71.6,10238,16.86,0.49,4.85,49,32377,,
TH2,62045,49.9071,-2.8954,2026-08-06 05:00:00,17,74,10232,16.86,0.87,6.42,328.7,27016,,
TH2,62047,49.9071,-2.8954,2026-08-06 05:00:00,17,73.4,10232,16.85,0.49,4.85,49,33741,,
TH2,62045,49.9073,-2.8948,2026-08-06 04:00:00,17.1,72.5,10227,16.84,0.85,6.05,318,28499,,
TH2,62047,49.9073,-2.8949,2026-08-06 04:00:00,17.1,71.8,10227,16.84,0.49,4.85,49,35076,,
TH2,62045,49.9074,-2.8944,2026-08-06 03:00:00,17.2,76.2,10222,16.9,0.99,6.47,288.9,22809,,
TH2,62047,49.9074,-2.8944,2026-08-06 03:00:00,17.2,76.4,10223,16.9,0.49,4.85,49,26275,,
TH2,62045,49.9075,-2.8943,2026-08-06 02:00:00,17.2,74.1,10220,16.87,0.94,7.19,292.2,24274,,
TH2,62047,49.9075,-2.8943,2026-08-06 02:00:00,17.2,74.3,10221,16.87,0.49,4.85,49,28283,,
TH2,62045,49.9076,-2.8943,2026-08-06 01:00:00,17.2,72.4,10217,17.05,1.03,8.26,293.7,23065,,
TH2,62047,49.9076,-2.8943,2026-08-06 01:00:00,17.2,72.8,10218,17.05,0.49,4.85,49,25394,,
TH2,62045,49.9076,-2.8942,2026-08-06 00:00:00,17.3,69.8,10216,17.03,1.07,8.92,295.1,24749,,
TH2,62047,49.9076,-2.8942,2026-08-06 00:00:00,17.2,70.2,10217,17.04,0.49,4.85,49,24247,,
TH2,62045,49.9075,-2.8943,2026-08-05 23:00:00,17.3,68.5,10214,17.09,1.04,8.54,301.8,25339,,
TH2,62047,49.9075,-2.8943,2026-08-05 23:00:00,17.3,69,10214,17.09,0.49,4.85,49,22869,,
TH2,62045,49.9073,-2.8948,2026-08-05 22:00:00,17.6,72.2,10210,17.07,1.07,8.48,287.1,21784,,
TH2,62047,49.9073,-2.8948,2026-08-05 22:00:00,17.6,72.6,10211,17.07,0.49,4.85,49,24204,,
TH2,62045,49.9071,-2.8952,2026-08-05 21:00:00,17.8,69.7,10209,17.04,0.95,6.78,285.5,22292,,
TH2,62047,49.9071,-2.8952,2026-08-05 21:00:00,17.8,69.6,10210,17.04,0.49,4.85,49,24619,,
TH2,62045,49.9069,-2.8958,2026-08-05 20:00:00,17.9,76.8,10206,17.09,0.77,5.25,280.5,20929,,
TH2,62047,49.9069,-2.8958,2026-08-05 20:00:00,17.9,76.7,10207,17.09,0.49,4.85,49,24649,,
TH2,62045,49.9069,-2.896,2026-08-05 19:00:00,18.1,77.4,10200,17.14,0.79,5.93,282.5,17802,,
TH2,62047,49.9069,-2.8959,2026-08-05 19:00:00,18,77.6,10202,17.14,0.49,4.85,49,14542,,
TH2,62045,49.9069,-2.896,2026-08-05 18:00:00,18.3,75.5,10196,17.26,0.9,6.39,274.5,16815,,
TH2,62047,49.9069,-2.896,2026-08-05 18:00:00,18.2,76.6,10198,17.26,0.49,4.85,49,16980,,
TH2,62045,49.9071,-2.8956,2026-08-05 17:00:00,18.6,73.7,10196,17.25,0.75,5.55,261,20962,,
TH2,62047,49.9071,-2.8956,2026-08-05 17:00:00,18.5,73.7,10022,17.25,0.49,4.85,49,21956,,
TH2,62045,49.9073,-2.8951,2026-08-05 16:00:00,18.6,73.2,10196,17.29,0.95,6.83,266.5,19484,,
TH2,62047,49.9073,-2.8951,2026-08-05 16:00:00,18.4,73.7,10197,17.3,0.49,4.85,49,18973,,
TH2,62045,49.9075,-2.8944,2026-08-05 15:00:00,18.4,72.4,10192,17.31,0.97,6.53,266.1,24341,,
TH2,62047,49.9075,-2.8944,2026-08-05 15:00:00,18.4,72.5,10193,17.32,0.49,4.85,49,27451,,
TH2,62045,49.9076,-2.8943,2026-08-05 14:00:00,18.4,68,10187,17.25,1.02,6.34,260.7,26297,,
TH2,62047,49.9076,-2.8943,2026-08-05 14:00:00,18.4,68.5,10188,17.25,0.49,4.85,49,33238,,
TH2,62045,49.9077,-2.8942,2026-08-05 13:00:00,18.2,74.6,10183,17.13,1.1,6.08,251.6,21933,,
TH2,62047,49.9077,-2.8942,2026-08-05 13:00:00,18.1,74.7,10184,17.13,0.49,4.85,49,28387,,
TH2,62045,49.9077,-2.8942,2026-08-05 12:00:00,17.8,77.2,10180,17.11,0.93,6.37,254.8,23228,,
TH2,62047,49.9077,-2.8942,2026-08-05 12:00:00,17.8,77.2,10181,17.11,0.49,4.85,49,29740,,
TH2,62045,49.9077,-2.8942,2026-08-05 11:00:00,17.7,77.9,10175,17.06,1,7.07,262.7,23620,,
TH2,62047,49.9077,-2.8942,2026-08-05 11:00:00,17.7,77.9,10176,17.06,0.49,4.85,49,29699,,
TH2,62045,49.9074,-2.8949,2026-08-05 10:00:00,17.5,81,10170,17.03,0.94,5.66,263,20249,,
TH2,62047,49.9074,-2.895,2026-08-05 10:00:00,17.5,81,10171,17.03,0.49,4.85,49,23230,,
TH2,62045,49.9072,-2.8955,2026-08-05 09:00:00,17.5,79.8,10162,16.96,1.05,6.81,275.5,18498,,
TH2,62047,49.9072,-2.8955,2026-08-05 09:00:00,17.5,80.2,10163,16.96,0.49,4.85,49,21821,,
TH2,62045,49.907,-2.896,2026-08-05 08:00:00,17.8,79.2,10157,16.93,1.08,7.7,282.9,20787,,
TH2,62047,49.907,-2.896,2026-08-05 08:00:00,17.8,79.3,10158,16.93,0.49,4.85,49,24317,,
TH2,62045,49.9069,-2.8964,2026-08-05 07:00:00,17.7,84.8,10152,16.9,1.08,7.76,288.8,13090,,
TH2,62047,49.9069,-2.8964,2026-08-05 07:00:00,17.6,84.7,10153,16.9,0.49,4.85,49,14469,,
TH2,62045,49.9069,-2.8966,2026-08-05 06:00:00,17.9,84.3,10141,16.94,1.19,8.65,280.9,13667,,
TH2,62047,49.9069,-2.8966,2026-08-05 06:00:00,17.9,84.1,10141,16.94,0.49,4.85,49,13919,,
TH2,62045,49.9071,-2.8965,2026-08-05 05:00:00,18.3,84.7,10134,16.89,0.95,4.62,257.1,10876,,
TH2,62047,49.9071,-2.8965,2026-08-05 05:00:00,18.3,84.6,10135,16.89,0.49,4.85,49,12446,,
TH2,62045,49.9073,-2.8957,2026-08-05 04:00:00,18.3,87.2,10134,16.94,0.66,3.7,260.6,14425,,
TH2,62047,49.9073,-2.8957,2026-08-05 04:00:00,18.3,87,10135,16.94,0.49,4.85,49,16564,,
TH2,62045,49.9076,-2.8949,2026-08-05 03:00:00,18,92.7,10132,17.06,0.94,6.8,254.8,19019,,
TH2,62047,49.9076,-2.8949,2026-08-05 03:00:00,18.1,91.8,10132,17.05,0.49,4.85,49,24101,,
TH2,62045,49.9078,-2.8944,2026-08-05 02:00:00,17.6,94.3,10130,17.01,1.07,6.97,253.1,6906,,
TH2,62047,49.9078,-2.8945,2026-08-05 02:00:00,17.7,93.6,10130,17.02,0.49,4.85,49,5360,,
TH2,62045,49.9079,-2.8943,2026-08-05 01:00:00,18.4,92.5,10127,16.98,1.02,4.43,235.1,10032,,
TH2,62047,49.9079,-2.8943,2026-08-05 01:00:00,18.4,92.2,10127,16.98,0.49,4.85,49,11394,,
TH2,62045,49.9079,-2.8943,2026-08-05 00:00:00,18.5,91.1,10127,17.24,0.98,4.68,243.3,10426,,
TH2,62047,49.9079,-2.8943,2026-08-05 00:00:00,18.5,90.9,10128,17.23,0.49,4.85,49,12524,,
TH2,62045,49.9079,-2.8944,2026-08-04 23:00:00,18.5,90.8,10126,17.25,0.77,4.44,242.3,10684,,
TH2,62047,49.9079,-2.8944,2026-08-04 23:00:00,18.5,90.6,10127,17.25,0.49,4.85,49,14243,,
TH2,62045,49.9077,-2.8947,2026-08-04 22:00:00,18.5,93.6,10124,17.17,0.89,4.5,240.3,8928,,
TH2,62047,49.9077,-2.8947,2026-08-04 22:00:00,18.4,93.3,10125,17.17,0.49,4.85,49,10521,,
TH2,62045,49.9074,-2.8956,2026-08-04 21:00:00,18.6,91.5,10123,17.09,1,5.06,238.9,11762,,
TH2,62047,49.9074,-2.8957,2026-08-04 21:00:00,18.6,91.3,10124,17.09,0.49,4.85,49,13297,,
TH2,62045,49.9072,-2.8962,2026-08-04 20:00:00,18.4,91.5,10122,17.04,1.04,7.22,230.7,11829,,
TH2,62047,49.9072,-2.8962,2026-08-04 20:00:00,18.4,91.4,10122,17.04,0.49,4.85,49,13241,,
TH2,62045,49.907,-2.8967,2026-08-04 19:00:00,18.6,91.6,10119,17.1,0.96,7.24,248.1,10313,,
TH2,62047,49.907,-2.8967,2026-08-04 19:00:00,18.6,91.2,10121,17.1,0.49,4.85,49,11436,,
TH2,62045,49.907,-2.8969,2026-08-04 18:00:00,18.8,92.1,10117,17.13,0.81,5.94,235.7,12344,,
TH2,62047,49.907,-2.8969,2026-08-04 18:00:00,19.2,89.9,10118,17.13,0.49,4.85,49,12873,,
TH2,62045,49.907,-2.897,2026-08-04 17:00:00,19,91.9,10114,17.06,0.73,5.16,226.6,13720,,
TH2,62047,49.907,-2.897,2026-08-04 17:00:00,19.4,89.3,10115,17.06,0.49,4.85,49,13108,,
TH2,62045,49.9073,-2.8963,2026-08-04 16:00:00,19.2,91.1,10115,17.25,0.8,5.89,241.3,16363,,
TH2,62047,49.9073,-2.8963,2026-08-04 16:00:00,19.7,88.5,10115,17.25,0.49,4.85,49,18374,,
TH2,62045,49.9075,-2.8956,2026-08-04 15:00:00,19.4,90.7,10115,17.95,0.72,5.14,220.7,20509,,
TH2,62047,49.9075,-2.8956,2026-08-04 15:00:00,19.6,90.1,10116,17.95,0.49,4.85,49,23444,,
TH2,62045,49.9077,-2.8951,2026-08-04 14:00:00,19.1,94.4,10115,18.04,0.92,5.39,219,18782,,
TH2,62047,49.9077,-2.8951,2026-08-04 14:00:00,19,94.3,10116,18.05,0.49,4.85,49,17868,,
TH2,62045,49.9077,-2.8949,2026-08-04 13:00:00,18.8,95.2,10112,17.87,0.81,3.14,226.7,14735,,
TH2,62047,49.9077,-2.8949,2026-08-04 13:00:00,18.8,95.1,10113,17.87,0.49,4.85,49,15863,,
TH2,62045,49.9077,-2.8948,2026-08-04 12:00:00,18.6,96.3,10110,17.6,0.84,4.07,214.6,12778,,
TH2,62047,49.9077,-2.8949,2026-08-04 12:00:00,18.6,96.3,10110,17.63,0.49,4.85,49,11644,,
TH2,62045,49.9077,-2.8949,2026-08-04 11:00:00,18.3,97.3,10107,16.81,0.75,2.76,225.5,10668,,
TH2,62047,49.9077,-2.8949,2026-08-04 11:00:00,18.3,97.1,10108,16.81,0.49,4.85,49,10246,,
TH2,62045,49.9075,-2.8955,2026-08-04 10:00:00,18.1,97.1,10105,16.92,0.78,4.03,209.6,9982,,
TH2,62047,49.9074,-2.8955,2026-08-04 10:00:00,18.1,96.9,10105,16.93,0.49,4.85,49,9311,,
TH2,62045,49.9073,-2.8959,2026-08-04 09:00:00,18.2,96.6,10100,16.91,0.76,3.13,212.6,10054,,
TH2,62047,49.9073,-2.8959,2026-08-04 09:00:00,18.2,96.1,10101,16.91,0.49,4.85,49,9292,,
TH2,62045,49.907,-2.8966,2026-08-04 08:00:00,18.5,94.1,10098,16.93,0.7,4.15,216.3,15287,,
TH2,62047,49.907,-2.8966,2026-08-04 08:00:00,18.4,93.7,10098,16.94,0.49,4.85,49,16459,,
TH2,62045,49.9069,-2.8971,2026-08-04 07:00:00,18.4,96,10095,16.92,0.63,4.46,233.4,13209,,
TH2,62047,49.9069,-2.8971,2026-08-04 07:00:00,18.5,95.4,10095,16.91,0.49,4.85,49,14179,,
TH2,62045,49.9068,-2.8973,2026-08-04 06:00:00,18.5,95.9,10095,16.86,0.51,3.88,213.5,13474,,
TH2,62047,49.9068,-2.8973,2026-08-04 06:00:00,18.6,94.9,10096,16.86,0.49,4.85,49,14715,,
TH2,62045,49.9068,-2.8974,2026-08-04 05:00:00,18.5,94.5,10097,17,0.43,3.51,190.6,17895,,
TH2,62047,49.9068,-2.8974,2026-08-04 05:00:00,18.5,94.6,10097,17.03,0.49,4.85,49,17596,,
TH2,62045,49.9069,-2.8971,2026-08-04 04:00:00,18.6,95.2,10098,17.62,0.4,3.24,193.7,15791,,
TH2,62047,49.9069,-2.8971,2026-08-04 04:00:00,18.6,95,10099,17.65,0.49,4.85,49,16774,,
TH2,62045,49.9072,-2.8965,2026-08-04 03:00:00,18.8,94,10098,17.96,0.39,2.96,231.8,17836,,
TH2,62047,49.9072,-2.8965,2026-08-04 03:00:00,18.7,93.8,10098,18.08,0.49,4.85,49,19622,,
TH2,62045,49.9073,-2.896,2026-08-04 02:00:00,18.9,91.1,10097,18.24,0.59,3.83,243.4,24781,,
TH2,62047,49.9073,-2.7034,2026-08-04 02:00:00,18.9,90.5,10097,18.42,0.49,4.85,49,33009,,
TH2,62045,49.9074,-2.8958,2026-08-04 01:00:00,19,88.3,10097,18.43,0.52,3.41,241,19384,,
TH2,62047,49.9074,-2.8958,2026-08-04 01:00:00,18.9,88.5,10098,18.64,0.49,4.85,49,25694,,
TH2,62045,49.9075,-2.8957,2026-08-04 00:00:00,18.8,93,10098,18.45,0.31,2.08,237.9,11162,,
TH2,62047,49.9075,-2.8957,2026-08-04 00:00:00,18.7,93.3,10099,18.74,0.49,4.85,49,15607,,
TH2,62045,49.9075,-2.8956,2026-08-03 23:00:00,18.9,97.7,10101,17.58,0.27,1.65,237.7,3011,,
TH2,62047,49.9075,-2.8956,2026-08-03 23:00:00,18.9,97.2,10102,17.74,0.49,4.85,49,3476,,
TH2,62045,49.9075,-2.8957,2026-08-03 22:00:00,18.5,97.4,10096,17.68,0.43,2.91,248.3,5406,,
TH2,62047,49.9075,-2.8957,2026-08-03 22:00:00,18.5,96.8,10097,17.89,0.49,4.85,49,6255,,
TH2,62045,49.9074,-2.8959,2026-08-03 21:00:00,18.5,96.8,10093,17.63,0.43,3.13,257.1,6932,,
TH2,62047,49.9074,-2.8959,2026-08-03 21:00:00,18.5,96.1,10094,17.61,0.49,4.85,49,8156,,
TH2,62045,49.9071,-2.8966,2026-08-03 20:00:00,18.5,96.3,10092,17.68,0.43,2.9,257.3,6650,,
TH2,62047,49.9071,-2.8966,2026-08-03 20:00:00,18.5,95.3,10092,17.8,0.49,4.85,49,8002,,
TH2,62045,49.9069,-2.897,2026-08-03 19:00:00,18.7,95,10093,17.71,0.36,2.33,248.1,7130,,
TH2,62047,49.9069,-2.897,2026-08-03 19:00:00,18.8,93.5,10094,17.88,0.49,4.85,49,7986,,
TH2,62045,49.9068,-2.8973,2026-08-03 18:00:00,19.3,93.1,10092,17.36,0.2,1.34,132.6,9739,,
TH2,62047,49.9068,-2.8973,2026-08-03 18:00:00,19.4,92.2,10093,17.51,0.49,4.85,49,14198,,
TH2,62045,49.9068,-2.8974,2026-08-03 17:00:00,19.4,91.2,10093,17.75,0.23,1.1,41.7,16666,,
TH2,62047,49.9068,-2.8974,2026-08-03 17:00:00,19.3,90.9,10093,17.78,0.49,4.85,49,13061,,
TH2,62045,49.9068,-2.8974,2026-08-03 16:00:00,21.2,82.1,10099,18.07,0.15,0.57,359.7,19203,,
TH2,62047,49.9068,-2.8974,2026-08-03 16:00:00,20.7,83.7,10100,18.07,0.49,4.85,49,12965,,
TH2,62045,49.907,-2.8968,2026-08-03 15:00:00,19,92.3,10103,18.13,0.15,0.73,21.1,16418,,
TH2,62047,49.907,-2.8968,2026-08-03 15:00:00,18.9,92.2,10103,18.54,0.49,4.85,49,11522,,
TH2,62045,49.9073,-2.8962,2026-08-03 14:00:00,18.6,94,10105,17.67,0.32,1.55,22.8,13771,,
TH2,62047,49.9073,-2.8962,2026-08-03 14:00:00,18.5,93.2,10105,18.18,0.49,4.85,49,9061,,
TH2,62045,49.9074,-2.896,2026-08-03 13:00:00,18.2,94.8,10105,17.36,0.3,2.04,9.7,7591,,
TH2,62047,49.9074,-2.896,2026-08-03 13:00:00,18.5,92,10106,17.3,0.49,4.85,49,8271,,
TH2,62045,49.9074,-2.8958,2026-08-03 12:00:00,17.9,95.3,10104,17.25,0.22,1.02,18.6,6935,,
TH2,62047,49.9074,-2.8958,2026-08-03 12:00:00,18.9,89.9,10105,17.3,0.49,4.85,49,10308,,
TH2,62045,49.9074,-2.8957,2026-08-03 11:00:00,17.7,95.7,10102,17.01,0.33,2.04,60.9,6906,,
TH2,62047,49.9074,-2.8957,2026-08-03 11:00:00,18.4,91.6,10103,17.06,0.49,4.85,49,9653,,
TH2,62045,49.9074,-2.8957,2026-08-03 10:00:00,17.6,95.3,10100,16.95,0.34,2.05,48.1,6616,,
TH2,62047,49.9074,-2.8957,2026-08-03 10:00:00,18.5,90.6,10101,16.99,0.49,4.85,49,10220,,
TH2,62045,49.9073,-2.8958,2026-08-03 09:00:00,17.7,94.2,10098,16.91,0.39,2.53,57.1,7457,,
TH2,62047,49.9073,-2.8958,2026-08-03 09:00:00,18.3,90.8,10099,16.92,0.49,4.85,49,10518,,
TH2,62045,49.9071,-2.8963,2026-08-03 08:00:00,17.7,93.6,10099,16.85,0.5,3.48,56.4,7996,,
TH2,62047,49.9071,-2.8963,2026-08-03 08:00:00,18,92.2,10099,16.84,0.49,4.85,49,10579,,
TH2,62045,49.9069,-2.8969,2026-08-03 07:00:00,17.5,93.9,10099,16.87,0.59,4.2,45.9,8880,,
TH2,62047,49.9069,-2.8969,2026-08-03 07:00:00,17.5,93.6,10100,16.87,0.49,4.85,49,9815,,
TH2,62045,49.9068,-2.8972,2026-08-03 06:00:00,17.3,93.7,10100,16.84,0.35,2.01,50.7,9574,,
TH2,62047,49.9068,-2.8972,2026-08-03 06:00:00,17.3,93.4,10101,16.84,0.49,4.85,49,9884,,
TH2,62045,49.9068,-2.8974,2026-08-03 05:00:00,17.1,93.9,10100,16.74,0.41,2.26,27.9,9020,,
TH2,62047,49.9068,-2.8973,2026-08-03 05:00:00,17.1,93.5,10101,16.74,0.49,4.85,49,10510,,
TH2,62045,49.9068,-2.8974,2026-08-03 04:00:00,17.1,92.2,10104,16.69,0.42,3.58,16.4,10504,,
TH2,62047,49.9068,-2.8974,2026-08-03 04:00:00,17.1,91.6,10104,16.69,0.49,4.85,49,12505,,
TH2,62045,49.9071,-2.8968,2026-08-03 03:00:00,17.4,89.4,10105,16.65,0.21,1.34,64.4,14442,,
TH2,62047,49.9071,-2.8968,2026-08-03 03:00:00,17.4,89.3,10106,16.64,0.49,4.85,49,16718,,
TH2,62045,49.9073,-2.8962,2026-08-03 02:00:00,17.6,88.1,10107,17.01,0.38,3.13,59.6,17181,,
TH2,62047,49.9073,-2.8962,2026-08-03 02:00:00,17.5,87.9,10107,17.01,0.49,4.85,49,19005,,
TH2,62045,49.9074,-2.8958,2026-08-03 01:00:00,17.7,87,10110,17,0.42,3.48,85.6,19882,,
TH2,62047,49.9074,-2.8958,2026-08-03 01:00:00,17.8,85.9,10111,16.99,0.49,4.85,49,22173,,
TH2,62045,49.9075,-2.8956,2026-08-03 00:00:00,17.5,88.1,10113,16.97,0.32,2.5,114.2,20832,,
TH2,62047,49.9075,-2.8956,2026-08-03 00:00:00,17.8,86,10114,16.99,0.49,4.85,49,25720,,
TH2,62045,49.9075,-2.8955,2026-08-02 23:00:00,17.6,88.7,10116,16.84,0.33,2.71,114.6,18369,,
TH2,62047,49.9075,-2.8955,2026-08-02 23:00:00,17.8,87.1,10117,16.86,0.49,4.85,49,21640,,
TH2,62045,49.9075,-2.8954,2026-08-02 22:00:00,17.6,89.3,10119,17.03,0.36,2.87,114,16346,,
TH2,62047,49.9075,-2.8954,2026-08-02 22:00:00,17.8,87.8,10120,17.03,0.49,4.85,49,19482,,
TH2,62045,49.9074,-2.8956,2026-08-02 21:00:00,17.6,89.5,10121,17,0.43,3.51,105.4,15350,,
TH2,62047,49.9074,-2.8956,2026-08-02 21:00:00,17.7,88.3,10122,17.01,0.49,4.85,49,16858,,
TH2,62045,49.9072,-2.8961,2026-08-02 20:00:00,17.5,91.3,10122,17.07,0.43,3.49,80.9,11891,,
TH2,62047,49.9072,-2.8961,2026-08-02 20:00:00,17.5,91,10123,17.07,0.49,4.85,49,12755,,
TH2,62045,49.9069,-2.8968,2026-08-02 19:00:00,17.5,92.6,10124,17.03,0.4,3.3,58,11893,,
TH2,62047,49.9069,-2.8968,2026-08-02 19:00:00,17.4,92.7,10125,17.03,0.49,4.85,49,11552,,
TH2,62045,49.9068,-2.8971,2026-08-02 18:00:00,17.5,92.3,10129,17.1,0.28,2.07,54.2,16209,,
TH2,62047,49.9068,-2.8971,2026-08-02 18:00:00,17.5,92,10130,17.1,0.49,4.85,49,15791,,
TH2,62045,49.9068,-2.8973,2026-08-02 17:00:00,17.7,92,10132,17.2,0.32,1.75,64.4,18498,,
TH2,62047,49.9068,-2.8973,2026-08-02 17:00:00,17.7,91.8,10133,17.19,0.49,4.85,49,19358,,
TH2,62045,49.9067,-2.8974,2026-08-02 16:00:00,17.8,91.5,10139,17.29,0.47,3.4,69.7,19433,,
TH2,62047,49.9068,-2.8974,2026-08-02 16:00:00,17.8,91.1,10139,17.35,0.49,4.85,49,21424,,
TH2,62045,49.9069,-2.8971,2026-08-02 15:00:00,17.9,88.8,10146,17.24,0.5,3.6,72.5,23864,,
TH2,62047,49.9069,-2.897,2026-08-02 15:00:00,17.9,88.5,10146,17.25,0.49,4.85,49,28812,,
TH2,62045,49.9071,-2.8965,2026-08-02 14:00:00,17.7,90.3,10150,17.37,0.43,3.12,58.9,26661,,
TH2,62047,49.9071,-2.8965,2026-08-02 14:00:00,17.7,90.1,10151,17.41,0.49,4.85,49,24067,,
TH2,62045,49.9072,-2.896,2026-08-02 13:00:00,18,88.5,10155,17.38,0.58,4.02,57.7,26451,,
TH2,62047,49.9072,-2.8961,2026-08-02 13:00:00,17.6,89.7,10156,17.39,0.49,4.85,49,27517,,
TH2,62045,49.9073,-2.8958,2026-08-02 12:00:00,17.5,89.8,10155,17.15,0.37,2.78,57,25799,,
TH2,62047,49.9073,-2.8958,2026-08-02 12:00:00,17.8,87.7,10157,17.18,0.49,4.85,49,31132,,
TH2,62045,49.9074,-2.8956,2026-08-02 11:00:00,17.4,89.9,10160,16.99,0.35,2.78,77.4,24414,,
TH2,62047,49.9074,-2.8957,2026-08-02 11:00:00,17.7,87.9,10162,17.02,0.49,4.85,49,28286,,
TH2,62045,49.9074,-2.8956,2026-08-02 10:00:00,17.4,89.1,10161,16.85,0.3,2.3,62.5,25939,,
TH2,62047,49.9074,-2.8956,2026-08-02 10:00:00,18,85,10162,16.92,0.49,4.85,49,28136,,
TH2,62045,49.9073,-2.8956,2026-08-02 09:00:00,17.4,87.8,10160,16.8,0.3,2.17,71.2,26873,,
TH2,62047,49.9073,-2.8956,2026-08-02 09:00:00,18,84.4,10161,16.81,0.49,4.85,49,32553,,
TH2,62045,49.9072,-2.8959,2026-08-02 08:00:00,17.3,84.7,10163,16.78,0.35,2.42,53.6,30491,,
TH2,62047,49.9072,-2.8959,2026-08-02 08:00:00,17.9,81.9,10164,16.78,0.49,4.85,49,42230,,
TH2,62045,49.9069,-2.8965,2026-08-02 07:00:00,17.3,85.1,10163,16.83,0.44,3.06,56.1,31159,,
TH2,62047,49.9069,-2.8965,2026-08-02 07:00:00,17.7,83,10164,16.82,0.49,4.85,49,41234,,
TH2,62045,49.9068,-2.897,2026-08-02 06:00:00,17.1,87.5,10166,16.84,0.42,3.11,44.5,12695,,
TH2,62047,49.9068,-2.897,2026-08-02 06:00:00,17.2,87.1,10167,16.83,0.49,4.85,49,35357,,
TH2,62045,49.9067,-2.8972,2026-08-02 05:00:00,16.8,87.2,10168,16.76,0.44,2.59,20.1,29236,,
TH2,62047,49.9067,-2.8972,2026-08-02 05:00:00,16.8,87,10169,16.76,0.49,4.85,49,37260,,
TH2,62045,49.9067,-2.8973,2026-08-02 04:00:00,16.8,83.5,10174,16.76,0.58,4.4,22.1,31181,,
TH2,62047,49.9067,-2.8973,2026-08-02 04:00:00,16.8,83.5,10175,16.76,0.49,4.85,49,41400,,
TH2,62045,49.9067,-2.8974,2026-08-02 03:00:00,17,80.7,10180,16.82,0.53,3.98,24.8,36976,,
TH2,62047,49.9068,-2.8974,2026-08-02 03:00:00,17,80.5,10181,16.82,0.49,4.85,49,50941,,
TH2,62045,49.907,-2.8968,2026-08-02 02:00:00,17.1,85.3,10184,17.03,0.51,3.32,23.9,31250,,
TH2,62047,49.907,-2.8968,2026-08-02 02:00:00,17.1,85.1,10185,17.04,0.49,4.85,49,40863,,
TH2,62045,49.9072,-2.8961,2026-08-02 01:00:00,17.3,86.5,10190,17.24,0.53,2.51,20.4,28553,,
TH2,62047,49.9072,-2.8961,2026-08-02 01:00:00,17.3,86.3,10191,17.24,0.49,4.85,49,35731,,
TH2,62045,49.9073,-2.8957,2026-08-02 00:00:00,17.5,83.4,10192,17.27,0.66,4.63,359.9,27904,,
TH2,62047,49.9073,-2.8957,2026-08-02 00:00:00,17.4,83.5,10193,17.27,0.49,4.85,49,31560,,
TH2,62045,49.9074,-2.8955,2026-08-01 23:00:00,17.8,75.5,10192,17.15,0.82,6.75,341.6,33468,,
TH2,62047,49.9074,-2.8956,2026-08-01 23:00:00,17.8,75.5,10192,17.15,0.49,4.85,49,35587,,
TH2,62045,49.9075,-2.8956,2026-08-01 22:00:00,18,73.1,10191,17.35,0.72,5.79,345.4,36606,,
TH2,62047,49.9075,-2.8956,2026-08-01 22:00:00,18,73.5,10192,17.36,0.49,4.85,49,38133,,
TH2,62045,49.9074,-2.8955,2026-08-01 21:00:00,17.8,80,10191,17.06,0.4,3.38,297.3,38154,,
TH2,62047,49.9074,-2.8956,2026-08-01 21:00:00,17.7,80.5,10192,17.06,0.49,4.85,49,47062,,
TH2,62045,49.9073,-2.8957,2026-08-01 20:00:00,17.7,82.5,10193,16.92,0.5,4.25,288.2,33873,,
TH2,62047,49.9073,-2.8957,2026-08-01 20:00:00,17.6,82.6,10193,16.91,0.49,4.85,49,40720,,
TH2,62045,49.907,-2.8962,2026-08-01 19:00:00,17.8,81.5,10193,17.06,0.76,6.29,297.8,35259,,
TH2,62047,49.907,-2.8962,2026-08-01 19:00:00,17.8,81.6,10193,17.06,0.49,4.85,49,41889,,
TH2,62045,49.9068,-2.8967,2026-08-01 18:00:00,17.7,81.9,10200,17.02,0.72,6.1,294,38254,,
TH2,62047,49.9068,-2.8967,2026-08-01 18:00:00,17.6,82,10200,17.03,0.49,4.85,49,49047,,
TH2,62045,49.9067,-2.8971,2026-08-01 17:00:00,17.8,79.9,10202,17.06,0.59,4.69,299.9,40666,,
TH2,62047,49.9067,-2.8971,2026-08-01 17:00:00,17.6,80.7,10203,17.06,0.49,4.85,49,51639,,
TH2,62045,49.9067,-2.8973,2026-08-01 16:00:00,18.2,74.8,10208,17.11,0.64,4.9,302.8,43612,,
TH2,62047,49.9067,-2.8972,2026-08-01 16:00:00,17.8,75.8,10209,17.1,0.49,4.85,49,57320,,
TH2,62045,49.9067,-2.8973,2026-08-01 15:00:00,18.5,69.1,10213,17.35,0.63,5.39,289,47254,,
TH2,62047,49.9067,-2.8973,2026-08-01 15:00:00,18,71.1,10215,17.39,0.49,4.85,49,50602,,
TH2,62045,49.907,-2.8967,2026-08-01 14:00:00,18.5,68,10214,17.53,0.47,3.89,283.2,48913,,
TH2,62047,49.907,-2.8967,2026-08-01 14:00:00,17.9,70.5,10216,17.56,0.49,4.85,49,63406,,
TH2,62045,49.9072,-2.896,2026-08-01 13:00:00,17.9,70.4,10217,17.63,0.54,4.6,290.2,51458,,
TH2,62047,49.9072,-2.896,2026-08-01 13:00:00,17.5,72.2,10217,17.68,0.49,4.85,49,62630,,
TH2,62045,49.9074,-2.8956,2026-08-01 12:00:00,17.3,74.2,10216,17.51,0.56,4.37,287.7,45428,,
TH2,62047,49.9073,-2.8956,2026-08-01 12:00:00,17.3,74.4,10217,17.58,0.49,4.85,49,62912,,
TH2,62045,49.9074,-2.8955,2026-08-01 11:00:00,17.1,72.9,10215,17.24,0.53,4.36,292.5,47653,,
TH2,62047,49.9074,-2.8955,2026-08-01 11:00:00,17.1,73.1,10216,17.28,0.49,4.85,49,66435,,
TH2,62045,49.9075,-2.8955,2026-08-01 10:00:00,16.9,75,10214,17.14,0.39,3.19,301.9,48188,,
TH2,62047,49.9075,-2.8955,2026-08-01 10:00:00,17,74.8,10215,17.17,0.49,4.85,49,70922,,
TH2,62045,49.9075,-2.8954,2026-08-01 09:00:00,16.8,78.1,10213,16.96,0.41,3.04,322.6,47569,,
TH2,62047,49.9075,-2.8954,2026-08-01 09:00:00,16.9,77.3,10214,16.98,0.49,4.85,49,25666,,
TH2,62045,49.9072,-2.8956,2026-08-01 08:00:00,16.7,79.3,10212,16.67,0.42,3.5,329.1,41354,,
TH2,62047,49.9072,-2.8956,2026-08-01 08:00:00,16.8,79.1,10213,16.68,0.49,4.85,49,43852,,
TH2,62045,49.907,-2.896,2026-08-01 07:00:00,16.6,78.6,10211,16.78,0.61,4.96,324.8,42540,,
TH2,62047,49.907,-2.896,2026-08-01 07:00:00,16.6,78.8,10212,16.77,0.49,4.85,49,48293,,
TH2,62045,49.9068,-2.8967,2026-08-01 06:00:00,16.8,78.8,10208,16.83,0.7,4.63,334.6,39218,,
TH2,62047,49.9067,-2.8967,2026-08-01 06:00:00,16.8,78.9,10209,16.83,0.49,4.85,49,52167,,
TH2,62045,49.9067,-2.897,2026-08-01 05:00:00,16.6,79.3,10206,16.79,0.72,5.91,340.9,39301,,
TH2,62047,49.9067,-2.897,2026-08-01 05:00:00,16.6,79.1,10206,16.8,0.49,4.85,49,50677,,
TH2,62045,49.9067,-2.8972,2026-08-01 04:00:00,16.7,79.1,10205,16.7,0.77,5.87,345.1,36991,,
TH2,62047,49.9067,-2.8973,2026-08-01 04:00:00,16.7,79.6,10206,16.71,0.49,4.85,49,34623,,
TH2,62045,49.9067,-2.8973,2026-08-01 03:00:00,17,75,10209,17.21,0.9,7.39,338.1,36395,,
TH2,62047,49.9067,-2.8973,2026-08-01 03:00:00,16.9,75.6,10209,17.21,0.49,4.85,49,29693,,
TH2,62045,49.9067,-2.8973,2026-08-01 02:00:00,17.1,71.6,10211,17.17,1,8.22,340.6,41212,,
TH2,62047,49.9067,-2.8973,2026-08-01 02:00:00,17.1,71.9,10212,17.17,0.49,4.85,49,34228,,
TH2,62045,49.9068,-2.8967,2026-08-01 01:00:00,17.1,72.1,10209,17.62,1.06,8.08,343.5,38451,,
TH2,62047,49.9068,-2.8967,2026-08-01 01:00:00,17.2,72.5,10210,17.61,0.49,4.85,49,41555,,
TH2,62045,49.9071,-2.8959,2026-08-01 00:00:00,17.3,68.6,10206,17.73,1.25,8.59,336.3,37275,,
TH2,62047,49.9071,-2.8959,2026-08-01 00:00:00,17.2,68.9,10207,17.73,0.49,4.85,49,43267,,
TH2,62045,49.9073,-2.8956,2026-07-31 23:00:00,17.7,65.9,10203,17.8,1.07,8.41,331.4,35237,,
TH2,62047,49.9073,-2.8956,2026-07-31 23:00:00,17.7,66.5,10204,17.8,0.49,4.85,49,39937,,
TH2,62045,49.9074,-2.8955,2026-07-31 22:00:00,18.2,58.3,10201,17.68,1.14,9.27,327.2,39526,,
TH2,62047,49.9074,-2.8955,2026-07-31 22:00:00,18.1,58.9,10202,17.69,0.49,4.85,49,42710,,
TH2,62045,49.9074,-2.8955,2026-07-31 21:00:00,18.7,64.5,10199,17.96,0.81,6.81,324.3,41184,,
TH2,62047,49.9074,-2.8955,2026-07-31 21:00:00,18.7,65,10200,17.96,0.49,4.85,49,47297,,
TH2,62045,49.9074,-2.8956,2026-07-31 20:00:00,18.7,66.2,10195,17.66,0.58,4.45,310.6,42228,,
TH2,62047,49.9074,-2.8956,2026-07-31 20:00:00,18.6,67.2,10196,17.67,0.49,4.85,49,45235,,
TH2,62045,49.9072,-2.8958,2026-07-31 19:00:00,18.4,75.3,10192,17.24,0.62,4.69,264.2,13549,,
TH2,62047,49.9072,-2.8958,2026-07-31 19:00:00,18.4,75.3,10193,17.24,0.49,4.85,49,34907,,
TH2,62045,49.9069,-2.8965,2026-07-31 18:00:00,18.4,71.8,10192,17.26,0.78,6.46,264.4,11608,,
TH2,62047,49.9069,-2.8965,2026-07-31 18:00:00,18.4,72.2,10193,17.27,0.49,4.85,49,32409,,
TH2,62045,49.9068,-2.897,2026-07-31 17:00:00,18.8,68.7,10196,17.31,0.65,5.42,289.9,30395,,
TH2,62047,49.9068,-2.897,2026-07-31 17:00:00,18.4,70,10198,17.32,0.49,4.85,49,30777,,
TH2,62045,49.9067,-2.8972,2026-07-31 16:00:00,19,62.3,10200,17.38,0.67,5.37,293.9,34007,,
TH2,62047,49.9067,-2.8972,2026-07-31 16:00:00,18.5,64,10202,17.38,0.49,4.85,49,43456,,
TH2,62045,49.9067,-2.8973,2026-07-31 15:00:00,18.9,64.6,10204,18.07,0.62,4.89,292.7,32192,,
TH2,62047,49.9067,-2.8973,2026-07-31 15:00:00,18.3,66.7,10206,18.1,0.49,4.85,49,35228,,
TH2,62045,49.9069,-2.897,2026-07-31 14:00:00,18.6,71.8,10206,17.74,0.5,3.93,292.9,34601,,
TH2,62047,49.9069,-2.897,2026-07-31 14:00:00,18,74.4,10207,17.78,0.49,4.85,49,37013,,
TH2,62045,49.907,-2.8965,2026-07-31 13:00:00,18.4,66,10207,17.95,0.47,3.73,304.5,49362,,
TH2,62047,49.907,-2.8965,2026-07-31 13:00:00,17.8,68.3,10207,17.96,0.49,4.85,49,75000,,
TH2,62045,49.9072,-2.896,2026-07-31 12:00:00,17.6,63.2,10206,17.78,0.43,2.44,323.8,52404,,
TH2,62047,49.9072,-2.896,2026-07-31 12:00:00,17.6,63.6,10207,17.83,0.49,4.85,49,75000,,
TH2,62045,49.9074,-2.8956,2026-07-31 11:00:00,17.2,71,10204,17.6,0.54,4.01,324.7,48854,,
TH2,62047,49.9073,-2.8956,2026-07-31 11:00:00,17.4,70.8,10204,17.61,0.49,4.85,49,72317,,
TH2,62045,49.9074,-2.8956,2026-07-31 10:00:00,17.2,64.3,10201,17.31,0.53,4.37,339.6,52099,,
TH2,62047,49.9074,-2.8956,2026-07-31 10:00:00,17.5,64,10202,17.31,0.49,4.85,49,75000,,
TH2,62045,49.9075,-2.8956,2026-07-31 09:00:00,17.1,71.6,10199,17.58,0.6,4.9,336.7,50647,,
TH2,62047,49.9075,-2.8956,2026-07-31 09:00:00,17.4,70.6,10200,17.58,0.49,4.85,49,36425,,
TH2,62045,49.9074,-2.8956,2026-07-31 08:00:00,17,73.7,10193,17.28,0.76,5.79,340.6,46400,,
TH2,62047,49.9074,-2.8956,2026-07-31 08:00:00,17.1,73.3,10194,17.28,0.49,4.85,49,26558,,
TH2,62045,49.9072,-2.8958,2026-07-31 07:00:00,17,75.8,10192,17.01,0.81,6.37,336.3,43798,,
TH2,62047,49.9072,-2.8958,2026-07-31 07:00:00,17.1,75.5,10193,17.01,0.49,4.85,49,45539,,
TH2,62045,49.9069,-2.8964,2026-07-31 06:00:00,17.3,70.6,10191,17.04,0.95,6.73,342.4,45744,,
TH2,62047,49.9068,-2.8964,2026-07-31 06:00:00,17.4,70.5,10191,17.04,0.49,4.85,49,51053,,
TH2,62045,49.9067,-2.897,2026-07-31 05:00:00,17.4,68.3,10188,17.05,1.08,7.71,354.3,43132,,
TH2,62047,49.9067,-2.897,2026-07-31 05:00:00,17.4,68.4,10188,17.05,0.49,4.85,49,49483,,
TH2,62045,49.9066,-2.8972,2026-07-31 04:00:00,17.3,73.6,10187,17.15,1.18,9.75,355.7,28805,,
TH2,62047,49.9067,-2.8972,2026-07-31 04:00:00,17.3,73,10186,17.14,0.49,4.85,49,38459,,
TH2,62045,49.9066,-2.8973,2026-07-31 03:00:00,17.5,69,10187,17.86,1.21,9.98,352.6,30069,,
TH2,62047,49.9066,-2.8973,2026-07-31 03:00:00,17.6,68.3,10187,17.86,0.49,4.85,49,48709,,
TH2,62045,49.9067,-2.8973,2026-07-31 02:00:00,17.5,76.7,10190,17.9,1.18,9.78,349.7,24189,,
TH2,62047,49.9067,-2.8973,2026-07-31 02:00:00,17.5,75.9,10191,17.89,0.49,4.85,49,35694,,
TH2,62045,49.9069,-2.8967,2026-07-31 01:00:00,17.7,77,10188,18.19,1.27,10.34,341.6,26866,,
TH2,62047,49.9069,-2.8967,2026-07-31 01:00:00,17.7,76.2,10188,18.19,0.49,4.85,49,33405,,
TH2,62045,49.9073,-2.8959,2026-07-31 00:00:00,18,74.7,10182,18.27,1.36,8.57,339.1,34043,,
TH2,62047,49.9073,-2.8959,2026-07-31 00:00:00,17.9,74.7,10182,18.27,0.49,4.85,49,37278,,
TH2,62045,49.9075,-2.8954,2026-07-30 23:00:00,18.5,70.1,10180,18.38,1.04,7.7,333.8,41038,,
TH2,62047,49.9075,-2.8954,2026-07-30 23:00:00,18.5,70.6,10181,18.39,0.49,4.85,49,46180,,
TH2,62045,49.9077,-2.8954,2026-07-30 22:00:00,19,85.7,10177,18.45,0.68,5.44,306,33703,,
TH2,62047,49.9077,-2.8954,2026-07-30 22:00:00,18.9,85.9,10178,18.45,0.49,4.85,49,39159,,
TH2,62045,49.9077,-2.8953,2026-07-30 21:00:00,18.8,86.5,10175,18.51,0.79,6.34,287.3,38456,,
TH2,62047,49.9077,-2.8953,2026-07-30 21:00:00,18.7,86.4,10175,18.52,0.49,4.85,49,41436,,
TH2,62045,49.9077,-2.8953,2026-07-30 20:00:00,18.6,88.8,10170,18.33,0.73,6.2,280.5,33086,,
TH2,62047,49.9077,-2.8953,2026-07-30 20:00:00,18.6,88.8,10171,18.33,0.49,4.85,49,35057,,
TH2,62045,49.9075,-2.8954,2026-07-30 19:00:00,18.8,94.6,10168,18.49,0.74,4.5,243.2,14562,,
TH2,62047,49.9075,-2.8954,2026-07-30 19:00:00,18.8,94.2,10169,18.49,0.49,4.85,49,14356,,
TH2,62045,49.9073,-2.896,2026-07-30 18:00:00,18.9,93.9,10169,18.29,0.76,5.05,244.9,14965,,
TH2,62047,49.9073,-2.896,2026-07-30 18:00:00,18.9,93.4,10170,18.29,0.49,4.85,49,14723,,
TH2,62045,49.9071,-2.8965,2026-07-30 17:00:00,19.2,90.9,10171,18.43,0.7,5.21,248.6,21334,,
TH2,62047,49.9071,-2.8965,2026-07-30 17:00:00,19,91.8,10172,18.44,0.49,4.85,49,20418,,
TH2,62045,49.9069,-2.8968,2026-07-30 16:00:00,19,90.9,10173,18.45,0.55,4.19,234.1,27498,,
TH2,62047,49.907,-2.8968,2026-07-30 16:00:00,19.5,88,10173,18.45,0.49,4.85,49,29763,,
TH2,62045,49.9069,-2.8969,2026-07-30 15:00:00,19,89.2,10173,18.49,0.64,4.73,243.9,30821,,
TH2,62047,49.9069,-2.8969,2026-07-30 15:00:00,19.2,87.6,10174,18.49,0.49,4.85,49,36392,,
TH2,62045,49.907,-2.8969,2026-07-30 14:00:00,19,89.9,10176,18.47,0.62,4.63,242.7,34746,,
TH2,62047,49.907,-2.8969,2026-07-30 14:00:00,19.4,87.7,10176,18.45,0.49,4.85,49,40823,,
TH2,62045,49.9072,-2.8966,2026-07-30 13:00:00,18.7,92.8,10174,18.46,0.63,4.82,224.2,37263,,
TH2,62047,49.9072,-2.8966,2026-07-30 13:00:00,19,90.8,10175,18.45,0.49,4.85,49,37806,,
TH2,62045,49.9074,-2.896,2026-07-30 12:00:00,19,91.8,10175,18.49,0.64,5.36,236.4,41628,,
TH2,62047,49.9074,-2.896,2026-07-30 12:00:00,18.7,92.9,10176,18.51,0.49,4.85,49,52430,,
TH2,62045,49.9076,-2.8957,2026-07-30 11:00:00,18.6,93.1,10173,18.41,0.77,4.93,225.8,38507,,
TH2,62047,49.9075,-2.8957,2026-07-30 11:00:00,18.5,92.9,10174,18.43,0.49,4.85,49,45843,,
TH2,62045,49.9076,-2.8955,2026-07-30 10:00:00,18.2,92.2,10171,18.18,0.36,1.69,202.3,35998,,
TH2,62047,49.9076,-2.8955,2026-07-30 10:00:00,18.2,91.9,10172,18.18,0.49,4.85,49,35917,,
TH2,62045,49.9077,-2.8955,2026-07-30 09:00:00,17.8,92.5,10169,18.04,0.44,3.13,230.3,32878,,
TH2,62047,49.9077,-2.8955,2026-07-30 09:00:00,17.8,92.3,10169,18.06,0.49,4.85,49,41742,,
TH2,62045,49.9077,-2.8955,2026-07-30 08:00:00,17.6,93.9,10166,18.22,0.53,2.97,241,27637,,
TH2,62047,49.9076,-2.8955,2026-07-30 08:00:00,17.6,93.3,10166,18.23,0.49,4.85,49,20004,,
TH2,62045,49.9075,-2.8957,2026-07-30 07:00:00,18.5,92.8,10163,18.29,0.32,2.11,231.9,29754,,
TH2,62047,49.9075,-2.8957,2026-07-30 07:00:00,18.5,92.3,10163,18.3,0.49,4.85,49,33016,,
TH2,62045,49.9073,-2.8962,2026-07-30 06:00:00,18.3,93.1,10158,18.03,0.38,2.69,226.2,28606,,
TH2,62047,49.9073,-2.8962,2026-07-30 06:00:00,18.3,92.8,10158,18.03,0.49,4.85,49,36753,,
TH2,62045,49.9069,-2.8968,2026-07-30 05:00:00,18.2,93.4,10153,17.92,0.43,3.08,269.4,27826,,
TH2,62047,49.9069,-2.8968,2026-07-30 05:00:00,18.2,93.7,10154,17.91,0.49,4.85,49,31849,,
TH2,62045,49.9068,-2.8971,2026-07-30 04:00:00,18.2,93.3,10155,18.09,0.35,2.36,268.1,26204,,
TH2,62047,49.9068,-2.8971,2026-07-30 04:00:00,18.2,92.8,10156,18.1,0.49,4.85,49,31124,,
TH2,62045,49.9067,-2.8972,2026-07-30 03:00:00,18.3,91.7,10158,18.31,0.39,2.93,283.7,32097,,
TH2,62047,49.9067,-2.8972,2026-07-30 03:00:00,18.3,91.2,10159,18.31,0.49,4.85,49,41938,,
TH2,62045,49.9067,-2.8973,2026-07-30 02:00:00,18.4,88,10161,17.99,0.41,3.26,311.7,43015,,
TH2,62047,49.9067,-2.8973,2026-07-30 02:00:00,18.5,86.9,10162,18,0.49,4.85,49,68470,,
TH2,62045,49.9068,-2.8972,2026-07-30 01:00:00,18.6,89,10162,18.24,0.68,4.58,316.2,34726,,
TH2,62047,49.9068,-2.8972,2026-07-30 01:00:00,18.8,87.9,10163,18.24,0.49,4.85,49,47971,,
TH2,62045,49.907,-2.8966,2026-07-30 00:00:00,18.7,92.2,10161,18.26,0.7,5.81,295.6,23289,,
TH2,62047,49.907,-2.8966,2026-07-30 00:00:00,18.8,91.5,10162,18.26,0.49,4.85,49,27674,,
TH2,62045,49.9072,-2.896,2026-07-29 23:00:00,18.9,91.3,10161,18.38,0.88,6.68,284.4,27074,,
TH2,62047,49.9072,-2.896,2026-07-29 23:00:00,18.9,90.6,10163,18.38,0.49,4.85,49,33272,,
TH2,62045,49.9073,-2.8958,2026-07-29 22:00:00,19.1,89.1,10158,18.45,0.86,6.99,267.9,30572,,
TH2,62047,49.9073,-2.8958,2026-07-29 22:00:00,19,89,10158,18.45,0.49,4.85,49,37175,,
TH2,62045,49.9073,-2.8957,2026-07-29 21:00:00,19.1,89.8,10155,18.41,0.69,5.53,263.4,26491,,
TH2,62047,49.9073,-2.8956,2026-07-29 21:00:00,19,90,10156,18.41,0.49,4.85,49,29401,,
TH2,62045,49.9074,-2.8956,2026-07-29 20:00:00,19.2,88.5,10150,18.51,0.83,6.49,268.3,27121,,
TH2,62047,49.9074,-2.8956,2026-07-29 20:00:00,19.1,88.4,10150,18.48,0.49,4.85,49,30705,,
TH2,62045,49.9073,-2.8956,2026-07-29 19:00:00,19.1,93.1,10147,18.44,0.8,6.4,258,13667,,
TH2,62047,49.9073,-2.8956,2026-07-29 19:00:00,19.2,92.4,10148,18.42,0.49,4.85,49,13108,,
TH2,62045,49.9072,-2.8958,2026-07-29 18:00:00,19.2,92.9,10147,18.71,0.81,5.33,250.2,12295,,
TH2,62047,49.9072,-2.8958,2026-07-29 18:00:00,19.2,92.3,10148,18.71,0.49,4.85,49,11681,,
TH2,62045,49.907,-2.8962,2026-07-29 17:00:00,19.3,90.5,10149,18.79,0.92,5.89,260.1,16239,,
TH2,62047,49.907,-2.8962,2026-07-29 17:00:00,19.2,90.1,10150,18.78,0.49,4.85,49,15535,,
TH2,62045,49.9068,-2.8967,2026-07-29 16:00:00,19.5,88.6,10153,18.86,0.86,7.03,276.6,17470,,
TH2,62047,49.9068,-2.8967,2026-07-29 16:00:00,19.2,89.4,10153,18.88,0.49,4.85,49,15401,,
TH2,62045,49.9068,-2.897,2026-07-29 15:00:00,19.5,88.8,10156,18.9,0.68,5.52,264.7,15035,,
TH2,62047,49.9068,-2.897,2026-07-29 15:00:00,19.2,89.7,10158,18.9,0.49,4.85,49,13875,,
TH2,62045,49.9068,-2.8971,2026-07-29 14:00:00,19.2,89.2,10157,18.43,0.61,4.83,255.1,20274,,
TH2,62047,49.9068,-2.8971,2026-07-29 14:00:00,19.3,88.1,10158,18.49,0.49,4.85,49,19051,,
TH2,62045,49.9069,-2.8969,2026-07-29 13:00:00,19,91,10156,18.87,0.46,3.73,254.7,16036,,
TH2,62047,49.9069,-2.8969,2026-07-29 13:00:00,19,90.7,10157,19.09,0.49,4.85,49,14585,,
TH2,62045,49.9071,-2.8966,2026-07-29 12:00:00,19.3,90.1,10154,18.9,0.35,2.9,272,13047,,
TH2,62047,49.9071,-2.8966,2026-07-29 12:00:00,18.8,93,10155,19.03,0.49,4.85,49,11141,,
TH2,62045,49.9072,-2.8962,2026-07-29 11:00:00,19.4,92,10153,18.71,0.38,2.9,301.6,19497,,
TH2,62047,49.9072,-2.8962,2026-07-29 11:00:00,19,92.3,10154,18.73,0.49,4.85,49,13472,,
TH2,62045,49.9073,-2.896,2026-07-29 10:00:00,18.6,93.7,10150,18.6,0.42,3.48,286.1,15835,,
TH2,62047,49.9073,-2.896,2026-07-29 10:00:00,18.8,92.8,10151,18.68,0.49,4.85,49,23962,,
TH2,62045,49.9074,-2.8959,2026-07-29 09:00:00,18.5,93.8,10147,18.39,0.3,2.09,307.9,14590,,
TH2,62047,49.9073,-2.8959,2026-07-29 09:00:00,18.7,92.3,10147,18.42,0.49,4.85,49,23296,,
TH2,62045,49.9074,-2.8959,2026-07-29 08:00:00,18.3,92.5,10142,18.38,0.3,2.37,340.1,18379,,
TH2,62047,49.9074,-2.8959,2026-07-29 08:00:00,18.8,89.4,10143,18.41,0.49,4.85,49,12091,,
TH2,62045,49.9073,-2.8958,2026-07-29 07:00:00,18.2,92.3,10142,18.21,0.35,2.87,341.1,17892,,
TH2,62047,49.9073,-2.8958,2026-07-29 07:00:00,18.5,90.9,10143,18.23,0.49,4.85,49,20857,,
TH2,62045,49.9072,-2.896,2026-07-29 06:00:00,18,93.3,10144,18.18,0.29,2.43,316.9,16319,,
TH2,62047,49.9072,-2.896,2026-07-29 06:00:00,18,93.2,10144,18.18,0.49,4.85,49,19148,,
TH2,62045,49.9071,-2.8963,2026-07-29 05:00:00,17.9,94.4,10140,18.33,0.19,1.25,353,14363,,
TH2,62047,49.9071,-2.8963,2026-07-29 05:00:00,17.8,94.5,10141,18.32,0.49,4.85,49,14228,,
TH2,62045,49.9069,-2.8966,2026-07-29 04:00:00,17.9,94.5,10143,18.51,0.3,2.4,76.1,14322,,
TH2,62047,49.9069,-2.8966,2026-07-29 04:00:00,17.9,94.3,10144,18.52,0.49,4.85,49,14346,,
TH2,62045,49.9069,-2.8968,2026-07-29 03:00:00,18,93.7,10148,18.39,0.39,3.06,68.1,15711,,
TH2,62047,49.9069,-2.8968,2026-07-29 03:00:00,18,93.4,10149,18.39,0.49,4.85,49,16722,,
TH2,62045,49.9069,-2.897,2026-07-29 02:00:00,18.1,92.7,10152,18.15,0.35,2.6,60.3,17842,,
TH2,62047,49.9069,-2.8969,2026-07-29 02:00:00,18.1,92.4,10153,18.17,0.49,4.85,49,19669,,
TH2,62045,49.9069,-2.8969,2026-07-29 01:00:00,18.2,91.9,10158,18.25,0.37,2.91,63,20788,,
TH2,62047,49.9069,-2.8969,2026-07-29 01:00:00,18.2,91.6,10159,18.31,0.49,4.85,49,23539,,
TH2,62045,49.9071,-2.8966,2026-07-29 00:00:00,18.4,91.8,10162,18.49,0.31,2.13,54.7,19643,,
TH2,62047,49.9071,-2.8966,2026-07-29 00:00:00,18.3,91.3,10163,18.5,0.49,4.85,49,22724,,
TH2,62045,49.9072,-2.8963,2026-07-28 23:00:00,18.5,91.4,10167,18.53,0.24,1.27,48.7,20647,,
TH2,62047,49.9073,-2.8963,2026-07-28 23:00:00,18.5,90.9,10167,18.71,0.49,4.85,49,23517,,
TH2,62045,49.9074,-2.8961,2026-07-28 22:00:00,18.5,91.8,10169,18.44,0.22,1.58,31.1,19233,,
TH2,62047,49.9073,-2.896,2026-07-28 22:00:00,18.6,91.2,10170,18.62,0.49,4.85,49,21187,,
TH2,62045,49.9074,-2.8959,2026-07-28 21:00:00,18.6,92.2,10168,18.87,0.42,3.2,70.9,19738,,
TH2,62047,49.9074,-2.8959,2026-07-28 21:00:00,18.6,91.5,10169,18.87,0.49,4.85,49,21517,,
TH2,62045,49.9074,-2.8959,2026-07-28 20:00:00,18.5,92.1,10164,18.84,0.64,4.87,71.3,17948,,
TH2,62047,49.9074,-2.8959,2026-07-28 20:00:00,18.5,91.8,10165,18.89,0.49,4.85,49,19289,,
TH2,62045,49.9074,-2.8959,2026-07-28 19:00:00,18.5,91.9,10168,19.12,0.36,2.81,36.7,17009,,
TH2,62047,49.9074,-2.8959,2026-07-28 19:00:00,18.8,90,10169,19.2,0.49,4.85,49,18661,,
TH2,62045,49.9073,-2.8959,2026-07-28 18:00:00,19.3,87.5,10169,18.87,0.32,2.5,100.7,17633,,
TH2,62047,49.9073,-2.8959,2026-07-28 18:00:00,18.5,91.6,10171,19.35,0.49,4.85,49,17786,,
TH2,62045,49.9071,-2.8962,2026-07-28 17:00:00,19.3,88.6,10174,19.26,0.37,2.84,108.4,19475,,
TH2,62047,49.9071,-2.8962,2026-07-28 17:00:00,18.4,92.3,10175,19.39,0.49,4.85,49,14142,,
TH2,62045,49.9069,-2.8965,2026-07-28 16:00:00,18.6,93,10175,19.25,0.48,3.98,59.1,13523,,
TH2,62047,49.907,-2.8965,2026-07-28 16:00:00,18.6,92,10176,19.66,0.49,4.85,49,18084,,
TH2,62045,49.9069,-2.8967,2026-07-28 15:00:00,18.7,91.7,10185,18.8,0.39,2.94,50.4,16288,,
TH2,62047,49.9069,-2.8967,2026-07-28 15:00:00,18.7,91,10186,18.8,0.49,4.85,49,14240,,
TH2,62045,49.9068,-2.8968,2026-07-28 14:00:00,18.5,90.4,10193,18.87,0.23,0.69,47.1,20737,,
TH2,62047,49.9068,-2.8968,2026-07-28 14:00:00,18.5,90,10193,18.91,0.49,4.85,49,14961,,
TH2,62045,49.9069,-2.8969,2026-07-28 13:00:00,18.6,90.4,10197,18.03,0.18,0.96,103.5,14265,,
TH2,62047,49.9069,-2.8969,2026-07-28 13:00:00,18.6,90,10198,18.08,0.49,4.85,49,17511,,
TH2,62045,49.907,-2.8967,2026-07-28 12:00:00,18.2,91.8,10200,18.24,0.35,2.58,146.1,14734,,
TH2,62047,49.907,-2.8967,2026-07-28 12:00:00,18.4,89.5,10201,18.42,0.49,4.85,49,18733,,
TH2,62045,49.9072,-2.8963,2026-07-28 11:00:00,18.5,89.6,10202,18.02,0.43,2.99,140.3,19628,,
TH2,62047,49.9072,-2.8963,2026-07-28 11:00:00,18.7,88.4,10203,18.06,0.49,4.85,49,21226,,
TH2,62045,49.9073,-2.896,2026-07-28 10:00:00,19.3,86.3,10204,17.83,0.3,1.84,118.2,27545,,
TH2,62047,49.9073,-2.896,2026-07-28 10:00:00,18.8,88.7,10205,17.8,0.49,4.85,49,24427,,
TH2,62045,49.9074,-2.8959,2026-07-28 09:00:00,18.7,89.8,10204,17.76,0.11,0.51,26,21677,,
TH2,62047,49.9074,-2.8959,2026-07-28 09:00:00,20.2,82.3,10205,17.77,0.49,4.85,49,32116,,
TH2,62045,49.9074,-2.8958,2026-07-28 08:00:00,18.3,93.7,10203,17.69,0.11,0.54,333.7,11835,,
TH2,62047,49.9074,-2.8958,2026-07-28 08:00:00,19.3,89.5,10204,17.69,0.49,4.85,49,15615,,
TH2,62045,49.9074,-2.8958,2026-07-28 07:00:00,18.3,94.7,10200,17.63,0.11,0.62,288.2,9624,,
TH2,62047,49.9074,-2.8958,2026-07-28 07:00:00,18.4,94.3,10200,17.64,0.49,4.85,49,14653,,
TH2,62045,49.9074,-2.8958,2026-07-28 06:00:00,17.7,97.5,10199,17.59,0.2,0.91,260.5,6931,,
TH2,62047,49.9074,-2.8958,2026-07-28 06:00:00,17.7,97,10199,17.59,0.49,4.85,49,6986,,
TH2,62045,49.9072,-2.896,2026-07-28 05:00:00,17.6,97.7,10199,17.53,0.32,2.3,272.9,6807,,
TH2,62047,49.9072,-2.896,2026-07-28 05:00:00,17.6,97.3,10200,17.54,0.49,4.85,49,7944,,
TH2,62045,49.907,-2.8965,2026-07-28 04:00:00,17.7,97.2,10200,17.53,0.35,2.22,239,7496,,
TH2,62047,49.907,-2.8965,2026-07-28 04:00:00,17.6,96.9,10201,17.53,0.49,4.85,49,8922,,
TH2,62045,49.9069,-2.8969,2026-07-28 03:00:00,17.7,96.5,10204,17.52,0.26,1.52,250,9483,,
TH2,62047,49.9069,-2.8968,2026-07-28 03:00:00,17.7,96.1,10204,17.52,0.49,4.85,49,11592,,
TH2,62045,49.9068,-2.8969,2026-07-28 02:00:00,17.7,96,10206,17.67,0.25,1.6,292.5,10617,,
TH2,62047,49.9068,-2.8969,2026-07-28 02:00:00,17.7,95.6,10207,17.67,0.49,4.85,49,13556,,
TH2,62045,49.9068,-2.897,2026-07-28 01:00:00,17.8,95.6,10209,17.55,0.27,1.57,299.8,11041,,
TH2,62047,49.9068,-2.897,2026-07-28 01:00:00,17.8,95.3,10209,17.55,0.49,4.85,49,13762,,
TH2,62045,49.9069,-2.8969,2026-07-28 00:00:00,18,94.9,10212,17.64,0.42,3.16,319.3,11606,,
TH2,62047,49.9069,-2.8969,2026-07-28 00:00:00,18.1,94.3,10213,17.64,0.49,4.85,49,14300,,
TH2,62045,49.907,-2.8966,2026-07-27 23:00:00,18.2,94.2,10217,17.58,0.62,4.83,297.6,11526,,
TH2,62047,49.907,-2.8966,2026-07-27 23:00:00,18.3,93.5,10218,17.58,0.49,4.85,49,13668,,
TH2,62045,49.9072,-2.896,2026-07-27 22:00:00,18.3,93.8,10218,17.52,0.77,5.52,280.4,11546,,
TH2,62047,49.9072,-2.896,2026-07-27 22:00:00,18.3,93.6,10219,17.52,0.49,4.85,49,12633,,
TH2,62045,49.9073,-2.8958,2026-07-27 21:00:00,18.4,92.3,10214,17.55,0.91,6.74,280.8,14336,,
TH2,62047,49.9072,-2.8958,2026-07-27 21:00:00,18.4,92.3,10215,17.55,0.49,4.85,49,15973,,
TH2,62045,49.9073,-2.8957,2026-07-27 20:00:00,18.4,92.1,10207,17.6,0.93,7.58,284.1,13129,,
TH2,62047,49.9073,-2.8957,2026-07-27 20:00:00,18.4,91.8,10208,17.6,0.49,4.85,49,15075,,
TH2,62045,49.9073,-2.8957,2026-07-27 19:00:00,18.5,91.2,10205,17.72,0.77,6.06,259.4,10481,,
TH2,62047,49.9073,-2.8957,2026-07-27 19:00:00,18.5,90.8,10206,17.72,0.49,4.85,49,14174,,
TH2,62045,49.9073,-2.8957,2026-07-27 18:00:00,18.4,89.6,10208,17.76,0.63,4.48,248.7,16094,,
TH2,62047,49.9073,-2.8957,2026-07-27 18:00:00,18.4,89.2,10209,17.76,0.49,4.85,49,18094,,
TH2,62045,49.9073,-2.8957,2026-07-27 17:00:00,18.3,90.3,10210,17.89,0.66,3.28,241.5,17619,,
TH2,62047,49.9072,-2.8957,2026-07-27 17:00:00,18.2,89.9,10210,17.9,0.49,4.85,49,20049,,
TH2,62045,49.9071,-2.8961,2026-07-27 16:00:00,18.2,88.5,10213,17.79,0.79,5.65,241.8,21048,,
TH2,62047,49.9071,-2.8961,2026-07-27 16:00:00,18.2,88.1,10213,17.8,0.49,4.85,49,24608,,
TH2,62045,49.9069,-2.8964,2026-07-27 15:00:00,18.3,85.8,10213,17.72,0.66,4.78,250,31807,,
TH2,62047,49.9069,-2.8964,2026-07-27 15:00:00,18.2,86.1,10214,17.73,0.49,4.85,49,37548,,
TH2,62045,49.9068,-2.8967,2026-07-27 14:00:00,18.6,81.9,10214,17.69,0.63,4.56,265.6,31876,,
TH2,62047,49.9069,-2.8967,2026-07-27 14:00:00,18,84.7,10215,17.69,0.49,4.85,49,35234,,
TH2,62045,49.9069,-2.8968,2026-07-27 13:00:00,18.3,80.8,10215,17.53,0.56,4.25,271.2,39209,,
TH2,62047,49.9069,-2.8968,2026-07-27 13:00:00,17.9,82.9,10216,17.53,0.49,4.85,49,57760,,
TH2,62045,49.9069,-2.8968,2026-07-27 12:00:00,18.1,77.1,10211,17.57,0.59,4.51,271.3,39843,,
TH2,62047,49.9069,-2.8968,2026-07-27 12:00:00,17.8,78.5,10212,17.58,0.49,4.85,49,56061,,
TH2,62045,49.907,-2.8966,2026-07-27 11:00:00,18,75.9,10211,17.53,0.49,3.54,273.9,32545,,
TH2,62047,49.907,-2.8966,2026-07-27 11:00:00,17.7,77.7,10212,17.54,0.49,4.85,49,51800,,
TH2,62045,49.9071,-2.8962,2026-07-27 10:00:00,17.8,74.1,10211,17.44,0.49,3.24,298.9,38004,,
TH2,62047,49.9071,-2.8962,2026-07-27 10:00:00,17.5,74.9,10212,17.45,0.49,4.85,49,49114,,
TH2,62045,49.9072,-2.8959,2026-07-27 09:00:00,17.2,75.5,10205,17.3,0.62,4.23,297.3,34709,,
TH2,62047,49.9072,-2.8959,2026-07-27 09:00:00,17.4,74.7,10206,17.31,0.49,4.85,49,48689,,
TH2,62045,49.9073,-2.8958,2026-07-27 08:00:00,17,77.5,10198,17.24,0.94,7.52,297.1,28256,,
TH2,62047,49.9073,-2.8958,2026-07-27 08:00:00,17.1,77.3,10199,17.24,0.49,4.85,49,18693,,
TH2,62045,49.9073,-2.8957,2026-07-27 07:00:00,17.1,74,10191,17.07,0.94,7.53,296.9,30432,,
TH2,62047,49.9073,-2.8958,2026-07-27 07:00:00,17.1,74.4,10192,17.07,0.49,4.85,49,23582,,
TH2,62045,49.9073,-2.8957,2026-07-27 06:00:00,17.1,78,10186,17.03,0.82,6.67,289.7,25782,,
TH2,62047,49.9073,-2.8957,2026-07-27 06:00:00,17.1,78.2,10187,17.03,0.49,4.85,49,26028,,
TH2,62045,49.9072,-2.8957,2026-07-27 05:00:00,17.2,80.1,10178,17.15,0.98,7.82,296.1,26265,,
TH2,62047,49.9072,-2.8958,2026-07-27 05:00:00,17.2,80.1,10179,17.15,0.49,4.85,49,27453,,
TH2,62045,49.907,-2.896,2026-07-27 04:00:00,17.2,80.3,10173,17.17,1.02,7.73,298.4,24545,,
TH2,62047,49.907,-2.896,2026-07-27 04:00:00,17.1,80.8,10174,17.16,0.49,4.85,49,26203,,
TH2,62045,49.9069,-2.8962,2026-07-27 03:00:00,17.4,82.3,10170,17.17,1,7.15,304.7,25547,,
TH2,62047,49.9068,-2.8962,2026-07-27 03:00:00,17.4,81.9,10171,17.17,0.49,4.85,49,27527,,
TH2,62045,49.9068,-2.8965,2026-07-27 02:00:00,17.5,82.2,10167,17.18,1.02,7.05,304.5,21819,,
TH2,62047,49.9068,-2.8965,2026-07-27 02:00:00,17.5,81.9,10168,17.18,0.49,4.85,49,23990,,
TH2,62045,49.9068,-2.8967,2026-07-27 01:00:00,17.6,82.1,10166,17.16,1.1,8.22,311.9,21862,,
TH2,62047,49.9068,-2.8967,2026-07-27 01:00:00,17.6,81.6,10167,17.16,0.49,4.85,49,24872,,
TH2,62045,49.9068,-2.8967,2026-07-27 00:00:00,17.7,81.6,10161,17.22,0.86,6.85,307,23408,,
TH2,62047,49.9068,-2.8967,2026-07-27 00:00:00,17.7,80.7,10161,17.22,0.49,4.85,49,26115,,
TH2,62045,49.9069,-2.8966,2026-07-26 23:00:00,17.8,79.1,10156,17.19,1.11,8.45,316.2,23194,,
TH2,62047,49.9069,-2.8966,2026-07-26 23:00:00,17.9,78.3,10157,17.19,0.49,4.85,49,26383,,
TH2,62045,49.907,-2.8962,2026-07-26 22:00:00,18.1,75.5,10149,17.04,1.12,7.95,312.9,26656,,
TH2,62047,49.907,-2.8962,2026-07-26 22:00:00,18.1,75.7,10149,17.04,0.49,4.85,49,31892,,
TH2,62045,49.9072,-2.8958,2026-07-26 21:00:00,18.4,77.1,10143,17.06,0.98,6.71,285.7,24934,,
TH2,62047,49.9072,-2.8958,2026-07-26 21:00:00,18.3,77.4,10144,17.06,0.49,4.85,49,29308,,
TH2,62045,49.9073,-2.8958,2026-07-26 20:00:00,18.3,79.1,10134,17.07,1.08,8.2,277.5,24850,,
TH2,62047,49.9073,-2.8957,2026-07-26 20:00:00,18.3,79.1,10135,17.07,0.49,4.85,49,27524,,
TH2,62045,49.9074,-2.8957,2026-07-26 19:00:00,18.4,80.1,10127,17.24,1.1,7.66,267.9,23699,,
TH2,62047,49.9073,-2.8957,2026-07-26 19:00:00,18.4,80.1,10128,17.24,0.49,4.85,49,25670,,
TH2,62045,49.9073,-2.8957,2026-07-26 18:00:00,18.5,78.2,10122,17.24,1.25,9.24,275.2,20977,,
TH2,62047,49.9073,-2.8957,2026-07-26 18:00:00,18.4,78.5,10122,17.24,0.49,4.85,49,21566,,
TH2,62045,49.9073,-2.8957,2026-07-26 17:00:00,18.6,78.1,10116,17.21,1.18,8.89,275.4,18370,,
TH2,62047,49.9073,-2.8957,2026-07-26 17:00:00,18.6,78,10117,17.22,0.49,4.85,49,24046,,
TH2,62045,49.9072,-2.8957,2026-07-26 16:00:00,18.4,78.2,10112,17.3,1.18,8.8,278.7,22582,,
TH2,62047,49.9072,-2.8957,2026-07-26 16:00:00,18.5,78.2,10113,17.31,0.49,4.85,49,22250,,
TH2,62045,49.907,-2.896,2026-07-26 15:00:00,18.4,77.4,10111,17.23,0.99,6.78,270.1,22465,,
TH2,62047,49.907,-2.896,2026-07-26 15:00:00,18.5,77.3,10112,17.24,0.49,4.85,49,24604,,
TH2,62045,49.9068,-2.8963,2026-07-26 14:00:00,18.3,78.8,10105,17.15,1.43,9.65,273.9,17789,,
TH2,62047,49.9068,-2.8963,2026-07-26 14:00:00,18.1,79.2,10107,17.16,0.49,4.85,49,19988,,
TH2,62045,49.9068,-2.8966,2026-07-26 13:00:00,18.3,77.2,10104,17.12,1.26,9.31,282.2,16628,,
TH2,62047,49.9068,-2.8966,2026-07-26 13:00:00,18.1,77.6,10106,17.12,0.49,4.85,49,18824,,
TH2,62045,49.9068,-2.8967,2026-07-26 12:00:00,18.5,76.1,10100,17.2,1.4,10.54,286.6,19986,,
TH2,62047,49.9068,-2.8966,2026-07-26 12:00:00,18.2,76.8,10101,17.2,0.49,4.85,49,19911,,
TH2,62045,49.9068,-2.8966,2026-07-26 11:00:00,18.5,76.6,10096,17.41,1.55,11.45,296.8,18092,,
TH2,62047,49.9068,-2.8966,2026-07-26 11:00:00,18.2,77.2,10097,17.41,0.49,4.85,49,20094,,
TH2,62045,49.9069,-2.8963,2026-07-26 10:00:00,18.5,83.3,10092,17.33,1.45,11.12,277.4,13582,,
TH2,62047,49.9069,-2.8963,2026-07-26 10:00:00,18.3,83.4,10092,17.34,0.49,4.85,49,14026,,
TH2,62045,49.9071,-2.8958,2026-07-26 09:00:00,18.7,87.1,10084,17.33,1.43,9.66,275.2,19317,,
TH2,62047,49.9071,-2.8958,2026-07-26 09:00:00,18.6,86.9,10084,17.33,0.49,4.85,49,20424,,
TH2,62045,49.9072,-2.8957,2026-07-26 08:00:00,18.5,92,10082,17.43,1.26,8.89,271.4,14089,,
TH2,62047,49.9072,-2.8957,2026-07-26 08:00:00,18.5,91.9,10083,17.44,0.49,4.85,49,15730,,
TH2,62045,49.9073,-2.8957,2026-07-26 07:00:00,18.4,94.8,10078,17.6,1.18,5.49,242.4,12006,,
TH2,62047,49.9073,-2.8957,2026-07-26 07:00:00,18.4,94.5,10078,17.6,0.49,4.85,49,12816,,
TH2,62045,49.9074,-2.8957,2026-07-26 06:00:00,18.3,97.1,10078,17.58,1.46,9.38,257.5,11231,,
TH2,62047,49.9074,-2.8956,2026-07-26 06:00:00,18.2,96.7,10079,17.58,0.49,4.85,49,10111,,
TH2,62045,49.9074,-2.8957,2026-07-26 05:00:00,18.2,96.4,10080,17.46,1.11,6.7,251.2,5229,,
TH2,62047,49.9074,-2.8957,2026-07-26 05:00:00,18.3,95.6,10081,17.46,0.49,4.85,49,2110,,
TH2,62045,49.9073,-2.8958,2026-07-26 04:00:00,18.5,93.5,10081,17.54,1.04,6.67,246.2,12677,,
TH2,62047,49.9073,-2.8958,2026-07-26 04:00:00,18.4,93.3,10082,17.54,0.49,4.85,49,13644,,
TH2,62045,49.9072,-2.896,2026-07-26 03:00:00,18.2,94.5,10084,17.48,0.91,6.43,241.9,13497,,
TH2,62047,49.9072,-2.896,2026-07-26 03:00:00,18.1,94.3,10085,17.48,0.49,4.85,49,14914,,
TH2,62045,49.907,-2.8963,2026-07-26 02:00:00,17.9,94.4,10091,17.47,0.94,6.02,264.6,17194,,
TH2,62047,49.907,-2.8963,2026-07-26 02:00:00,17.8,94.8,10092,17.47,0.49,4.85,49,20612,,
TH2,62045,49.9069,-2.8966,2026-07-26 01:00:00,17.7,93.6,10096,17.45,1.19,8.11,275.3,23353,,
TH2,62047,49.9069,-2.8966,2026-07-26 01:00:00,17.7,93.9,10096,17.45,0.49,4.85,49,27562,,
TH2,62045,49.9069,-2.8968,2026-07-26 00:00:00,18,92.9,10101,17.45,0.8,4.15,259.9,16386,,
TH2,62047,49.9069,-2.8968,2026-07-26 00:00:00,18,92.6,10101,17.45,0.49,4.85,49,19752,,
TH2,62045,49.9069,-2.8968,2026-07-25 23:00:00,18.1,91.3,10102,17.55,0.81,4.89,263.9,14173,,
TH2,62047,49.9069,-2.8968,2026-07-25 23:00:00,18.1,90.8,10103,17.55,0.49,4.85,49,15962,,
TH2,62045,49.9069,-2.8966,2026-07-25 22:00:00,18.3,86.4,10108,17.73,1.2,8.23,281.6,17936,,
TH2,62047,49.9069,-2.8966,2026-07-25 22:00:00,18.3,86,10110,17.73,0.49,4.85,49,21443,,
TH2,62045,49.907,-2.8963,2026-07-25 21:00:00,18.3,85.2,10111,17.71,0.97,7.27,281.2,17249,,
TH2,62047,49.907,-2.8963,2026-07-25 21:00:00,18.3,84.8,10111,17.71,0.49,4.85,49,19380,,
TH2,62045,49.9071,-2.8959,2026-07-25 20:00:00,18.4,82,10107,17.8,1.43,9.5,286.4,20313,,
TH2,62047,49.9071,-2.8959,2026-07-25 20:00:00,18.4,82.3,10108,17.8,0.49,4.85,49,23154,,
TH2,62045,49.9072,-2.8958,2026-07-25 19:00:00,19,78.4,10106,17.95,1.38,9.24,275.6,20375,,
TH2,62047,49.9072,-2.8958,2026-07-25 19:00:00,19,78.5,10107,17.95,0.49,4.85,49,24126,,
TH2,62045,49.9072,-2.8958,2026-07-25 18:00:00,19.2,72,10104,18.03,1.34,10.05,276,24436,,
TH2,62047,49.9072,-2.8958,2026-07-25 18:00:00,19.2,72.2,10104,18.03,0.49,4.85,49,29136,,
TH2,62045,49.9073,-2.8958,2026-07-25 17:00:00,19.2,76.8,10104,18.25,1.18,8.04,268.2,21327,,
TH2,62047,49.9072,-2.8958,2026-07-25 17:00:00,19.2,76.7,10105,18.26,0.49,4.85,49,24755,,
TH2,62045,49.9072,-2.8959,2026-07-25 16:00:00,19.1,81.5,10106,18.4,1.2,8.6,270.1,14661,,
TH2,62047,49.9072,-2.8959,2026-07-25 16:00:00,19.1,81.5,10106,18.41,0.49,4.85,49,16067,,
TH2,62045,49.9072,-2.8961,2026-07-25 15:00:00,18.8,84.2,10112,18.38,0.66,4.7,259.3,20162,,
TH2,62047,49.9072,-2.8961,2026-07-25 15:00:00,18.8,84.1,10113,18.39,0.49,4.85,49,23703,,
TH2,62045,49.9071,-2.8963,2026-07-25 14:00:00,18.7,84.3,10112,18.28,1.08,7.12,263.1,22727,,
TH2,62047,49.9071,-2.8963,2026-07-25 14:00:00,18.6,84.3,10113,18.28,0.49,4.85,49,26090,,
TH2,62045,49.907,-2.8965,2026-07-25 13:00:00,18.7,84.3,10112,18.25,0.84,4.28,260.6,19965,,
TH2,62047,49.907,-2.8965,2026-07-25 13:00:00,18.7,84.3,10113,18.25,0.49,4.85,49,24431,,
TH2,62045,49.907,-2.8967,2026-07-25 12:00:00,18.8,84.4,10121,18.13,0.9,7.45,283.8,17772,,
TH2,62047,49.907,-2.8967,2026-07-25 12:00:00,18.4,85.6,10121,18.13,0.49,4.85,49,18291,,
TH2,62045,49.907,-2.8969,2026-07-25 11:00:00,18.6,86.8,10121,18,0.76,6.31,282.8,18555,,
TH2,62047,49.907,-2.8969,2026-07-25 11:00:00,18.1,89,10122,18,0.49,4.85,49,17689,,
TH2,62045,49.907,-2.8969,2026-07-25 10:00:00,18.5,82.9,10124,17.91,0.6,4.92,284.7,21885,,
TH2,62047,49.907,-2.8969,2026-07-25 10:00:00,18,84.7,10125,17.92,0.49,4.85,49,23712,,
TH2,62045,49.9071,-2.8967,2026-07-25 09:00:00,18.3,76.1,10128,17.87,0.64,5.13,296.1,24229,,
TH2,62047,49.9071,-2.8967,2026-07-25 09:00:00,17.7,78.1,10129,17.88,0.49,4.85,49,27277,,
TH2,62045,49.9071,-2.8965,2026-07-25 08:00:00,17.8,83.1,10130,17.9,0.54,3.75,304.9,12156,,
TH2,62047,49.9071,-2.8965,2026-07-25 08:00:00,17.2,85.7,10131,17.91,0.49,4.85,49,14102,,
TH2,62045,49.9071,-2.8963,2026-07-25 07:00:00,17.3,83.9,10127,17.87,0.85,6.53,322.9,14875,,
TH2,62047,49.9071,-2.8963,2026-07-25 07:00:00,17.5,83.4,10128,17.87,0.49,4.85,49,15118,,
TH2,62045,49.9072,-2.8963,2026-07-25 06:00:00,17.3,86.1,10127,17.87,0.73,6.24,325.8,12176,,
TH2,62047,49.9072,-2.8963,2026-07-25 06:00:00,17.3,85.4,10127,17.88,0.49,4.85,49,12922,,
TH2,62045,49.9072,-2.8962,2026-07-25 05:00:00,17.3,87.2,10127,17.94,0.8,6.69,326.9,13224,,
TH2,62047,49.9072,-2.8962,2026-07-25 05:00:00,17.3,87.1,10128,17.94,0.49,4.85,49,14302,,
TH2,62045,49.9072,-2.8964,2026-07-25 04:00:00,17.5,84.5,10126,18.23,0.82,6.82,322.2,22856,,
TH2,62047,49.9072,-2.8964,2026-07-25 04:00:00,17.4,84.6,10127,18.23,0.49,4.85,49,26872,,
TH2,62045,49.9071,-2.8965,2026-07-25 03:00:00,17.8,84.9,10127,18.31,0.76,5.99,334.6,21913,,
TH2,62047,49.9071,-2.8965,2026-07-25 03:00:00,17.8,84.5,10127,18.31,0.49,4.85,49,25953,,
TH2,62045,49.9071,-2.8966,2026-07-25 02:00:00,18,85.2,10130,18.37,0.62,4.96,350.8,20296,,
TH2,62047,49.9071,-2.8966,2026-07-25 02:00:00,17.9,85.4,10130,18.4,0.49,4.85,49,23104,,
TH2,62045,49.907,-2.8968,2026-07-25 01:00:00,18.2,84.6,10133,18.53,0.94,5.6,355.8,18860,,
TH2,62047,49.907,-2.8968,2026-07-25 01:00:00,18.2,84.4,10134,18.56,0.49,4.85,49,22800,,
TH2,62045,49.9069,-2.8969,2026-07-25 00:00:00,18.5,84.2,10137,18.82,1.01,7.65,348.8,17987,,
TH2,62047,49.907,-2.8969,2026-07-25 00:00:00,18.5,84,10137,18.82,0.49,4.85,49,21291,,
TH2,62045,49.9069,-2.897,2026-07-24 23:00:00,19,80.3,10145,18.99,1.19,9.77,349.9,20142,,
TH2,62047,49.907,-2.897,2026-07-24 23:00:00,19,80.1,10144,19.01,0.49,4.85,49,24333,,
TH2,62045,49.907,-2.897,2026-07-24 22:00:00,20.2,74.1,10146,19.34,0.86,7.3,351.9,29066,,
TH2,62047,49.907,-2.897,2026-07-24 22:00:00,20.2,73.6,10146,19.67,0.49,4.85,49,37783,,
TH2,62045,49.9071,-2.897,2026-07-24 21:00:00,19.9,88.2,10146,19.55,0.37,3.14,297.2,15149,,
TH2,62047,49.9071,-2.897,2026-07-24 21:00:00,20.1,86.9,10146,19.63,0.49,4.85,49,18739,,
TH2,62045,49.9071,-2.8967,2026-07-24 20:00:00,20,84.6,10145,19.17,0.32,2.75,292.1,19414,,
TH2,62047,49.9072,-2.8967,2026-07-24 20:00:00,20,84.1,10146,19.47,0.49,4.85,49,22725,,
TH2,62045,49.9072,-2.8966,2026-07-24 19:00:00,20.3,80.8,10147,19.92,0.26,2.25,278.4,23336,,
TH2,62047,49.9072,-2.8966,2026-07-24 19:00:00,20.4,80.1,10148,18.89,0.49,4.85,49,26054,,
TH2,62045,49.9072,-2.8965,2026-07-24 18:00:00,20.3,75.8,10149,19.39,0.45,3.65,292.2,25360,,
TH2,62047,49.9072,-2.8965,2026-07-24 18:00:00,20.6,74.5,10150,20.12,0.49,4.85,49,27811,,
TH2,62045,49.9073,-2.8964,2026-07-24 17:00:00,20.8,64.1,10153,19.94,0.36,2.86,289.4,20609,,
TH2,62047,49.9073,-2.8965,2026-07-24 17:00:00,20.8,64,10154,20.27,0.49,4.85,49,49323,,
TH2,62045,49.9073,-2.8964,2026-07-24 16:00:00,21.2,64.4,10158,19.52,0.09,0.44,281.8,33631,,
TH2,62047,49.9073,-2.8964,2026-07-24 16:00:00,22,61.5,10159,20.19,0.49,4.85,49,43275,,
TH2,62045,49.9073,-2.8964,2026-07-24 15:00:00,20.1,71.4,10167,19.17,0.18,1.33,342.7,27762,,
TH2,62047,49.9073,-2.8964,2026-07-24 15:00:00,21.4,66.4,10168,19.36,0.49,4.85,49,40389,,
TH2,62045,49.9072,-2.8965,2026-07-24 14:00:00,19.7,70.8,10170,19.81,0.16,1.14,17.5,25892,,
TH2,62047,49.9072,-2.8965,2026-07-24 14:00:00,20.6,67.8,10173,19.54,0.49,4.85,49,29904,,
TH2,62045,49.9072,-2.8966,2026-07-24 13:00:00,19.6,75.9,10176,18.46,0.19,1.43,48.2,22993,,
TH2,62047,49.9072,-2.8966,2026-07-24 13:00:00,19.5,75.7,10178,18.73,0.49,4.85,49,26500,,
TH2,62045,49.9071,-2.8968,2026-07-24 12:00:00,18.8,81.3,10183,18.79,0.25,1.89,64.3,20162,,
TH2,62047,49.9071,-2.8968,2026-07-24 12:00:00,18.8,81.5,10183,18.82,0.49,4.85,49,24168,,
TH2,62045,49.9071,-2.8969,2026-07-24 11:00:00,18.6,82.2,10188,19.07,0.31,2.5,54,20902,,
TH2,62047,49.9071,-2.8969,2026-07-24 11:00:00,18.6,82,10189,19.24,0.49,4.85,49,21980,,
TH2,62045,49.9071,-2.8969,2026-07-24 10:00:00,18.3,85.6,10192,18.55,0.27,1.73,45.4,19933,,
TH2,62047,49.9071,-2.8969,2026-07-24 10:00:00,18.3,85.5,10192,18.98,0.49,4.85,49,17676,,
TH2,62045,49.907,-2.897,2026-07-24 09:00:00,18.4,88.6,10195,18.74,0.31,1.33,36.9,16007,,
TH2,62047,49.9071,-2.897,2026-07-24 09:00:00,18.4,88.4,10196,18.83,0.49,4.85,49,13911,,
TH2,62045,49.9071,-2.8968,2026-07-24 08:00:00,18.2,88.5,10197,18.59,0.23,1.57,46.1,13108,,
TH2,62047,49.9071,-2.8968,2026-07-24 08:00:00,18.3,87.9,10198,18.71,0.49,4.85,49,13726,,
TH2,62045,49.9072,-2.8966,2026-07-24 07:00:00,18.4,88.6,10200,18.45,0.18,1.25,39.6,8329,,
TH2,62047,49.9072,-2.8966,2026-07-24 07:00:00,18.5,87.7,10200,18.53,0.49,4.85,49,12939,,
TH2,62045,49.9072,-2.8966,2026-07-24 06:00:00,18.4,89.4,10202,18.62,0.14,0.84,53.6,13098,,
TH2,62047,49.9072,-2.8966,2026-07-24 06:00:00,18.5,89.2,10202,18.63,0.49,4.85,49,14029,,
TH2,62045,49.9073,-2.8965,2026-07-24 05:00:00,18.2,88.1,10200,18.56,0.51,4.32,148.2,14470,,
TH2,62047,49.9073,-2.8965,2026-07-24 05:00:00,18.3,87.6,10201,18.57,0.49,4.85,49,16568,,
TH2,62045,49.9073,-2.8965,2026-07-24 04:00:00,18,89.5,10201,18.5,0.41,3.39,137.7,10514,,
TH2,62047,49.9073,-2.8965,2026-07-24 04:00:00,18.1,88.8,10202,18.59,0.49,4.85,49,11371,,
TH2,62045,49.9073,-2.8964,2026-07-24 03:00:00,18.1,85.5,10205,18.56,0.3,2.49,122,12626,,
TH2,62047,49.9073,-2.8964,2026-07-24 03:00:00,18.2,84.9,10205,18.62,0.49,4.85,49,14084,,
TH2,62045,49.9072,-2.8965,2026-07-24 02:00:00,18.3,81.6,10207,18.42,0.28,2.06,105,19555,,
TH2,62047,49.9072,-2.8965,2026-07-24 02:00:00,18.5,80.7,10207,18.52,0.49,4.85,49,22813,,
TH2,62045,49.9072,-2.8966,2026-07-24 01:00:00,18.3,81,10211,18.56,0.16,1.05,75.6,25742,,
TH2,62047,49.9072,-2.8966,2026-07-24 01:00:00,18.5,80.2,10212,18.63,0.49,4.85,49,29958,,
TH2,62045,49.9071,-2.8968,2026-07-24 00:00:00,18.7,75.6,10213,18.6,0.21,1.43,76.9,31178,,
TH2,62047,49.9071,-2.8968,2026-07-24 00:00:00,18.6,75.6,10214,18.71,0.49,4.85,49,37698,,
TH2,62045,49.9071,-2.8969,2026-07-23 23:00:00,18.7,74.1,10215,18.19,0.19,1.02,56,29903,,
TH2,62047,49.9071,-2.8969,2026-07-23 23:00:00,18.7,74.5,10216,18.13,0.49,4.85,49,36432,,
TH2,62045,49.907,-2.897,2026-07-23 22:00:00,18.7,80.1,10216,18.59,0.14,0.97,110.1,24140,,
TH2,62047,49.907,-2.897,2026-07-23 22:00:00,18.7,80.2,10217,18.85,0.49,4.85,49,26796,,
TH2,62045,49.907,-2.8971,2026-07-23 21:00:00,18.7,82.9,10217,18.87,0.18,1.27,88.8,21721,,
TH2,62047,49.907,-2.897,2026-07-23 21:00:00,18.7,82.6,10218,19.05,0.49,4.85,49,26339,,
TH2,62045,49.907,-2.8971,2026-07-23 20:00:00,18.6,85.8,10217,18.78,0.19,1.41,103.1,19613,,
TH2,62047,49.907,-2.8971,2026-07-23 20:00:00,18.6,85.6,10217,18.98,0.49,4.85,49,24480,,
TH2,62045,49.9071,-2.8969,2026-07-23 19:00:00,18.8,85.9,10219,18.93,0.18,1.32,140.7,18702,,
TH2,62047,49.9071,-2.8969,2026-07-23 19:00:00,18.9,85.2,10220,19.04,0.49,4.85,49,23759,,
TH2,62045,49.9072,-2.8967,2026-07-23 18:00:00,18.8,83,10218,18.91,0.18,1.6,149.1,20421,,
TH2,62047,49.9072,-2.8967,2026-07-23 18:00:00,19,82.3,10219,19.17,0.49,4.85,49,21261,,
TH2,62045,49.9072,-2.8966,2026-07-23 17:00:00,18.9,81.6,10222,18.93,0.27,1.71,154.2,24033,,
TH2,62047,49.9072,-2.8966,2026-07-23 17:00:00,18.9,81.6,10222,19.23,0.49,4.85,49,24514,,
TH2,62045,49.9072,-2.8965,2026-07-23 16:00:00,19.4,80.9,10226,18.66,0.41,3.67,138.7,21324,,
TH2,62047,49.9072,-2.8965,2026-07-23 16:00:00,18.7,83.9,10226,18.4,0.49,4.85,49,21887,,
TH2,62045,49.9072,-2.8964,2026-07-23 15:00:00,20.6,78.9,10229,17.96,0.32,2.51,150,22935,,
TH2,62047,49.9072,-2.8965,2026-07-23 15:00:00,19.3,84.9,10229,18.15,0.49,4.85,49,20418,,
TH2,62045,49.9072,-2.8964,2026-07-23 14:00:00,21.1,77.8,10230,18.05,0.11,0.5,88.8,16488,,
TH2,62047,49.9072,-2.8964,2026-07-23 14:00:00,21,80.1,10232,18.4,0.49,4.85,49,20351,,
TH2,62045,49.9072,-2.8965,2026-07-23 13:00:00,19.1,86.8,10234,18.21,0.19,1.38,304.8,17094,,
TH2,62047,49.9072,-2.8965,2026-07-23 13:00:00,19.3,85.6,10236,18.83,0.49,4.85,49,22172,,
TH2,62045,49.9071,-2.8966,2026-07-23 12:00:00,18.8,87.8,10236,18.37,0.24,1.84,321.8,17195,,
TH2,62047,49.9071,-2.8966,2026-07-23 12:00:00,19.4,85.1,10237,19.01,0.49,4.85,49,25794,,
TH2,62045,49.9071,-2.8968,2026-07-23 11:00:00,18.6,86.8,10235,17.86,0.19,1.05,288.6,22717,,
TH2,62047,49.9071,-2.8968,2026-07-23 11:00:00,18.5,87.1,10236,18.64,0.49,4.85,49,20610,,
TH2,62045,49.907,-2.8969,2026-07-23 10:00:00,19.8,85.3,10235,17.87,0.2,1.61,283,19673,,
TH2,62047,49.907,-2.8969,2026-07-23 10:00:00,18.3,92.3,10235,17.82,0.49,4.85,49,12422,,
TH2,62045,49.907,-2.897,2026-07-23 09:00:00,18.5,91.5,10232,17.62,0.16,1.2,239.3,12719,,
TH2,62047,49.907,-2.897,2026-07-23 09:00:00,18.3,91.1,10233,17.67,0.49,4.85,49,13139,,
TH2,62045,49.907,-2.897,2026-07-23 08:00:00,18,92.5,10232,17.55,0.18,1.37,239.4,11751,,
TH2,62047,49.907,-2.897,2026-07-23 08:00:00,18.2,92,10233,17.62,0.49,4.85,49,13634,,
TH2,62045,49.9071,-2.8969,2026-07-23 07:00:00,17.9,92.1,10232,17.49,0.15,1.33,228.6,13873,,
TH2,62047,49.9071,-2.8969,2026-07-23 07:00:00,18,91.6,10233,17.55,0.49,4.85,49,15605,,
TH2,62045,49.9072,-2.8968,2026-07-23 06:00:00,17.7,92.6,10230,17.56,0.28,2.21,194.2,15189,,
TH2,62047,49.9072,-2.8968,2026-07-23 06:00:00,17.6,93.3,10231,17.64,0.49,4.85,49,17708,,
TH2,62045,49.9072,-2.8966,2026-07-23 05:00:00,17.7,95.3,10228,17.44,0.44,3.44,186.5,10168,,
TH2,62047,49.9072,-2.8966,2026-07-23 05:00:00,17.7,95.1,10229,17.63,0.49,4.85,49,11178,,
TH2,62045,49.9072,-2.8965,2026-07-23 04:00:00,17.6,94.7,10227,17.43,0.33,2.4,149.9,8123,,
TH2,62047,49.9072,-2.8965,2026-07-23 04:00:00,17.6,94.2,10227,17.51,0.49,4.85,49,9343,,
TH2,62045,49.9072,-2.8965,2026-07-23 03:00:00,18,92,10226,17.6,0.29,1.92,358.3,15573,,
TH2,62047,49.9072,13.7024,2026-07-23 03:00:00,17.9,92.4,10227,17.6,0.49,4.85,49,17445,,
TH2,62045,49.9073,-2.8965,2026-07-23 02:00:00,18,93.3,10226,17.61,0.29,2.43,320.8,14162,,
TH2,62047,49.9072,-2.8965,2026-07-23 02:00:00,18,93.3,10227,17.69,0.49,4.85,49,15932,,
TH2,62045,49.9072,-2.8965,2026-07-23 01:00:00,17.9,93.3,10227,17.66,0.28,2.47,316.4,12036,,
TH2,62047,49.9072,-2.8965,2026-07-23 01:00:00,17.9,92.9,10228,17.69,0.49,4.85,49,13281,,
TH2,62045,49.9071,-2.8966,2026-07-23 00:00:00,18,91.8,10229,17.81,0.22,1.88,248.6,14478,,
TH2,62047,49.9071,-2.8966,2026-07-23 00:00:00,18,91.7,10230,17.95,0.49,4.85,49,15840,,
TH2,62045,49.9071,-2.8968,2026-07-22 23:00:00,18,92.2,10233,17.56,0.19,1.58,296,13959,,
TH2,62047,49.9071,-2.8968,2026-07-22 23:00:00,18.1,91.5,10233,18.04,0.49,4.85,49,17079,,
TH2,62045,49.907,-2.8969,2026-07-22 22:00:00,18.2,91,10235,18.06,0.3,2.47,286.1,17239,,
TH2,62047,49.907,-2.8969,2026-07-22 22:00:00,18.3,89.8,10236,18.19,0.49,4.85,49,21081,,
TH2,62045,49.907,-2.897,2026-07-22 21:00:00,18.4,91.7,10236,17.93,0.29,2.49,279.5,16225,,
TH2,62047,49.907,-2.897,2026-07-22 21:00:00,18.4,90.8,10237,18.15,0.49,4.85,49,19956,,
TH2,62045,49.9069,-2.8971,2026-07-22 20:00:00,18.9,87.6,10239,17.94,0.18,1.22,275.5,17754,,
TH2,62047,49.907,-2.897,2026-07-22 20:00:00,18.9,87.7,10240,18.38,0.49,4.85,49,19236,,
TH2,62045,49.907,-2.897,2026-07-22 19:00:00,19.1,85.9,10239,17.99,0.21,1.53,226.3,19132,,
TH2,62047,49.907,-2.897,2026-07-22 19:00:00,19.7,82.3,10240,18.09,0.49,4.85,49,22635,,
TH2,62045,49.9071,-2.8968,2026-07-22 18:00:00,19.1,82.3,10237,18.43,0.31,2.63,209.8,24045,,
TH2,62047,49.9071,-2.8967,2026-07-22 18:00:00,19.9,78.8,10238,18.98,0.49,4.85,49,12106,,
TH2,62045,49.9072,-2.8965,2026-07-22 17:00:00,19.2,84.4,10240,17.79,0.44,2.41,202,12445,,
TH2,62047,49.9072,-2.8965,2026-07-22 17:00:00,19.2,84.1,10240,17.93,0.49,4.85,49,21946,,
TH2,62045,49.9073,-2.8964,2026-07-22 16:00:00,19.2,82.5,10244,17.62,0.26,1.93,225.8,21225,,
TH2,62047,49.9073,-2.8964,2026-07-22 16:00:00,19.2,82.1,10244,17.82,0.49,4.85,49,22323,,
TH2,62045,49.9073,-2.8963,2026-07-22 15:00:00,19.1,83.5,10249,18.57,0.26,2.06,260.5,19503,,
TH2,62047,49.9073,-2.8963,2026-07-22 15:00:00,19.1,83.4,10250,19.22,0.49,4.85,49,25217,,
TH2,62045,49.9073,-2.8963,2026-07-22 14:00:00,18.9,86.8,10254,17.54,0.27,2.17,277,15979,,
TH2,62047,49.9073,-2.8963,2026-07-22 14:00:00,18.8,86.7,10255,17.55,0.49,4.85,49,23587,,
TH2,62045,49.9073,-2.8962,2026-07-22 13:00:00,18.4,91.2,10254,17.79,0.28,2.17,243.1,14757,,
TH2,62047,49.9073,-2.8962,2026-07-22 13:00:00,18.4,91.1,10256,18.27,0.49,4.85,49,14416,,
TH2,62045,49.9072,-2.8964,2026-07-22 12:00:00,18.2,87.9,10258,17.45,0.3,2.25,226,19194,,
TH2,62047,49.9072,-2.8964,2026-07-22 12:00:00,18.2,88,10258,17.76,0.49,4.85,49,20433,,
TH2,62045,49.9071,-2.8966,2026-07-22 11:00:00,18.2,84.2,10258,17.36,0.39,2.84,224.3,24219,,
TH2,62047,49.9071,-2.8966,2026-07-22 11:00:00,18.1,84.6,10259,17.43,0.49,4.85,49,33029,,
TH2,62045,49.907,-2.8968,2026-07-22 10:00:00,19.2,83.3,10262,17,0.17,1.1,210.2,22308,,
TH2,62047,49.907,-2.8968,2026-07-22 10:00:00,18.3,86,10262,17.08,0.49,4.85,49,26204,,
TH2,62045,49.9069,-2.897,2026-07-22 09:00:00,19,79.1,10261,17.16,0.07,0.5,184.3,23819,,
TH2,62047,49.9069,-2.897,2026-07-22 09:00:00,19.7,77.3,10262,17.24,0.49,4.85,49,31638,,
TH2,62045,49.9069,-2.8971,2026-07-22 08:00:00,17.8,86.6,10263,16.84,0.14,0.67,284.6,24662,,
TH2,62047,49.9069,-2.8971,2026-07-22 08:00:00,18,85,10264,16.85,0.49,4.85,49,20184,,
TH2,62045,49.9069,-2.8971,2026-07-22 07:00:00,17.6,88.3,10261,17.1,0.15,1.21,195.2,23495,,
TH2,62047,49.9069,-2.8971,2026-07-22 07:00:00,18.3,84.8,10263,17.45,0.49,4.85,49,33583,,
TH2,62045,49.907,-2.8969,2026-07-22 06:00:00,17.5,88.9,10262,17.27,0.17,1.23,222.3,23916,,
TH2,62047,49.907,-2.8969,2026-07-22 06:00:00,17.8,87.4,10263,17.42,0.49,4.85,49,29900,,
TH2,62045,49.9072,-2.8966,2026-07-22 05:00:00,17.5,87.7,10262,17.36,0.15,1.35,199.4,25367,,
TH2,62047,49.9072,-2.8966,2026-07-22 05:00:00,17.5,87.6,10263,17.4,0.49,4.85,49,30183,,
TH2,62045,49.9072,-2.8964,2026-07-22 04:00:00,17.5,84.7,10264,17.21,0.25,1.9,216.6,28733,,
TH2,62047,49.9072,-2.8964,2026-07-22 04:00:00,17.5,84.5,10265,17.45,0.49,4.85,49,35107,,
TH2,62045,49.9073,-2.8963,2026-07-22 03:00:00,17.9,80.1,10264,17.56,0.25,1.31,218.3,31582,,
TH2,62047,49.9073,-2.8963,2026-07-22 03:00:00,17.9,80.3,10265,17.7,0.49,4.85,49,40747,,
TH2,62045,49.9073,-2.8962,2026-07-22 02:00:00,18.1,79.1,10267,17.67,0.23,1.62,221.7,30294,,
TH2,62047,49.9073,-2.8962,2026-07-22 02:00:00,18.1,79,10267,17.73,0.49,4.85,49,39463,,
TH2,62045,49.9074,-2.8962,2026-07-22 01:00:00,17.8,81.7,10269,17.14,0.33,1.75,193,29271,,
TH2,62047,49.9073,-2.8962,2026-07-22 01:00:00,17.7,81.6,10270,17.24,0.49,4.85,49,39288,,
TH2,62045,49.9072,-2.8964,2026-07-22 00:00:00,17.8,77.2,10270,17.31,0.47,4.01,176.4,32091,,
TH2,62047,49.9072,-2.8964,2026-07-22 00:00:00,17.8,77.1,10271,17.44,0.49,4.85,49,41677,,
TH2,62045,49.9071,-2.8966,2026-07-21 23:00:00,17.4,87.6,10272,17.29,0.46,3.47,164.9,24273,,
TH2,62047,49.9071,-2.8966,2026-07-21 23:00:00,17.3,87.4,10273,17.37,0.49,4.85,49,30505,,
TH2,62045,49.9069,-2.8969,2026-07-21 22:00:00,17.4,87.6,10274,17.28,0.32,2.54,156.8,23703,,
TH2,62047,49.9069,-2.8969,2026-07-21 22:00:00,17.4,87.4,10274,17.33,0.49,4.85,49,28957,,
TH2,62045,49.9069,-2.8971,2026-07-21 21:00:00,17.6,87.8,10274,17.35,0.32,2.67,149.5,23905,,
TH2,62047,49.9069,-2.8971,2026-07-21 21:00:00,17.5,88.2,10275,17.57,0.49,4.85,49,27231,,
TH2,62045,49.9068,-2.8972,2026-07-21 20:00:00,17.8,85.2,10273,17.76,0.32,2.78,127.1,25903,,
TH2,62047,49.9068,-2.8972,2026-07-21 20:00:00,17.8,85.2,10274,17.95,0.49,4.85,49,31995,,
TH2,62045,49.9068,-2.8972,2026-07-21 19:00:00,18.3,78.6,10276,17.04,0.13,0.77,99.1,30139,,
TH2,62047,49.9068,-2.8972,2026-07-21 19:00:00,18.7,77.3,10276,17.29,0.49,4.85,49,39209,,
TH2,62045,49.907,-2.897,2026-07-21 18:00:00,19.5,72.7,10276,18.04,0.19,1.26,290.9,30831,,
TH2,62047,49.907,-2.8969,2026-07-21 18:00:00,18.9,74.3,10277,18.59,0.49,4.85,49,34396,,
TH2,62045,49.9071,-2.8967,2026-07-21 17:00:00,18.6,77.3,10278,18.02,0.18,1.17,188.7,27670,,
TH2,62047,49.9071,-2.8967,2026-07-21 17:00:00,19.6,73,10279,18.06,0.49,4.85,49,35196,,
TH2,62045,49.9072,-2.8963,2026-07-21 16:00:00,19.3,72.7,10282,18.74,0.22,1.53,219.8,30443,,
TH2,62047,49.9072,-2.8963,2026-07-21 16:00:00,18.5,75.9,10283,17.08,0.49,4.85,49,29978,,
TH2,62045,49.9073,-2.8962,2026-07-21 15:00:00,18.3,79.3,10285,18.03,0.14,0.86,226.5,27861,,
TH2,62047,49.9073,-2.8962,2026-07-21 15:00:00,18.2,79.8,10286,18.8,0.49,4.85,49,31703,,
TH2,62045,49.9073,-2.8961,2026-07-21 14:00:00,18.8,79.5,10285,17.95,0.14,1.04,98.9,23852,,
TH2,62047,49.9073,-2.8961,2026-07-21 14:00:00,18,83.6,10287,18.14,0.49,4.85,49,28862,,
TH2,62045,49.9074,-2.8961,2026-07-21 13:00:00,18.7,77.4,10285,17.55,0.22,1.59,153.6,27965,,
TH2,62047,49.9074,-2.8961,2026-07-21 13:00:00,17.6,82.4,10286,17.77,0.49,4.85,49,30721,,
TH2,62045,49.9073,-2.8961,2026-07-21 12:00:00,18.3,76.1,10285,17.13,0.29,2.15,161.7,28973,,
TH2,62047,49.9073,-2.8961,2026-07-21 12:00:00,17.5,80,10286,17.25,0.49,4.85,49,35530,,
TH2,62045,49.9072,-2.8963,2026-07-21 11:00:00,18,72,10284,16.81,0.34,2.73,156.8,31690,,
TH2,62047,49.9072,-2.8963,2026-07-21 11:00:00,17.4,74.9,10285,16.96,0.49,4.85,49,40012,,
TH2,62045,49.907,-2.8967,2026-07-21 10:00:00,17.4,76.1,10283,16.47,0.32,2.57,161,31546,,
TH2,62047,49.907,-2.8967,2026-07-21 10:00:00,17.2,77.2,10283,16.57,0.49,4.85,49,41875,,
TH2,62045,49.9069,-2.897,2026-07-21 09:00:00,16.9,79.8,10282,16.25,0.3,2.51,152.9,28673,,
TH2,62047,49.9069,-2.897,2026-07-21 09:00:00,17.3,78.1,10283,16.33,0.49,4.85,49,34137,,
TH2,62045,49.9068,-2.8971,2026-07-21 08:00:00,17.7,75.7,10283,16.27,0.26,1.89,107.5,30086,,
TH2,62047,49.9068,-2.8971,2026-07-21 08:00:00,17.6,76.2,10284,16.26,0.49,4.85,49,40197,,
TH2,62045,49.9068,-2.8972,2026-07-21 07:00:00,18.2,67.4,10279,16.42,0.21,1.77,332.9,34244,,
TH2,62047,49.9068,-2.8972,2026-07-21 07:00:00,17.1,70.2,10280,16.44,0.49,4.85,49,45772,,
TH2,62045,49.9069,-2.897,2026-07-21 06:00:00,19.3,62.9,10278,16.46,0.13,0.56,336.7,37131,,
TH2,62047,49.9069,-2.897,2026-07-21 06:00:00,18.3,63.8,10279,16.48,0.49,4.85,49,52445,,
TH2,62045,49.907,-2.8968,2026-07-21 05:00:00,16.9,77.9,10274,16.43,0.12,0.78,128.7,35555,,
TH2,62047,49.907,-2.8968,2026-07-21 05:00:00,16.8,80.5,10275,16.46,0.49,4.85,49,42341,,
TH2,62045,49.9072,-2.8964,2026-07-21 04:00:00,16.6,77.9,10273,16.64,0.09,0.42,238.1,34791,,
TH2,62047,49.9072,-2.8964,2026-07-21 04:00:00,16.6,77.2,10274,16.64,0.49,4.85,49,43810,,
TH2,62045,49.9073,-2.8961,2026-07-21 03:00:00,16.9,74.9,10271,16.77,0.1,0.54,270.4,33888,,
TH2,62047,49.9073,-2.8961,2026-07-21 03:00:00,16.9,75.2,10272,16.78,0.49,4.85,49,42924,,
TH2,62045,49.9073,-2.896,2026-07-21 02:00:00,17.1,65.8,10272,16.78,0.1,0.63,309.4,37935,,
TH2,62047,49.9073,-2.896,2026-07-21 02:00:00,17,67.8,10272,16.78,0.49,4.85,49,48348,,
TH2,62045,49.9074,-2.8959,2026-07-21 01:00:00,17,77.1,10271,16.54,0.18,1.38,330.1,35247,,
TH2,62047,49.9074,-2.8959,2026-07-21 01:00:00,16.8,78.1,10272,16.55,0.49,4.85,49,43612,,
TH2,62045,49.9074,-2.8959,2026-07-21 00:00:00,17.1,78.6,10268,16.72,0.25,1.98,323.5,32062,,
TH2,62047,49.9074,-2.8959,2026-07-21 00:00:00,17,79,10268,16.75,0.49,4.85,49,38242,,
TH2,62045,49.9073,-2.896,2026-07-20 23:00:00,17.3,73.7,10268,16.76,0.19,1.22,8.4,32563,,
TH2,62047,49.9073,-2.896,2026-07-20 23:00:00,17.1,75.2,10269,16.8,0.49,4.85,49,40503,,
TH2,62045,49.9071,-2.8964,2026-07-20 22:00:00,17,80,10270,16.82,0.35,2.71,329.1,28595,,
TH2,62047,49.9071,-2.8964,2026-07-20 22:00:00,16.9,80.7,10270,16.84,0.49,4.85,49,34255,,
TH2,62045,49.9069,-2.8969,2026-07-20 21:00:00,16.8,78.6,10268,16.75,0.31,2,7.2,27272,,
TH2,62047,49.9069,-2.8969,2026-07-20 21:00:00,16.8,79.1,10269,16.77,0.49,4.85,49,33287,,
TH2,62045,49.9068,-2.8971,2026-07-20 20:00:00,16.7,82,10262,16.87,0.21,1.23,102.1,23032,,
TH2,62047,49.9069,-2.8971,2026-07-20 20:00:00,16.7,81.5,10262,16.91,0.49,4.85,49,26243,,
TH2,62045,49.9068,-2.8973,2026-07-20 19:00:00,17.3,76.7,10262,16.73,0.11,0.74,355.6,25381,,
TH2,62047,49.9068,-2.8972,2026-07-20 19:00:00,17.6,75.8,10263,16.74,0.49,4.85,49,24165,,
TH2,62045,49.9068,-2.8973,2026-07-20 18:00:00,17,78,10263,17.07,0.14,0.75,35.8,24422,,
TH2,62047,49.9068,-2.8973,2026-07-20 18:00:00,16.9,78.3,10264,17.17,0.49,4.85,49,26582,,
TH2,62045,49.9069,-2.8972,2026-07-20 17:00:00,16.6,80,10266,17,0.19,1.06,74.8,23140,,
TH2,62047,49.9069,-2.8971,2026-07-20 17:00:00,16.6,80.1,10266,17.18,0.49,4.85,49,23458,,
TH2,62045,49.9071,-2.8966,2026-07-20 16:00:00,16.8,75.3,10267,17.11,0.27,2.14,76.8,27847,,
TH2,62047,49.9071,-2.8965,2026-07-20 16:00:00,16.8,75.4,10267,17.18,0.49,4.85,49,32941,,
TH2,62045,49.9072,-2.8962,2026-07-20 15:00:00,16.8,79.5,10269,17.05,0.37,2.25,54.4,27699,,
TH2,62047,49.9072,-2.8962,2026-07-20 15:00:00,16.8,80.2,10269,17.28,0.49,4.85,49,28287,,
TH2,62045,49.9073,-2.896,2026-07-20 14:00:00,17.2,78.6,10268,16.89,0.28,2.16,82.7,23976,,
TH2,62047,49.9073,-2.896,2026-07-20 14:00:00,16.8,80.1,10270,16.91,0.49,4.85,49,28283,,
TH2,62045,49.9073,-2.8959,2026-07-20 13:00:00,16.8,83.5,10267,16.57,0.32,2.59,65.8,23625,,
TH2,62047,49.9073,-2.8959,2026-07-20 13:00:00,17.3,80.7,10268,16.59,0.49,4.85,49,30750,,
TH2,62045,49.9074,-2.8959,2026-07-20 12:00:00,16.7,86.2,10268,16.53,0.33,2.5,58.6,21807,,
TH2,62047,49.9074,-2.8959,2026-07-20 12:00:00,17.4,82.3,10268,16.55,0.49,4.85,49,27550,,
TH2,62045,49.9073,-2.8959,2026-07-20 11:00:00,16.5,91.5,10270,16.41,0.37,3.06,16.7,17377,,
TH2,62047,49.9073,-2.8959,2026-07-20 11:00:00,17.3,87,10270,16.43,0.49,4.85,49,23504,,
TH2,62045,49.9072,-2.8963,2026-07-20 10:00:00,16.4,90.6,10269,16.28,0.41,3.27,30.6,18701,,
TH2,62047,49.9072,-2.8963,2026-07-20 10:00:00,17,87.2,10270,16.29,0.49,4.85,49,23000,,
TH2,62045,49.9069,-2.8967,2026-07-20 09:00:00,16.2,91.1,10267,16.21,0.35,2.79,35.9,19257,,
TH2,62047,49.9069,-2.8968,2026-07-20 09:00:00,16.9,87.8,10268,16.29,0.49,4.85,49,25019,,
TH2,62045,49.9069,-2.897,2026-07-20 08:00:00,16.1,92.5,10266,16.06,0.25,1.64,15.5,21334,,
TH2,62047,49.9069,-2.897,2026-07-20 08:00:00,16.2,91.9,10266,16.08,0.49,4.85,49,17746,,
TH2,62045,49.9068,-2.8972,2026-07-20 07:00:00,16.4,92.5,10265,16.03,0.3,2.21,9.9,17848,,
TH2,62047,49.9068,-2.8972,2026-07-20 07:00:00,16.1,92.7,10266,16.02,0.49,4.85,49,13524,,
TH2,62045,49.9068,-2.8974,2026-07-20 06:00:00,16.5,87.2,10261,16.05,0.11,0.62,79,20678,,
TH2,62047,49.9068,-2.8973,2026-07-20 06:00:00,16.4,87.6,10262,16.04,0.49,4.85,49,23292,,
TH2,62045,49.9068,-2.8974,2026-07-20 05:00:00,15.8,93.1,10261,16.01,0.13,0.78,77.9,14913,,
TH2,62047,49.9068,-2.8974,2026-07-20 05:00:00,15.8,93.1,10262,16.01,0.49,4.85,49,19175,,
TH2,62045,49.907,-2.8967,2026-07-20 04:00:00,16,92.4,10258,16.53,0.23,1.99,128.3,16843,,
TH2,62047,49.907,-2.8967,2026-07-20 04:00:00,16,92.4,10259,16.53,0.49,4.85,49,18037,,
TH2,62045,49.9072,-2.8962,2026-07-20 03:00:00,16.3,90.8,10257,16.3,0.3,2.36,139.6,21312,,
TH2,62047,49.9072,-2.8963,2026-07-20 03:00:00,16.2,90.6,10257,16.32,0.49,4.85,49,24635,,
TH2,62045,49.9073,-2.896,2026-07-20 02:00:00,16.3,88.4,10255,16.37,0.15,0.6,175.5,26640,,
TH2,62047,49.9073,-2.896,2026-07-20 02:00:00,16.3,88.2,10256,16.37,0.49,4.85,49,36335,,
TH2,62045,49.9074,-2.8958,2026-07-20 01:00:00,16.3,90.5,10252,16.51,0.37,2.39,180.7,22991,,
TH2,62047,49.9074,-2.8959,2026-07-20 01:00:00,16.4,89.5,10253,16.52,0.49,4.85,49,30669,,
TH2,62045,49.9074,-2.8958,2026-07-20 00:00:00,16.4,89.2,10250,16.25,0.23,1.28,238.2,23939,,
TH2,62047,49.9074,-2.8958,2026-07-20 00:00:00,16.4,89.2,10251,16.24,0.49,4.85,49,31148,,
TH2,62045,49.9074,-2.8958,2026-07-19 23:00:00,16.4,88.6,10249,16.37,0.38,3.12,196.4,23641,,
TH2,62047,49.9074,-2.8958,2026-07-19 23:00:00,16.5,88.4,10249,16.39,0.49,4.85,49,31787,,
TH2,62045,49.9073,-2.8959,2026-07-19 22:00:00,16.6,85.9,10248,16.33,0.27,1.68,234.5,28299,,
TH2,62047,49.9073,-2.8959,2026-07-19 22:00:00,16.5,86.1,10248,16.34,0.49,4.85,49,39470,,
TH2,62045,49.9071,-2.8965,2026-07-19 21:00:00,16.3,88.3,10248,16.33,0.19,0.98,222.5,25892,,
TH2,62047,49.9071,-2.8965,2026-07-19 21:00:00,16.3,88.3,10249,16.33,0.49,4.85,49,33842,,
TH2,62045,49.9069,-2.8969,2026-07-19 20:00:00,16.5,85,10246,16.39,0.19,1.17,211.5,28556,,
TH2,62047,49.9069,-2.8969,2026-07-19 20:00:00,16.5,84.8,10246,16.44,0.49,4.85,49,34874,,
TH2,62045,49.9068,-2.8972,2026-07-19 19:00:00,17.3,78.7,10243,16.38,0.25,1.8,297.4,32633,,
TH2,62047,49.9068,-2.8972,2026-07-19 19:00:00,17.1,79.5,10244,16.36,0.49,4.85,49,17268,,
TH2,62045,49.9068,-2.8973,2026-07-19 18:00:00,17.3,73.9,10243,16.66,0.24,1.34,278,32971,,
TH2,62047,49.9068,-2.8973,2026-07-19 18:00:00,17.2,74.7,10244,16.65,0.49,4.85,49,39806,,
TH2,62045,49.9068,-2.8974,2026-07-19 17:00:00,19.3,65.4,10244,16.81,0.13,0.56,319.7,32998,,
TH2,62047,49.9068,-2.8974,2026-07-19 17:00:00,19.2,65,10245,16.81,0.49,4.85,49,46294,,
TH2,62045,49.907,-2.897,2026-07-19 16:00:00,17,73,10247,16.67,0.22,1.52,141.5,35308,,
TH2,62047,49.907,-2.897,2026-07-19 16:00:00,17.3,72.2,10248,16.64,0.49,4.85,49,49396,,
TH2,62045,49.9071,-2.8965,2026-07-19 15:00:00,16.9,72.7,10250,16.71,0.2,1.2,132.3,32714,,
TH2,62047,49.9072,-2.8965,2026-07-19 15:00:00,17.2,71.6,10251,16.82,0.49,4.85,49,43170,,
TH2,62045,49.9073,-2.8961,2026-07-19 14:00:00,17.5,73.2,10252,16.45,0.16,0.92,127.1,32315,,
TH2,62047,49.9073,-2.8961,2026-07-19 14:00:00,16.8,75.7,10253,16.48,0.49,4.85,49,38625,,
TH2,62045,49.9073,-2.8959,2026-07-19 13:00:00,17.3,73.4,10251,16.37,0.34,2.51,106.6,31584,,
TH2,62047,49.9073,-2.8959,2026-07-19 13:00:00,16.6,76.9,10252,16.43,0.49,4.85,49,40561,,
TH2,62045,49.9074,-2.8958,2026-07-19 12:00:00,16.8,76.3,10249,16.17,0.51,3.74,96.1,31991,,
TH2,62047,49.9074,-2.8958,2026-07-19 12:00:00,16.4,77.7,10251,16.17,0.49,4.85,49,40569,,
TH2,62045,49.9074,-2.8958,2026-07-19 11:00:00,16.6,80,10247,16.03,0.51,3.67,88.1,28153,,
TH2,62047,49.9074,-2.8958,2026-07-19 11:00:00,16.6,80.1,10248,16.02,0.49,4.85,49,31850,,
TH2,62045,49.9073,-2.8958,2026-07-19 10:00:00,16.7,81.3,10245,16,0.56,4.43,100.5,25229,,
TH2,62047,49.9073,-2.8958,2026-07-19 10:00:00,16.5,82.9,10246,16.01,0.49,4.85,49,31207,,
TH2,62045,49.9071,-2.8962,2026-07-19 09:00:00,16.7,82,10241,16,0.55,3.98,88.7,28540,,
TH2,62047,49.9071,-2.8963,2026-07-19 09:00:00,16.7,81.9,10242,15.99,0.49,4.85,49,34729,,
TH2,62045,49.9069,-2.8969,2026-07-19 08:00:00,16.7,87.9,10238,16,0.54,4.14,91.4,22346,,
TH2,62047,49.9069,-2.8969,2026-07-19 08:00:00,16.7,87.3,10239,15.99,0.49,4.85,49,23541,,
TH2,62045,49.9068,-2.8971,2026-07-19 07:00:00,16.7,88.8,10232,15.98,0.69,5.63,89.8,20304,,
TH2,62047,49.9068,-2.8971,2026-07-19 07:00:00,16.7,88.8,10233,15.98,0.49,4.85,49,22098,,
TH2,62045,49.9068,-2.8973,2026-07-19 06:00:00,16.8,87.3,10229,15.94,0.74,6.35,97.7,20845,,
TH2,62047,49.9068,-2.8973,2026-07-19 06:00:00,16.7,87.2,10229,15.94,0.49,4.85,49,23102,,
TH2,62045,49.9068,-2.8974,2026-07-19 05:00:00,16.4,91.3,10223,15.89,0.65,5.64,102.1,15500,,
TH2,62047,49.9068,-2.8974,2026-07-19 05:00:00,16.4,91.2,10224,15.89,0.49,4.85,49,17517,,
TH2,62045,49.9068,-2.8974,2026-07-19 04:00:00,16.2,93.6,10221,15.91,0.63,5.32,99.2,10252,,
TH2,62047,49.9068,-2.8974,2026-07-19 04:00:00,16.2,93.8,10221,15.9,0.49,4.85,49,11106,,
TH2,62045,49.9071,-2.8966,2026-07-19 03:00:00,16.3,94.8,10218,16.24,0.57,4.94,110.2,5363,,
TH2,62047,49.9071,-2.8966,2026-07-19 03:00:00,16.3,94.6,10219,16.24,0.49,4.85,49,5057,,
TH2,62045,49.9073,-2.8961,2026-07-19 02:00:00,16.5,93.6,10216,16.25,0.55,4.59,111.2,6606,,
TH2,62047,49.9073,-2.8961,2026-07-19 02:00:00,16.5,94,10217,16.25,0.49,4.85,49,5765,,
TH2,62045,49.9074,-2.8959,2026-07-19 01:00:00,16.5,92.8,10212,16.32,0.49,4.33,134.7,6300,,
TH2,62047,49.9074,-2.8959,2026-07-19 01:00:00,16.5,92.5,10213,16.32,0.49,4.85,49,5854,,
TH2,62045,49.9074,-2.8957,2026-07-19 00:00:00,16.7,90.1,10211,16.15,0.5,4.09,121.8,8223,,
TH2,62047,49.9074,-2.8957,2026-07-19 00:00:00,16.8,89.1,10212,16.16,0.49,4.85,49,8033,,
TH2,62045,49.9075,-2.8956,2026-07-18 23:00:00,16.8,92,10207,16.02,0.54,4.25,122.4,7649,,
TH2,62047,49.9075,-2.8957,2026-07-18 23:00:00,16.9,91.3,10208,16.02,0.49,4.85,49,7450,,
TH2,62045,49.9075,-2.8957,2026-07-18 22:00:00,17.7,87.6,10205,16.13,0.16,0.93,35.9,9610,,
TH2,62047,49.9075,-2.8957,2026-07-18 22:00:00,17.5,88.5,10206,16.14,0.49,4.85,49,9035,,
TH2,62045,49.9073,-2.8959,2026-07-18 21:00:00,16.9,90,10200,16.06,0.16,0.78,359.4,9386,,
TH2,62047,49.9073,-2.8959,2026-07-18 21:00:00,16.7,90.6,10201,16.06,0.49,4.85,49,8646,,
TH2,62045,49.907,-2.8965,2026-07-18 20:00:00,16.8,91.3,10194,16.03,0.21,1.35,343.4,7786,,
TH2,62047,49.907,-2.8965,2026-07-18 20:00:00,16.8,90.8,10195,16.03,0.49,4.85,49,7053,,
TH2,62045,49.9069,-2.897,2026-07-18 19:00:00,17.6,85.8,10194,16.1,0.43,2.63,325.8,9076,,
TH2,62047,49.9069,-2.897,2026-07-18 19:00:00,17.4,86.4,10194,16.07,0.49,4.85,49,8051,,
TH2,62045,49.9068,-2.8972,2026-07-18 18:00:00,17.1,89.1,10190,16.26,0.44,3.74,105.1,7976,,
TH2,62047,49.9068,-2.8972,2026-07-18 18:00:00,17.1,88.6,10191,16.23,0.49,4.85,49,8409,,
TH2,62045,49.9068,-2.8974,2026-07-18 17:00:00,17.6,86.8,10191,16.29,0.43,3.16,75.5,9463,,
TH2,62047,49.9068,-2.8974,2026-07-18 17:00:00,17.7,86.4,10191,16.43,0.49,4.85,49,8309,,
TH2,62045,49.9068,-2.8974,2026-07-18 16:00:00,17.7,86.1,10194,16.52,0.2,0.99,54.5,10028,,
TH2,62047,49.9068,-2.8974,2026-07-18 16:00:00,17.7,86,10194,16.52,0.49,4.85,49,8615,,
TH2,62045,49.907,-2.8971,2026-07-18 15:00:00,17.6,86.8,10197,16.64,0.36,2.54,24.1,10320,,
TH2,62047,49.907,-2.8971,2026-07-18 15:00:00,17.5,87.2,10197,16.64,0.49,4.85,49,8421,,
TH2,62045,49.9072,-2.8964,2026-07-18 14:00:00,17.6,89.2,10197,16.39,0.47,3.4,6.1,8414,,
TH2,62047,49.9072,-2.8964,2026-07-18 14:00:00,17.1,90.8,10197,16.46,0.49,4.85,49,6529,,
TH2,62045,49.9073,-2.896,2026-07-18 13:00:00,17.5,87.3,10194,16.28,0.55,4.08,63.9,8650,,
TH2,62047,49.9073,-2.896,2026-07-18 13:00:00,17.2,87.7,10195,16.3,0.49,4.85,49,8149,,
TH2,62045,49.9074,-2.8957,2026-07-18 12:00:00,17,89.1,10192,16.24,0.54,4.36,44.9,8531,,
TH2,62047,49.9074,-2.8957,2026-07-18 12:00:00,17.5,86.4,10192,16.24,0.49,4.85,49,8680,,
TH2,62045,49.9074,-2.8957,2026-07-18 11:00:00,17,90.7,10188,16.03,0.53,4.32,66.6,7573,,
TH2,62047,49.9074,-2.8957,2026-07-18 11:00:00,17.5,88,10189,16.04,0.49,4.85,49,7814,,
TH2,62045,49.9074,-2.8956,2026-07-18 10:00:00,17,92.3,10186,15.94,0.54,4.25,52.2,6342,,
TH2,62047,49.9074,-2.8956,2026-07-18 10:00:00,17.3,90.5,10187,15.93,0.49,4.85,49,5866,,
TH2,62045,49.9073,-2.8958,2026-07-18 09:00:00,17.2,91.7,10183,15.94,0.73,5.52,33.5,6983,,
TH2,62047,49.9073,-2.8958,2026-07-18 09:00:00,17.4,90.1,10184,15.94,0.49,4.85,49,6473,,
TH2,62045,49.9071,-2.8963,2026-07-18 08:00:00,17.1,93,10180,15.95,0.71,5.56,47.8,6643,,
TH2,62047,49.9071,-2.8963,2026-07-18 08:00:00,17.3,91.6,10181,15.94,0.49,4.85,49,6398,,
TH2,62045,49.9069,-2.8968,2026-07-18 07:00:00,17.2,89.4,10177,15.94,0.83,6.46,29.3,7848,,
TH2,62047,49.9069,-2.8969,2026-07-18 07:00:00,17.2,89.6,10178,15.94,0.49,4.85,49,7896,,
TH2,62045,49.9068,-2.8971,2026-07-18 06:00:00,17.1,88.6,10173,15.91,0.65,4.25,5.3,10376,,
TH2,62047,49.9068,-2.8971,2026-07-18 06:00:00,17,88.8,10174,15.91,0.49,4.85,49,9714,,
TH2,62045,49.9068,-2.8973,2026-07-18 05:00:00,16.7,89.9,10173,15.86,0.57,4.61,352.2,9084,,
TH2,62047,49.9068,-2.8973,2026-07-18 05:00:00,16.7,89.6,10173,15.86,0.49,4.85,49,9536,,
TH2,62045,49.9068,-2.8975,2026-07-18 04:00:00,17.1,87.5,10174,15.81,0.64,5.17,341.8,10578,,
TH2,62047,49.9068,-2.8975,2026-07-18 04:00:00,17.2,86.8,10175,15.81,0.49,4.85,49,10785,,
TH2,62045,49.907,-2.897,2026-07-18 03:00:00,17.7,85.8,10173,15.99,0.63,4.95,336.9,12518,,
TH2,62047,49.907,-2.897,2026-07-18 03:00:00,17.8,84.6,10174,15.99,0.49,4.85,49,13077,,
TH2,62045,49.9074,-2.8959,2026-07-18 02:00:00,17.9,84.8,10173,16.17,0.51,3.94,324.6,14269,,
TH2,62047,49.9074,-2.8959,2026-07-18 02:00:00,18.1,83.9,10174,16.18,0.49,4.85,49,14994,,
TH2,62045,49.9076,-2.8952,2026-07-18 01:00:00,18.5,82.3,10173,16.36,0.5,2.92,292.5,17087,,
TH2,62047,49.9076,-2.8952,2026-07-18 01:00:00,18.5,82,10174,16.34,0.49,4.85,49,18849,,
TH2,62045,49.9077,-2.895,2026-07-18 00:00:00,18.2,87.3,10171,16.43,0.54,4.62,271.7,17121,,
TH2,62047,49.9077,-2.895,2026-07-18 00:00:00,18.2,86.9,10172,16.44,0.49,4.85,49,19262,,
TH2,62045,49.9078,-2.8949,2026-07-17 23:00:00,17.8,91.1,10172,16.27,0.52,4.12,251.8,12895,,
TH2,62047,49.9078,-2.8949,2026-07-17 23:00:00,17.8,91,10173,16.27,0.49,4.85,49,15824,,
TH2,62045,49.9078,-2.8949,2026-07-17 22:00:00,17.9,88.5,10172,16.18,0.51,4,243.2,15232,,
TH2,62047,49.9078,-2.8949,2026-07-17 22:00:00,17.8,88.3,10172,16.19,0.49,4.85,49,20060,,
TH2,62045,49.9076,-2.8952,2026-07-17 21:00:00,17.9,85.4,10170,16.12,0.58,4.49,248.7,20592,,
TH2,62047,49.9076,-2.8952,2026-07-17 21:00:00,17.9,85.3,10171,16.14,0.49,4.85,49,26016,,
TH2,62045,49.9073,-2.8959,2026-07-17 20:00:00,17.6,89.5,10167,16.18,0.51,3.94,248.6,16842,,
TH2,62047,49.9073,-2.8959,2026-07-17 20:00:00,17.6,89.3,10168,16.18,0.49,4.85,49,20695,,
TH2,62045,49.9071,-2.8967,2026-07-17 19:00:00,17.4,91.9,10167,16.11,0.45,2.86,232.8,14112,,
TH2,62047,49.9071,-2.8967,2026-07-17 19:00:00,17.3,91.6,10167,16.08,0.49,4.85,49,18135,,
TH2,62045,49.9069,-2.897,2026-07-17 18:00:00,18.2,89.7,10167,16.01,0.51,4.24,253.6,16745,,
TH2,62047,49.9069,-2.897,2026-07-17 18:00:00,17.9,90.9,10168,16.03,0.49,4.85,49,16803,,
TH2,62045,49.9069,-2.8973,2026-07-17 17:00:00,18.2,90.4,10170,16.01,0.43,3.17,233.8,15511,,
TH2,62047,49.9069,-2.8973,2026-07-17 17:00:00,18.8,86.5,10171,16.01,0.49,4.85,49,19595,,
TH2,62045,49.9069,-2.8974,2026-07-17 16:00:00,18.6,87.6,10175,16.69,0.35,2.74,235.2,17705,,
TH2,62047,49.9069,-2.8974,2026-07-17 16:00:00,19.3,83.8,10176,16.74,0.49,4.85,49,21164,,
TH2,62045,49.9069,-2.8974,2026-07-17 15:00:00,19,87.1,10178,16.72,0.32,2.52,210,16702,,
TH2,62047,49.9069,-2.8974,2026-07-17 15:00:00,19.7,83.3,10179,17.01,0.49,4.85,49,19542,,
TH2,62045,49.9072,-2.8964,2026-07-17 14:00:00,18.9,87.6,10180,16.49,0.26,1.96,233.4,15828,,
TH2,62047,49.9073,-2.8964,2026-07-17 14:00:00,19.4,84.9,10180,16.54,0.49,4.85,49,18540,,
TH2,62045,49.9075,-2.8957,2026-07-17 13:00:00,19.7,83.6,10180,16.41,0.28,2.03,238.6,17976,,
TH2,62047,49.9075,-2.8957,2026-07-17 13:00:00,18.6,88,10181,16.26,0.49,4.85,49,15408,,
TH2,62045,49.9076,-2.8955,2026-07-17 12:00:00,19,84.1,10179,16.34,0.24,1.6,276.3,17784,,
TH2,62047,49.9076,-2.8955,2026-07-17 12:00:00,19.1,83.3,10180,16.38,0.49,4.85,49,21707,,
TH2,62045,49.9076,-2.8953,2026-07-17 11:00:00,18.1,88.1,10174,16.08,0.2,1.29,324.1,14948,,
TH2,62047,49.9076,-2.8953,2026-07-17 11:00:00,18.7,85,10175,16.1,0.49,4.85,49,19867,,
TH2,62045,49.9076,-2.8952,2026-07-17 10:00:00,17.4,90.4,10171,16.04,0.26,2.05,334.7,12418,,
TH2,62047,49.9076,-2.8953,2026-07-17 10:00:00,17.6,88.7,10172,16.14,0.49,4.85,49,15554,,
TH2,62045,49.9076,-2.8953,2026-07-17 09:00:00,17.1,89.2,10169,15.87,0.27,1.81,357.9,12966,,
TH2,62047,49.9076,-2.8954,2026-07-17 09:00:00,17.7,86.1,10170,15.91,0.49,4.85,49,16889,,
TH2,62045,49.9074,-2.8958,2026-07-17 08:00:00,17,86.2,10168,15.86,0.4,2.99,353.4,16835,,
TH2,62047,49.9074,-2.8958,2026-07-17 08:00:00,17.2,85.2,10168,15.86,0.49,4.85,49,20331,,
TH2,62045,49.9071,-2.8964,2026-07-17 07:00:00,17.1,85.2,10166,15.87,0.38,3,355.4,17757,,
TH2,62047,49.9071,-2.8964,2026-07-17 07:00:00,17.1,85.3,10167,15.87,0.49,4.85,49,19270,,
TH2,62045,49.9069,-2.897,2026-07-17 06:00:00,17.2,84.9,10166,15.88,0.4,3.16,15.2,18416,,
TH2,62047,49.9069,-2.897,2026-07-17 06:00:00,17.2,84.9,10167,15.88,0.49,4.85,49,19339,,
TH2,62045,49.9068,-2.8972,2026-07-17 05:00:00,17.3,85,10168,15.85,0.4,1.77,13.7,17454,,
TH2,62047,49.9069,-2.8972,2026-07-17 05:00:00,17.3,84.8,10168,15.85,0.49,4.85,49,18913,,
TH2,62045,49.9069,-2.8974,2026-07-17 04:00:00,16.9,85.6,10168,15.8,0.45,3.89,10.6,18051,,
TH2,62047,49.9069,-2.8974,2026-07-17 04:00:00,17,85.4,10169,15.8,0.49,4.85,49,21506,,
TH2,62045,49.9069,-2.8974,2026-07-17 03:00:00,17.1,84.5,10171,15.75,0.42,3.53,21.5,18848,,
TH2,62047,49.9069,-2.8974,2026-07-17 03:00:00,17.1,84.1,10171,15.76,0.49,4.85,49,22213,,
TH2,62045,49.9072,-2.8966,2026-07-17 02:00:00,16.8,87.4,10173,15.75,0.51,4.19,19.1,17021,,
TH2,62047,49.9072,-2.8966,2026-07-17 02:00:00,16.9,86.7,10173,15.75,0.49,4.85,49,20352,,
TH2,62045,49.9075,-2.8958,2026-07-17 01:00:00,17,86.1,10173,15.85,0.59,4.73,21.2,17142,,
TH2,62047,49.9075,-2.8958,2026-07-17 01:00:00,17,86,10173,15.85,0.49,4.85,49,19241,,
TH2,62045,49.9076,-2.8952,2026-07-17 00:00:00,17,87.1,10172,15.87,0.49,3.5,36.5,16176,,
TH2,62047,49.9076,-2.8952,2026-07-17 00:00:00,16.9,87.1,10173,15.87,0.49,4.85,49,16339,,
TH2,62045,49.9077,-2.895,2026-07-16 23:00:00,16.9,88.1,10172,15.86,0.43,2.76,24,15156,,
TH2,62047,49.9077,-2.895,2026-07-16 23:00:00,16.8,88.3,10173,15.87,0.49,4.85,49,15449,,
TH2,62045,49.9077,-2.8949,2026-07-16 22:00:00,17.4,84.8,10171,15.79,0.44,3.28,340.6,18103,,
TH2,62047,49.9077,-2.8949,2026-07-16 22:00:00,17.3,84.9,10171,15.78,0.49,4.85,49,18862,,
TH2,62045,49.9078,-2.8949,2026-07-16 21:00:00,17.6,83.6,10164,15.86,0.3,1.91,10.5,19952,,
TH2,62047,49.9078,-2.895,2026-07-16 21:00:00,17.4,84.4,10165,15.86,0.49,4.85,49,20950,,
TH2,62045,49.9074,-2.8956,2026-07-16 20:00:00,17.6,83.4,10159,15.84,0.28,1.74,94.4,19164,,
TH2,62047,49.9074,-2.8956,2026-07-16 20:00:00,17.6,83.3,10160,15.84,0.49,4.85,49,21198,,
TH2,62045,49.9072,-2.8959,2026-07-16 19:00:00,18,82.2,10156,15.92,0.52,3.83,100.1,16141,,
TH2,62047,49.9072,-2.896,2026-07-16 19:00:00,17.9,82.5,10157,15.91,0.49,4.85,49,18140,,
TH2,62045,49.9069,-2.8968,2026-07-16 18:00:00,18.3,84.6,10159,15.98,0.63,4.64,103.6,14477,,
TH2,62047,49.9069,-2.8968,2026-07-16 18:00:00,18.2,84.4,10160,15.97,0.49,4.85,49,14396,,
TH2,62045,49.9068,-2.8972,2026-07-16 17:00:00,17.5,90.4,10169,15.9,0.57,4.26,169.6,10174,,
TH2,62047,49.9068,-2.8972,2026-07-16 17:00:00,17.7,89.4,10170,15.91,0.49,4.85,49,11386,,
TH2,62045,49.9068,-2.8974,2026-07-16 16:00:00,17.5,90.1,10172,15.87,0.4,2.69,65.4,9999,,
TH2,62047,49.9068,-2.8974,2026-07-16 16:00:00,17.5,89.9,10172,15.87,0.49,4.85,49,8728,,
TH2,62045,49.9068,-2.8975,2026-07-16 15:00:00,17.6,88.7,10175,16.05,0.48,3.11,70.1,10054,,
TH2,62047,49.9068,-2.8975,2026-07-16 15:00:00,17.6,88.6,10176,16.13,0.49,4.85,49,9818,,
TH2,62045,49.9069,-2.8975,2026-07-16 14:00:00,17.4,89.2,10177,16.04,0.68,2.5,54.7,8644,,
TH2,62047,49.9069,-2.8975,2026-07-16 14:00:00,17.4,89.4,10177,16.05,0.49,4.85,49,8791,,
TH2,62045,49.9071,-2.8967,2026-07-16 13:00:00,17.6,87.7,10179,15.96,0.86,3.1,54.7,9177,,
TH2,62047,49.9071,-2.8967,2026-07-16 13:00:00,17.5,87.9,10179,15.96,0.49,4.85,49,8642,,
TH2,62045,49.9073,-2.896,2026-07-16 12:00:00,17.3,88.5,10184,15.89,0.98,6.01,46.1,8958,,
TH2,62047,49.9073,-2.896,2026-07-16 12:00:00,17.3,88.2,10185,15.88,0.49,4.85,49,8594,,
TH2,62045,49.9074,-2.8956,2026-07-16 11:00:00,17.1,89.5,10181,15.83,0.88,6.61,46.4,8412,,
TH2,62047,49.9074,-2.8956,2026-07-16 11:00:00,17.2,88.2,10182,15.83,0.49,4.85,49,8131,,
TH2,62045,49.9075,-2.8954,2026-07-16 10:00:00,16.9,90,10181,15.75,0.9,6.84,37.3,8136,,
TH2,62047,49.9075,-2.8954,2026-07-16 10:00:00,17.3,87.5,10182,15.75,0.49,4.85,49,8198,,
TH2,62045,49.9075,-2.8954,2026-07-16 09:00:00,16.8,90.3,10185,15.7,0.81,6.3,35.7,8206,,
TH2,62047,49.9075,-2.8954,2026-07-16 09:00:00,17.1,88.4,10186,15.7,0.49,4.85,49,7365,,
TH2,62045,49.9074,-2.8955,2026-07-16 08:00:00,17,88.7,10188,15.76,0.88,6.94,39.6,9624,,
TH2,62047,49.9074,-2.8956,2026-07-16 08:00:00,17.3,87.1,10188,15.76,0.49,4.85,49,9203,,
TH2,62045,49.9072,-2.8958,2026-07-16 07:00:00,17.1,88.8,10190,15.82,0.8,6.25,36.6,10771,,
TH2,62047,49.9072,-2.8958,2026-07-16 07:00:00,17.3,87.5,10190,15.82,0.49,4.85,49,10400,,
TH2,62045,49.907,-2.8966,2026-07-16 06:00:00,17.4,86.6,10188,15.85,0.94,7.05,44.6,15369,,
TH2,62047,49.907,-2.8966,2026-07-16 06:00:00,17.5,86.2,10188,15.85,0.49,4.85,49,14524,,
TH2,62045,49.9068,-2.897,2026-07-16 05:00:00,17.3,86.9,10190,15.84,1,7.83,46.1,17705,,
TH2,62047,49.9068,-2.897,2026-07-16 05:00:00,17.3,87,10190,15.84,0.49,4.85,49,20326,,
TH2,62045,49.9068,-2.8973,2026-07-16 04:00:00,17.2,87.6,10195,15.81,0.55,4.38,56.8,18224,,
TH2,62047,49.9068,-2.8973,2026-07-16 04:00:00,17.2,87.4,10196,15.81,0.49,4.85,49,21965,,
TH2,62045,49.9068,-2.8974,2026-07-16 03:00:00,17.5,83.4,10198,15.75,0.54,2.53,60.1,18921,,
TH2,62047,49.9068,-2.8974,2026-07-16 03:00:00,17.5,83.4,10198,15.75,0.49,4.85,49,25016,,
TH2,62045,49.9069,-2.8972,2026-07-16 02:00:00,17.2,90,10202,15.71,0.67,4.9,32,11247,,
TH2,62047,49.907,-2.8972,2026-07-16 02:00:00,17.1,89.8,10203,15.71,0.49,4.85,49,12248,,
TH2,62045,49.9073,-2.8963,2026-07-16 01:00:00,16.8,91.1,10205,15.75,0.71,5.89,26.3,10431,,
TH2,62047,49.9073,-2.8962,2026-07-16 01:00:00,16.7,91,10206,15.75,0.49,4.85,49,10903,,
TH2,62045,49.9075,-2.8954,2026-07-16 00:00:00,16.7,92.2,10207,15.79,0.57,2.83,22.4,9409,,
TH2,62047,49.9076,-2.8954,2026-07-16 00:00:00,16.7,91.8,10207,15.79,0.49,4.85,49,9125,,
TH2,62045,49.9077,-2.8949,2026-07-15 23:00:00,16.9,91.3,10206,15.82,0.56,4.2,26,9488,,
TH2,62047,49.9077,-2.8949,2026-07-15 23:00:00,16.9,91.2,10207,15.82,0.49,4.85,49,9244,,
TH2,62045,49.9078,-2.8947,2026-07-15 22:00:00,17.5,88.9,10206,15.85,0.25,1.39,37,10980,,
TH2,62047,49.9078,-2.8947,2026-07-15 22:00:00,17.5,88.6,10207,15.85,0.49,4.85,49,10442,,
TH2,62045,49.9078,-2.8947,2026-07-15 21:00:00,17.2,91.8,10204,15.79,0.38,2.26,6,9069,,
TH2,62047,49.9078,-2.8947,2026-07-15 21:00:00,17.1,91.7,10205,15.79,0.49,4.85,49,8373,,
TH2,62045,49.9077,-2.8948,2026-07-15 20:00:00,17.3,90.3,10199,15.83,0.33,2.38,142.4,9461,,
TH2,62047,49.9077,-2.8948,2026-07-15 20:00:00,17.3,90.4,10200,15.83,0.49,4.85,49,9365,,
TH2,62045,49.9073,-2.8956,2026-07-15 19:00:00,17.5,90.4,10194,15.78,0.48,3.59,110.2,9278,,
TH2,62047,49.9073,-2.8956,2026-07-15 19:00:00,17.4,90.4,10196,15.78,0.49,4.85,49,9133,,
TH2,62045,49.9071,-2.8961,2026-07-15 18:00:00,17.4,91.5,10193,15.85,0.63,4.72,82.6,7757,,
TH2,62047,49.9071,-2.8961,2026-07-15 18:00:00,17.4,91.4,10193,15.85,0.49,4.85,49,7384,,
TH2,62045,49.9068,-2.8969,2026-07-15 17:00:00,17.4,91.2,10193,15.85,0.97,7.07,80,7793,,
TH2,62047,49.9068,-2.8969,2026-07-15 17:00:00,17.3,91.2,10194,15.85,0.49,4.85,49,7555,,
TH2,62045,49.9068,-2.8973,2026-07-15 16:00:00,17.3,91.4,10190,15.84,1.1,8.47,72.9,7117,,
TH2,62047,49.9068,-2.8973,2026-07-15 16:00:00,17.3,91.1,10191,15.84,0.49,4.85,49,6920,,
TH2,62045,49.9067,-2.8975,2026-07-15 15:00:00,17.3,91.4,10199,15.81,1.21,8.38,74.4,6313,,
TH2,62047,49.9067,-2.8974,2026-07-15 15:00:00,17.3,91.3,10199,15.81,0.49,4.85,49,6153,,
TH2,62045,49.9068,-2.8976,2026-07-15 14:00:00,17.7,90.7,10206,16.02,0.82,5.73,73.5,7700,,
TH2,62047,49.9068,-2.8976,2026-07-15 14:00:00,17.6,90.6,10207,16.03,0.49,4.85,49,8530,,
TH2,62045,49.9069,-2.8975,2026-07-15 13:00:00,17.3,91.3,10209,15.99,0.62,4.05,85.5,8808,,
TH2,62047,49.9069,-2.8975,2026-07-15 13:00:00,17.3,91.1,10209,15.98,0.49,4.85,49,8570,,
TH2,62045,49.9072,-2.8966,2026-07-15 12:00:00,17.5,89.9,10202,15.93,1.03,5.28,70.8,9074,,
TH2,62047,49.9072,-2.8966,2026-07-15 12:00:00,17.5,89.7,10203,15.93,0.49,4.85,49,8760,,
TH2,62045,49.9073,-2.8961,2026-07-15 11:00:00,17.7,89,10203,15.93,1.11,8.43,76.6,9085,,
TH2,62047,49.9073,-2.8961,2026-07-15 11:00:00,17.6,89.1,10203,15.93,0.49,4.85,49,9115,,
TH2,62045,49.9075,-2.8956,2026-07-15 10:00:00,17.7,88.3,10194,15.96,1.22,8,75.7,9634,,
TH2,62047,49.9075,-2.8956,2026-07-15 10:00:00,17.6,88.5,10196,15.95,0.49,4.85,49,9664,,
TH2,62045,49.9075,-2.8955,2026-07-15 09:00:00,17.5,89.3,10195,15.98,0.94,6.89,68.9,9563,,
TH2,62047,49.9075,-2.8955,2026-07-15 09:00:00,17.7,87.9,10196,15.97,0.49,4.85,49,9302,,
TH2,62045,49.9075,-2.8954,2026-07-15 08:00:00,17.4,89.5,10193,15.72,0.9,6.66,64.6,10158,,
TH2,62047,49.9074,-2.8954,2026-07-15 08:00:00,17.6,88.3,10194,15.72,0.49,4.85,49,10053,,
TH2,62045,49.9072,-2.8957,2026-07-15 07:00:00,17.3,90.3,10191,15.75,0.89,7.15,54.2,10302,,
TH2,62047,49.9072,-2.8957,2026-07-15 07:00:00,17.3,89.9,10192,15.75,0.49,4.85,49,8960,,
TH2,62045,49.9071,-2.896,2026-07-15 06:00:00,17.3,90.4,10188,15.8,0.92,7.44,52,9720,,
TH2,62047,49.9071,-2.896,2026-07-15 06:00:00,17.4,89.9,10189,15.8,0.49,4.85,49,8694,,
TH2,62045,49.9068,-2.8968,2026-07-15 05:00:00,17.3,90.3,10188,15.81,1.01,7.93,46.1,10511,,
TH2,62047,49.9068,-2.8968,2026-07-15 05:00:00,17.3,90.4,10189,15.81,0.49,4.85,49,9933,,
TH2,62045,49.9067,-2.8972,2026-07-15 04:00:00,17.7,88.6,10189,15.81,0.92,7,41.7,12761,,
TH2,62047,49.9067,-2.8972,2026-07-15 04:00:00,17.6,88.5,10190,15.81,0.49,4.85,49,13068,,
TH2,62045,49.9067,-2.8973,2026-07-15 03:00:00,17.4,90.1,10191,15.8,0.57,4.1,57.2,15892,,
TH2,62047,49.9067,-2.8973,2026-07-15 03:00:00,17.4,89.9,10192,15.8,0.49,4.85,49,18919,,
TH2,62045,49.9067,-2.8975,2026-07-15 02:00:00,17.8,86.4,10192,15.82,0.67,4.53,67.3,16117,,
TH2,62047,49.9067,-2.8975,2026-07-15 02:00:00,17.8,86.3,10193,15.82,0.49,4.85,49,23616,,
TH2,62045,49.9068,-2.8971,2026-07-15 01:00:00,18.1,86.7,10195,16.43,0.67,4.51,56.3,14346,,
TH2,62047,49.9068,-2.8971,2026-07-15 01:00:00,18.1,86.6,10196,16.44,0.49,4.85,49,18160,,
TH2,62045,49.9072,-2.8963,2026-07-15 00:00:00,17.7,89.3,10200,16.48,0.42,1.59,32.3,13770,,
TH2,62047,49.9072,-2.8963,2026-07-15 00:00:00,17.7,89,10201,16.48,0.49,4.85,49,15179,,
TH2,62045,49.9075,-2.8956,2026-07-14 23:00:00,17.7,89,10198,16.57,0.59,3.91,26.7,14709,,
TH2,62047,49.9075,-2.8956,2026-07-14 23:00:00,17.7,88.6,10199,16.56,0.49,4.85,49,15753,,
TH2,62045,49.9076,-2.8952,2026-07-14 22:00:00,18,87.8,10194,16.53,0.53,3.8,37.2,15102,,
TH2,62047,49.9076,-2.8952,2026-07-14 22:00:00,17.8,88.3,10195,16.52,0.49,4.85,49,15172,,
TH2,62045,49.9077,-2.8951,2026-07-14 21:00:00,17.8,88.6,10190,16.5,0.5,3.16,35.2,13525,,
TH2,62047,49.9077,-2.8951,2026-07-14 21:00:00,17.7,88.6,10191,16.5,0.49,4.85,49,12923,,
TH2,62045,49.9077,-2.8951,2026-07-14 20:00:00,17.9,87.9,10181,16.64,0.56,3.98,50.3,13305,,
TH2,62047,49.9077,-2.8951,2026-07-14 20:00:00,17.9,87.7,10182,16.65,0.49,4.85,49,12559,,
TH2,62045,49.9076,-2.8951,2026-07-14 19:00:00,17.7,88.6,10183,16.33,0.47,3.07,49.3,9602,,
TH2,62047,49.9076,-2.8951,2026-07-14 19:00:00,17.8,87.6,10184,16.33,0.49,4.85,49,12993,,
TH2,62045,49.9073,-2.8957,2026-07-14 18:00:00,17.2,90.6,10185,15.99,0.4,2.37,71.5,10809,,
TH2,62047,49.9073,-2.8957,2026-07-14 18:00:00,17.3,89.8,10186,15.99,0.49,4.85,49,11157,,
TH2,62045,49.907,-2.8963,2026-07-14 17:00:00,17.5,88.9,10186,15.91,0.6,3.35,53.6,12210,,
TH2,62047,49.907,-2.8963,2026-07-14 17:00:00,17.6,88.5,10187,15.92,0.49,4.85,49,12833,,
TH2,62045,49.9068,-2.897,2026-07-14 16:00:00,17.3,90,10189,15.94,0.77,5.08,52.3,12862,,
TH2,62047,49.9067,-2.897,2026-07-14 16:00:00,17.3,89.9,10189,15.94,0.49,4.85,49,12420,,
TH2,62045,49.9067,-2.8973,2026-07-14 15:00:00,17.1,90.6,10192,15.85,0.47,2.51,45.3,11688,,
TH2,62047,49.9067,-2.8973,2026-07-14 15:00:00,17.1,90.5,10193,15.84,0.49,4.85,49,10308,,
TH2,62045,49.9067,-2.8975,2026-07-14 14:00:00,17.1,90.4,10195,16.16,0.48,2.64,63.4,12159,,
TH2,62047,49.9067,-2.8975,2026-07-14 14:00:00,17,90.4,10196,16.15,0.49,4.85,49,11292,,
TH2,62045,49.9067,-2.8975,2026-07-14 13:00:00,17.2,89.2,10197,16.29,0.73,4.19,67.2,11517,,
TH2,62047,49.9067,-2.8975,2026-07-14 13:00:00,17.1,89.1,10197,16.29,0.49,4.85,49,11240,,
TH2,62045,49.9069,-2.897,2026-07-14 12:00:00,17.2,88.7,10197,16.31,0.69,3.99,67.7,12166,,
TH2,62047,49.9069,-2.897,2026-07-14 12:00:00,17.1,88.8,10197,16.32,0.49,4.85,49,11733,,
TH2,62045,49.9072,-2.8964,2026-07-14 11:00:00,17.1,88.4,10196,16.19,1.01,5.89,57.5,11524,,
TH2,62047,49.9072,-2.8964,2026-07-14 11:00:00,17,88.3,10197,16.2,0.49,4.85,49,10664,,
TH2,62045,49.9074,-2.8958,2026-07-14 10:00:00,17,87.5,10194,16.11,1.2,8.26,53.2,11228,,
TH2,62047,49.9074,-2.8958,2026-07-14 10:00:00,16.9,87.7,10194,16.11,0.49,4.85,49,11051,,
TH2,62045,49.9075,-2.8954,2026-07-14 09:00:00,16.8,89.5,10192,16.07,0.94,6.75,58.2,9642,,
TH2,62047,49.9075,-2.8954,2026-07-14 09:00:00,16.9,88.3,10193,16.08,0.49,4.85,49,9594,,
TH2,62045,49.9075,-2.8953,2026-07-14 08:00:00,16.7,88,10187,15.96,1.14,7.77,56.4,10966,,
TH2,62047,49.9075,-2.8953,2026-07-14 08:00:00,17,86.5,10188,15.96,0.49,4.85,49,11242,,
TH2,62045,49.9075,-2.8953,2026-07-14 07:00:00,16.7,89.7,10185,15.73,0.95,6.72,57.2,9978,,
TH2,62047,49.9075,-2.8953,2026-07-14 07:00:00,17,88.5,10186,15.73,0.49,4.85,49,9619,,
TH2,62045,49.9073,-2.8956,2026-07-14 06:00:00,16.7,91.5,10184,15.74,0.8,4.07,54.5,10181,,
TH2,62047,49.9073,-2.8956,2026-07-14 06:00:00,16.7,91.1,10185,15.74,0.49,4.85,49,10804,,
TH2,62045,49.9071,-2.896,2026-07-14 05:00:00,16.9,90.4,10183,15.75,1.01,6.26,66.1,11403,,
TH2,62047,49.9071,-2.8961,2026-07-14 05:00:00,16.8,90.6,10184,15.75,0.49,4.85,49,10981,,
TH2,62045,49.9068,-2.8969,2026-07-14 04:00:00,16.8,91.8,10181,15.73,0.9,6.03,65.6,10313,,
TH2,62047,49.9068,-2.8968,2026-07-14 04:00:00,16.8,91.3,10182,15.73,0.49,4.85,49,10249,,
TH2,62045,49.9067,-2.8972,2026-07-14 03:00:00,17.2,89.3,10178,15.74,1.14,7.08,57.8,10978,,
TH2,62047,49.9067,-2.8972,2026-07-14 03:00:00,17.2,89.2,10179,15.74,0.49,4.85,49,9921,,
TH2,62045,49.9067,-2.8974,2026-07-14 02:00:00,17.2,91,10180,15.76,0.97,7.77,64.3,8534,,
TH2,62047,49.9067,-2.8974,2026-07-14 02:00:00,17.1,91,10181,15.76,0.49,4.85,49,7159,,
TH2,62045,49.9068,-2.8976,2026-07-14 01:00:00,17.7,89,10178,16.05,1.15,9.27,68.2,9258,,
TH2,62047,49.9068,-2.8976,2026-07-14 01:00:00,17.6,89.1,10179,16.05,0.49,4.85,49,4589,,
TH2,62045,49.9068,-2.8975,2026-07-14 00:00:00,17.7,85.6,10183,16.14,0.88,5.28,67.2,9333,,
TH2,62047,49.9068,-2.8975,2026-07-14 00:00:00,17.7,85.5,10184,16.14,0.49,4.85,49,10812,,
TH2,62045,49.9072,-2.8965,2026-07-13 23:00:00,17.7,83.5,10184,16.03,0.65,3.81,68.7,11510,,
TH2,62047,49.9072,-2.8965,2026-07-13 23:00:00,17.7,83.4,10185,16.03,0.49,4.85,49,12028,,
TH2,62045,49.9074,-2.8958,2026-07-13 22:00:00,17.8,84.3,10179,15.95,0.83,5.63,63.9,11848,,
TH2,62047,49.9074,-2.8958,2026-07-13 22:00:00,17.8,84.2,10180,15.95,0.49,4.85,49,11696,,
TH2,62045,49.9076,-2.8953,2026-07-13 21:00:00,18.1,83.9,10176,15.98,0.92,6.5,71.3,10752,,
TH2,62047,49.9076,-2.8954,2026-07-13 21:00:00,18.1,83.7,10176,15.97,0.49,4.85,49,10665,,
TH2,62045,49.9077,-2.8952,2026-07-13 20:00:00,18.2,83.5,10172,16.14,0.82,6.24,92,11035,,
TH2,62047,49.9077,-2.8952,2026-07-13 20:00:00,18.3,83.1,10173,16.15,0.49,4.85,49,10931,,
TH2,62045,49.9077,-2.8951,2026-07-13 19:00:00,18.8,80.5,10169,16.01,0.8,5.92,87.9,12408,,
TH2,62047,49.9077,-2.8951,2026-07-13 19:00:00,18.8,80.3,10170,16,0.49,4.85,49,12437,,
TH2,62045,49.9076,-2.8952,2026-07-13 18:00:00,18.4,82.6,10163,16.15,0.98,7.2,89.2,10743,,
TH2,62047,49.9076,-2.8952,2026-07-13 18:00:00,18.4,82.6,10165,16.15,0.49,4.85,49,10760,,
TH2,62045,49.9073,-2.8957,2026-07-13 17:00:00,18.2,83.4,10168,15.87,1.14,7.96,109,10066,,
TH2,62047,49.9073,-2.8957,2026-07-13 17:00:00,18.2,83.1,10169,15.87,0.49,4.85,49,10129,,
TH2,62045,49.907,-2.8964,2026-07-13 16:00:00,17.9,84.5,10171,15.75,1.17,7.56,122.2,9943,,
TH2,62047,49.907,-2.8964,2026-07-13 16:00:00,17.8,84.5,10171,15.75,0.49,4.85,49,9295,,
TH2,62045,49.9067,-2.8972,2026-07-13 15:00:00,17.8,83.6,10158,15.78,1.24,8.64,75.7,10871,,
TH2,62047,49.9067,-2.8972,2026-07-13 15:00:00,17.8,83.6,10159,15.78,0.49,4.85,49,10478,,
TH2,62045,49.9067,-2.8973,2026-07-13 14:00:00,17.3,86.7,10165,15.73,1.2,6.83,57.4,9187,,
TH2,62047,49.9067,-2.8973,2026-07-13 14:00:00,17.3,86.6,10165,15.73,0.49,4.85,49,9076,,
TH2,62045,49.9067,-2.8974,2026-07-13 13:00:00,17.2,89,10176,16.22,0.96,5.69,57.4,8221,,
TH2,62047,49.9067,-2.8974,2026-07-13 13:00:00,17.2,88.6,10177,16.23,0.49,4.85,49,8206,,
TH2,62045,49.9068,-2.8975,2026-07-13 12:00:00,16.8,89.9,10194,16.24,0.58,3.55,67.7,9360,,
TH2,62047,49.9068,-2.8975,2026-07-13 12:00:00,17,89.3,10195,16.23,0.49,4.85,49,9011,,
TH2,62045,49.9069,-2.8971,2026-07-13 11:00:00,17.1,85.3,10193,16,0.76,3.73,78.8,11488,,
TH2,62047,49.9069,-2.8972,2026-07-13 11:00:00,17.1,84.8,10194,16.02,0.49,4.85,49,10094,,
TH2,62045,49.9071,-2.8964,2026-07-13 10:00:00,16.9,84.7,10189,15.93,1.04,6.45,53.5,11787,,
TH2,62047,49.9071,-2.8964,2026-07-13 10:00:00,16.8,85,10190,15.94,0.49,4.85,49,10705,,
TH2,62045,49.9073,-2.896,2026-07-13 09:00:00,16.8,83,10183,15.91,1.54,11.54,48.9,10463,,
TH2,62047,49.9073,-2.896,2026-07-13 09:00:00,16.7,83.1,10184,15.91,0.49,4.85,49,9463,,
TH2,62045,49.9075,-2.8955,2026-07-13 08:00:00,16.7,80.1,10180,15.94,1.85,12.85,56.2,9572,,
TH2,62047,49.9075,-2.8955,2026-07-13 08:00:00,16.7,80.3,10181,15.94,0.49,4.85,49,6897,,
TH2,62045,49.9075,-2.8953,2026-07-13 07:00:00,16.9,76.1,10173,15.98,1.6,12.06,60,11078,,
TH2,62047,49.9075,-2.8953,2026-07-13 07:00:00,17,76.4,10174,15.98,0.49,4.85,49,6243,,
TH2,62045,49.9074,-2.8954,2026-07-13 06:00:00,17.3,76.1,10172,16.13,1.62,10.25,63.6,10388,,
TH2,62047,49.9074,-2.8954,2026-07-13 06:00:00,17.3,76.2,10173,16.13,0.49,4.85,49,10105,,
TH2,62045,49.9072,-2.8957,2026-07-13 05:00:00,17.5,76.2,10173,15.91,1.51,8.81,58.7,11944,,
TH2,62047,49.9072,-2.8957,2026-07-13 05:00:00,17.5,76.3,10173,15.91,0.49,4.85,49,11872,,
TH2,62045,49.9069,-2.8964,2026-07-13 04:00:00,17.5,77.7,10177,15.87,1.63,10.88,61,12624,,
TH2,62047,49.9069,-2.8964,2026-07-13 04:00:00,17.5,77.8,10178,15.87,0.49,4.85,49,11038,,
TH2,62045,49.9066,-2.8971,2026-07-13 03:00:00,17.7,78,10176,15.88,1.76,12.31,55,10835,,
TH2,62047,49.9066,-2.8971,2026-07-13 03:00:00,17.6,78.2,10177,15.88,0.49,4.85,49,8243,,
TH2,62045,49.9066,-2.8973,2026-07-13 02:00:00,17.8,79,10177,16.28,1.64,11.9,57.6,11501,,
TH2,62047,49.9066,-2.8973,2026-07-13 02:00:00,17.7,80,10178,16.28,0.49,4.85,49,3862,,
TH2,62045,49.9066,-2.8973,2026-07-13 01:00:00,18.1,78.5,10181,16.49,1.6,9.8,65.5,11005,,
TH2,62047,49.9066,-2.8974,2026-07-13 01:00:00,18,79.5,10182,16.49,0.49,4.85,49,75000,,
TH2,62045,49.9066,-2.8971,2026-07-13 00:00:00,18.5,74.1,10186,16.66,1.79,8.11,67.9,5878,,
TH2,62047,49.9066,-2.8971,2026-07-13 00:00:00,18.4,74.3,10187,16.66,0.49,4.85,49,10751,,
TH2,62045,49.9069,-2.8965,2026-07-12 23:00:00,18.8,72.1,10190,16.51,1.54,7.42,69,8608,,
TH2,62047,49.9069,-2.8965,2026-07-12 23:00:00,18.8,72.3,10191,16.52,0.49,4.85,49,11875,,
TH2,62045,49.9071,-2.8961,2026-07-12 22:00:00,19.3,75.2,10192,16.65,1.54,6.68,67.5,11642,,
TH2,62047,49.9071,-2.8961,2026-07-12 22:00:00,19.3,75.3,10192,16.65,0.49,4.85,49,12797,,
TH2,62045,49.9075,-2.8953,2026-07-12 21:00:00,19.3,77.7,10187,16.82,1.46,10.07,69.5,13534,,
TH2,62047,49.9074,-2.8953,2026-07-12 21:00:00,19.3,77.6,10188,16.82,0.49,4.85,49,12987,,
TH2,62045,49.9076,-2.8948,2026-07-12 20:00:00,19.4,78.5,10184,16.88,1.39,9.53,81.7,13852,,
TH2,62047,49.9076,-2.8948,2026-07-12 20:00:00,19.4,78.1,10185,16.88,0.49,4.85,49,13551,,
TH2,62045,49.9077,-2.8946,2026-07-12 19:00:00,19.9,76.2,10179,16.7,1.24,7.17,68.1,16036,,
TH2,62047,49.9077,-2.8946,2026-07-12 19:00:00,19.9,76.2,10180,16.7,0.49,4.85,49,18596,,
TH2,62045,49.9077,-2.8945,2026-07-12 18:00:00,19.2,80.1,10181,16.77,1.13,6.81,64,14095,,
TH2,62047,49.9077,-2.8945,2026-07-12 18:00:00,19.2,80,10181,16.77,0.49,4.85,49,13184,,
TH2,62045,49.9076,-2.8947,2026-07-12 17:00:00,19.1,81.4,10188,16.8,1.21,9.21,82.2,11604,,
TH2,62047,49.9076,-2.8948,2026-07-12 17:00:00,18.9,82.2,10190,16.79,0.49,4.85,49,13362,,
TH2,62045,49.9073,-2.895,2026-07-12 16:00:00,18.4,86.1,10187,16.76,1.12,7.39,76.5,12665,,
TH2,62047,49.9073,-2.895,2026-07-12 16:00:00,18.3,86,10188,16.76,0.49,4.85,49,11418,,
TH2,62045,49.907,-2.8956,2026-07-12 15:00:00,18.2,87.6,10192,16.57,1.27,8.59,79.3,11169,,
TH2,62047,49.907,-2.8956,2026-07-12 15:00:00,18.2,87.3,10193,16.57,0.49,4.85,49,10776,,
TH2,62045,49.9069,-2.896,2026-07-12 14:00:00,18.5,86.7,10191,16.54,1.38,9.29,75,11263,,
TH2,62047,49.9069,-2.896,2026-07-12 14:00:00,18.5,86.8,10192,16.54,0.49,4.85,49,10438,,
TH2,62045,49.9068,-2.8961,2026-07-12 13:00:00,18,89.1,10197,16.62,1.1,7.29,66.7,9403,,
TH2,62047,49.9068,-2.8961,2026-07-12 13:00:00,18,89.1,10198,16.63,0.49,4.85,49,8108,,
TH2,62045,49.9068,-2.8961,2026-07-12 12:00:00,17.6,89.9,10200,16.56,1.16,9.02,58.7,8859,,
TH2,62047,49.9068,-2.8961,2026-07-12 12:00:00,17.8,88.6,10201,16.55,0.49,4.85,49,5751,,
TH2,62045,49.9069,-2.896,2026-07-12 11:00:00,17.3,91.9,10206,16.51,1.14,7.48,57,7886,,
TH2,62047,49.9069,-2.896,2026-07-12 11:00:00,17.3,90.2,10206,16.51,0.49,4.85,49,6800,,
TH2,62045,49.907,-2.8959,2026-07-12 10:00:00,17.3,90.7,10206,16.66,1.34,10.49,49.6,8526,,
TH2,62047,49.907,-2.8959,2026-07-12 10:00:00,17.5,90.1,10207,16.66,0.49,4.85,49,5760,,
TH2,62045,49.9072,-2.8957,2026-07-12 09:00:00,17.1,91.6,10208,16.7,1.43,8.13,54.2,8405,,
TH2,62047,49.9072,-2.8957,2026-07-12 09:00:00,17.1,91.6,10208,16.7,0.49,4.85,49,8199,,
TH2,62045,49.9074,-2.8953,2026-07-12 08:00:00,17.2,89.6,10212,16.89,1.36,9.81,68.3,12407,,
TH2,62047,49.9074,-2.8953,2026-07-12 08:00:00,17.1,89.8,10213,16.89,0.49,4.85,49,11428,,
TH2,62045,49.9075,-2.8948,2026-07-12 07:00:00,17.2,90.2,10208,16.92,1.18,8.36,63.9,12575,,
TH2,62047,49.9075,-2.8948,2026-07-12 07:00:00,17.1,90.2,10210,16.92,0.49,4.85,49,11956,,
TH2,62045,49.9076,-2.8948,2026-07-12 06:00:00,17.1,90,10201,16.59,1.1,6.7,55.7,12761,,
TH2,62047,49.9076,-2.8948,2026-07-12 06:00:00,17.1,89.8,10201,16.58,0.49,4.85,49,12245,,
TH2,62045,49.9076,-2.8948,2026-07-12 05:00:00,17.2,89.9,10196,16.66,1.1,7.34,59.2,12604,,
TH2,62047,49.9076,-2.8948,2026-07-12 05:00:00,17.2,89.6,10196,16.66,0.49,4.85,49,12131,,
TH2,62045,49.9074,-2.895,2026-07-12 04:00:00,17.3,89.1,10192,16.59,1.2,7.6,63.4,12802,,
TH2,62047,49.9074,-2.895,2026-07-12 04:00:00,17.3,88.8,10193,16.59,0.49,4.85,49,11991,,
TH2,62045,49.9071,-2.8954,2026-07-12 03:00:00,17.4,89,10190,16.52,1.41,9.55,60.5,12419,,
TH2,62047,49.9071,-2.8954,2026-07-12 03:00:00,17.4,88.7,10191,16.52,0.49,4.85,49,11754,,
TH2,62045,49.9069,-2.8957,2026-07-12 02:00:00,17.4,87.7,10191,16.6,1.47,9.64,64.5,13465,,
TH2,62047,49.9069,-2.8957,2026-07-12 02:00:00,17.4,87.3,10191,16.6,0.49,4.85,49,12629,,
TH2,62045,49.9069,-2.8958,2026-07-12 01:00:00,17.7,84.9,10190,16.63,1.33,8.29,65.1,15247,,
TH2,62047,49.9069,-2.8958,2026-07-12 01:00:00,17.7,84.7,10191,16.63,0.49,4.85,49,14741,,
TH2,62045,49.9068,-2.8959,2026-07-12 00:00:00,17.8,86.4,10190,16.7,1.27,9.33,69.5,12579,,
TH2,62047,49.9068,-2.8959,2026-07-12 00:00:00,17.8,86.3,10191,16.69,0.49,4.85,49,11970,,
TH2,62045,49.9068,-2.8959,2026-07-11 23:00:00,18.1,84.8,10193,17.29,1.02,7.88,73.6,13809,,
TH2,62047,49.9068,-2.8959,2026-07-11 23:00:00,18.1,84.7,10194,17.28,0.49,4.85,49,12422,,
TH2,62045,49.9069,-2.8958,2026-07-11 22:00:00,18.5,84.1,10191,17.81,1.09,7.73,72.6,13786,,
TH2,62047,49.9069,-2.8958,2026-07-11 22:00:00,18.5,83.9,10192,17.8,0.49,4.85,49,12645,,
TH2,62045,49.9072,-2.8955,2026-07-11 21:00:00,19,82.8,10188,18.28,1.14,8.73,81.6,14836,,
TH2,62047,49.9072,-2.8955,2026-07-11 21:00:00,19,82.7,10188,18.27,0.49,4.85,49,13540,,
TH2,62045,49.9074,-2.8951,2026-07-11 20:00:00,19.6,80.2,10181,18.47,1.14,7.64,83.2,15859,,
TH2,62047,49.9074,-2.8951,2026-07-11 20:00:00,19.6,80.2,10182,18.47,0.49,4.85,49,14993,,
TH2,62045,49.9075,-2.8948,2026-07-11 19:00:00,20.1,77.5,10179,18.36,1.14,8.36,96.1,18755,,
TH2,62047,49.9075,-2.8948,2026-07-11 19:00:00,19.9,77.8,10181,18.38,0.49,4.85,49,16100,,
TH2,62045,49.9075,-2.8947,2026-07-11 18:00:00,20,78.1,10177,18.15,0.84,6.84,87.1,18420,,
TH2,62047,49.9075,-2.8947,2026-07-11 18:00:00,19.7,79.3,10179,18.15,0.49,4.85,49,16272,,
TH2,62045,49.9076,-2.8946,2026-07-11 17:00:00,19.3,81.8,10177,17.48,0.85,6.62,95.6,12490,,
TH2,62047,49.9076,-2.8946,2026-07-11 17:00:00,19,83.2,10178,17.49,0.49,4.85,49,13818,,
TH2,62045,49.9075,-2.8947,2026-07-11 16:00:00,19.2,80.2,10177,16.53,0.93,7.44,89.9,13209,,
TH2,62047,49.9075,-2.8947,2026-07-11 16:00:00,18.8,81.7,10179,16.53,0.49,4.85,49,13565,,
TH2,62045,49.9073,-2.895,2026-07-11 15:00:00,19.3,79.2,10179,16.51,1.14,8.74,81.7,16900,,
TH2,62047,49.9073,-2.895,2026-07-11 15:00:00,19.1,80.2,10181,16.51,0.49,4.85,49,14484,,
TH2,62045,49.9071,-2.8955,2026-07-11 14:00:00,19.5,81.1,10179,17.06,1.38,10.25,68.6,13558,,
TH2,62047,49.9071,-2.8955,2026-07-11 14:00:00,19.3,81.7,10178,17.07,0.49,4.85,49,11890,,
TH2,62045,49.9069,-2.8957,2026-07-11 13:00:00,19,85.2,10181,17.1,1.23,5.95,59.1,11242,,
TH2,62047,49.9069,-2.8957,2026-07-11 13:00:00,19,85.3,10182,17.11,0.49,4.85,49,9569,,
TH2,62045,49.9068,-2.8958,2026-07-11 12:00:00,18.9,85.2,10182,16.83,1.08,5.64,61.1,10845,,
TH2,62047,49.9068,-2.8957,2026-07-11 12:00:00,18.9,85.1,10182,16.82,0.49,4.85,49,9197,,
TH2,62045,49.9068,-2.8958,2026-07-11 11:00:00,18.8,86.5,10182,17.41,1,6.47,60,8382,,
TH2,62047,49.9068,-2.8958,2026-07-11 11:00:00,18.8,86.3,10183,17.41,0.49,4.85,49,8977,,
TH2,62045,49.9068,-2.8958,2026-07-11 10:00:00,19,86,10178,17.66,1.09,6.1,61.3,9131,,
TH2,62047,49.9068,-2.8958,2026-07-11 10:00:00,19,85.8,10179,17.66,0.49,4.85,49,10278,,
TH2,62045,49.9069,-2.8957,2026-07-11 09:00:00,18.6,87.9,10176,18.06,1.13,5.63,59.5,12453,,
TH2,62047,49.9069,-2.8957,2026-07-11 09:00:00,18.6,87.8,10177,18.06,0.49,4.85,49,10608,,
TH2,62045,49.9071,-2.8953,2026-07-11 08:00:00,18.6,87.8,10173,18.18,1.13,7.84,50.8,11657,,
TH2,62047,49.9071,-2.8953,2026-07-11 08:00:00,18.6,88.2,10174,18.17,0.49,4.85,49,11795,,
TH2,62045,49.9073,-2.895,2026-07-11 07:00:00,18.8,86.8,10174,18.18,1.05,7.89,57.4,14546,,
TH2,62047,49.9073,-2.895,2026-07-11 07:00:00,18.5,87.5,10174,18.18,0.49,4.85,49,13103,,
TH2,62045,49.9074,-2.8947,2026-07-11 06:00:00,18.7,86.8,10168,18.06,1.02,7.6,63.5,15697,,
TH2,62047,49.9074,-2.8947,2026-07-11 06:00:00,18.6,86.8,10171,18.06,0.49,4.85,49,14364,,
TH2,62045,49.9074,-2.8946,2026-07-11 05:00:00,18.5,86.2,10165,17.91,0.79,4.32,57.5,14786,,
TH2,62047,49.9074,-2.8946,2026-07-11 05:00:00,18.5,86.1,10166,17.91,0.49,4.85,49,14061,,
TH2,62045,49.9074,-2.8946,2026-07-11 04:00:00,18.1,88.2,10163,17.88,0.59,3.63,48.8,16238,,
TH2,62047,49.9074,-2.8946,2026-07-11 04:00:00,18.1,88,10164,17.88,0.49,4.85,49,15938,,
TH2,62045,49.9073,-2.8948,2026-07-11 03:00:00,18.1,87.3,10163,17.72,0.77,6.3,60.9,20102,,
TH2,62047,49.9073,-2.8948,2026-07-11 03:00:00,18.1,87,10165,17.72,0.89,5.2,53.3,18400,,
TH2,62045,49.9071,-2.895,2026-07-11 02:00:00,18.4,85.1,10166,17.81,0.89,6.94,64.4,21362,,
TH2,62047,49.9071,-2.895,2026-07-11 02:00:00,18.5,84.6,10167,17.81,0.92,6.72,52.9,19379,,
TH2,62045,49.9069,-2.8954,2026-07-11 01:00:00,18.3,84.6,10165,17.9,0.85,5.49,40.8,21474,,
TH2,62047,49.9069,-2.8954,2026-07-11 01:00:00,18.2,84.4,10166,17.9,0.9,6.26,48.7,19191,,
TH2,62045,49.9068,-2.8955,2026-07-11 00:00:00,18.6,83.2,10167,17.9,0.58,3.89,61.1,17156,,
TH2,62047,49.9068,-2.8955,2026-07-11 00:00:00,18.6,83,10168,17.91,0.72,5.28,61,16242,,
TH2,62045,49.9068,-2.8956,2026-07-10 23:00:00,18.5,81.6,10164,17.77,0.53,2.89,57.5,18711,,
TH2,62047,49.9068,-2.8956,2026-07-10 23:00:00,18.4,81.6,10164,17.77,0.64,4.83,48,18080,,
TH2,62045,49.9067,-2.8956,2026-07-10 22:00:00,19.7,71.3,10162,17.72,0.6,3.89,55.6,23463,,
TH2,62047,49.9067,-2.8956,2026-07-10 22:00:00,19.7,71.5,10163,17.73,0.58,4.63,61,23009,,
TH2,62045,49.9069,-2.8953,2026-07-10 21:00:00,19.2,79.2,10157,18.32,0.59,4.39,48.5,23236,,
TH2,62047,49.9069,-2.8953,2026-07-10 21:00:00,19.2,79,10158,18.3,0.66,5.3,58.8,22554,,
TH2,62045,49.907,-2.8953,2026-07-10 20:00:00,19.1,83,10151,18.66,0.48,3.79,42.7,20113,,
TH2,62047,49.907,-2.8952,2026-07-10 20:00:00,19,83,10152,18.65,0.54,4.59,47.8,19190,,
TH2,62045,49.9071,-2.8949,2026-07-10 19:00:00,19.1,83.9,10149,18.83,0.64,5.48,50.7,18247,,
TH2,62047,49.9071,-2.8949,2026-07-10 19:00:00,19.1,83.4,10149,18.83,0.59,4.96,62.7,16578,,
TH2,62045,49.9072,-2.8947,2026-07-10 18:00:00,19.7,81.3,10148,18.78,0.58,4.06,77.8,11203,,
TH2,62047,49.9072,-2.8947,2026-07-10 18:00:00,19.6,81.4,10149,18.78,0.55,3.36,70.1,12989,,
TH2,62045,49.9073,-2.8946,2026-07-10 17:00:00,20.2,76.8,10148,18.51,0.63,5.28,103.9,14364,,
TH2,62047,49.9073,-2.8946,2026-07-10 17:00:00,19.7,78.5,10150,18.52,0.66,5.05,94.9,11934,,
TH2,62045,49.9073,-2.8946,2026-07-10 16:00:00,19.1,82.6,10151,17.92,0.5,3.95,62.7,9913,,
TH2,62047,49.9073,-2.8946,2026-07-10 16:00:00,19.2,81.9,10152,17.93,0.53,3.61,52.6,8047,,
TH2,62045,49.9073,-2.8946,2026-07-10 15:00:00,19.4,79.1,10155,17.83,0.66,5.47,59.3,11695,,
TH2,62047,49.9073,-2.8946,2026-07-10 15:00:00,19.5,78.5,10156,17.84,0.67,5.02,52.9,10115,,
TH2,62045,49.9073,-2.8946,2026-07-10 14:00:00,18.4,86.4,10156,17.61,0.64,5.21,60.8,6986,,
TH2,62047,49.9073,-2.8946,2026-07-10 14:00:00,18.5,86,10157,17.61,0.68,4.63,51.9,5872,,
TH2,62045,49.9071,-2.8949,2026-07-10 13:00:00,18.5,87.8,10157,17.66,0.8,6.51,78.5,7564,,
TH2,62047,49.9071,-2.8949,2026-07-10 13:00:00,18,89.6,10158,17.66,0.84,6.99,61.6,5889,,
TH2,62045,49.907,-2.8951,2026-07-10 12:00:00,18,90.8,10158,17.63,0.86,6.22,67.7,7149,,
TH2,62047,49.907,-2.8951,2026-07-10 12:00:00,17.9,90.8,10158,17.66,0.75,5.94,81.7,6840,,
TH2,62045,49.9069,-2.8952,2026-07-10 11:00:00,17.7,92.6,10159,17.39,0.69,4.97,52.3,9040,,
TH2,62047,49.9069,-2.8952,2026-07-10 11:00:00,17.7,92.2,10159,17.41,0.64,5.35,67.2,6251,,
TH2,62045,49.9069,-2.8953,2026-07-10 10:00:00,18,90.4,10158,17.13,0.68,5.09,58.4,10748,,
TH2,62047,49.9069,-2.8953,2026-07-10 10:00:00,18,90.1,10159,17.25,0.74,6.12,67.4,8631,,
TH2,62045,49.9069,-2.8954,2026-07-10 09:00:00,18.1,89.8,10157,17.17,0.59,4.58,70.3,14659,,
TH2,62047,49.9069,-2.8953,2026-07-10 09:00:00,18.1,89.5,10157,17.17,0.68,5.65,65.1,12059,,
TH2,62045,49.907,-2.8953,2026-07-10 08:00:00,18.2,87.1,10156,17.73,0.6,4.3,69,22949,,
TH2,62047,49.907,-2.8953,2026-07-10 08:00:00,18.2,86.9,10156,17.72,0.68,5.59,62.6,21672,,
TH2,62045,49.9068,-2.8951,2026-07-10 07:00:00,18.2,88.4,10152,18.45,0.51,4.12,55,21944,,
TH2,62047,49.9071,-2.8951,2026-07-10 07:00:00,18.2,88.1,10153,18.49,0.62,4.99,62.8,19407,,
TH2,62045,49.9071,-2.8949,2026-07-10 06:00:00,18.6,87.5,10150,18.91,0.8,4.15,63.9,20684,,
TH2,62047,49.9071,-2.8948,2026-07-10 06:00:00,18.5,87.4,10151,18.91,0.64,5.44,65.9,18527,,
TH2,62045,49.9072,-2.8947,2026-07-10 05:00:00,18.9,85.1,10149,18.74,0.77,6.49,66.8,25604,,
TH2,62047,49.9072,-2.8947,2026-07-10 05:00:00,18.8,84.9,10151,18.75,0.77,4.93,60.3,24473,,
TH2,62045,49.9073,-2.8945,2026-07-10 04:00:00,18.9,83.5,10147,18.23,0.58,4.82,48.8,32933,,
TH2,62047,49.9073,-2.8945,2026-07-10 04:00:00,18.9,83.9,10148,18.24,0.5,3.84,47.9,29648,,
TH2,62045,49.9073,-2.8945,2026-07-10 03:00:00,18.7,83.7,10147,17.36,0.59,4.78,58.3,30269,,
TH2,62047,49.9073,-2.8945,2026-07-10 03:00:00,18.6,83.8,10147,17.37,0.55,4.25,54.2,28386,,
TH2,62045,49.9073,-2.8945,2026-07-10 02:00:00,18.8,82.2,10148,16.82,0.57,4.81,49,26189,,
TH2,62047,49.9073,-2.8945,2026-07-10 02:00:00,18.6,83.1,10149,16.86,0.45,3.65,49.9,23466,,
TH2,62045,49.9072,-2.8947,2026-07-10 01:00:00,18.6,84.1,10152,16.95,0.46,3.88,43.3,22381,,
TH2,62047,49.9072,-2.8947,2026-07-10 01:00:00,18.4,84.8,10153,16.96,0.44,3.2,42.1,19970,,
TH2,62045,49.907,-2.895,2026-07-10 00:00:00,18.3,88.1,10155,17.07,0.48,4.04,35.2,19180,,
TH2,62047,49.907,-2.895,2026-07-10 00:00:00,18.3,87.3,10156,17.1,0.52,3.42,31.1,17216,,
TH2,62045,49.907,-2.8951,2026-07-09 23:00:00,18.3,90.1,10156,17.04,0.36,2.6,33.6,13475,,
TH2,62047,49.907,-2.8951,2026-07-09 23:00:00,18.3,89.8,10156,17.17,0.4,3.48,30.4,12886,,
TH2,62045,49.9069,-2.8953,2026-07-09 22:00:00,18.6,87.6,10155,17.24,0.44,3.16,52.9,14965,,
TH2,62047,49.9069,-2.8953,2026-07-09 22:00:00,18.5,87.6,10155,17.27,0.44,3.58,55.3,14126,,
TH2,62045,49.9069,-2.8953,2026-07-09 21:00:00,18.7,86.7,10154,17.35,0.45,3.52,58.6,15618,,
TH2,62047,49.9069,-2.8953,2026-07-09 21:00:00,18.7,86.6,10155,17.52,0.45,3.88,58.5,14683,,
TH2,62045,49.9069,-2.8954,2026-07-09 20:00:00,19.1,81.1,10154,18.38,0.45,3.59,61.9,22210,,
TH2,62047,49.9069,-2.8954,2026-07-09 20:00:00,19.1,81,10155,18.43,0.47,4.04,65.4,21880,,
TH2,62045,49.907,-2.8952,2026-07-09 19:00:00,19.5,79.5,10155,19.33,0.55,4.18,59.4,23941,,
TH2,62047,49.907,-2.8952,2026-07-09 19:00:00,19.5,79.2,10156,19.38,0.49,4.31,76.1,11806,,
TH2,62045,49.9071,-2.8948,2026-07-09 18:00:00,19.6,84.2,10157,19.74,0.6,4.49,60.7,16192,,
TH2,62047,49.9071,-2.8948,2026-07-09 18:00:00,19.7,83.8,10157,19.9,0.55,4.26,72.9,14655,,
TH2,62045,49.9072,-2.8947,2026-07-09 17:00:00,20.5,81.2,10161,19.9,0.46,3.76,52.1,11683,,
TH2,62047,49.9072,-2.8947,2026-07-09 17:00:00,20.1,83.1,10162,19.96,0.51,3.82,42.5,14224,,
TH2,62045,49.9072,-2.8946,2026-07-09 16:00:00,19.9,82.9,10164,19.56,0.35,2.74,41.4,18290,,
TH2,62047,49.9072,-2.8946,2026-07-09 16:00:00,20.4,80.4,10165,19.66,0.34,1.75,41.9,16777,,
TH2,62045,49.9073,-2.8945,2026-07-09 15:00:00,19.6,83.4,10167,19.36,0.33,2.64,41.2,20121,,
TH2,62047,49.9073,-2.8945,2026-07-09 15:00:00,20.1,80.3,10167,19.39,0.32,1.67,41.9,18684,,
TH2,62045,49.9073,-2.8945,2026-07-09 14:00:00,19.1,85.8,10169,18.75,0.32,2.59,34.4,14946,,
TH2,62047,49.9073,-2.8945,2026-07-09 14:00:00,19.7,82.7,10171,18.8,0.25,0.92,38.3,14523,,
TH2,62045,49.9072,-2.8945,2026-07-09 13:00:00,18.8,86.4,10171,18.15,0.31,2.48,56.3,13017,,
TH2,62047,49.9072,-2.8945,2026-07-09 13:00:00,19.4,83.3,10173,18.44,0.31,2.11,51.3,12787,,
TH2,62045,49.9071,-2.8948,2026-07-09 12:00:00,18.5,90.1,10175,18.32,0.36,2.96,54.9,10324,,
TH2,62047,49.9071,-2.8948,2026-07-09 12:00:00,18.8,88.5,10176,18.37,0.38,2.64,48.2,8764,,
TH2,62045,49.907,-2.895,2026-07-09 11:00:00,18.6,86.2,10177,17.97,0.42,2.36,43.4,17917,,
TH2,62047,49.907,-2.895,2026-07-09 11:00:00,18.5,86.1,10178,18.29,0.38,2.71,44.8,13848,,
TH2,62045,49.9069,-2.8951,2026-07-09 10:00:00,18.3,87.6,10179,18.02,0.32,2.3,27.2,19537,,
TH2,62047,49.9069,-2.8951,2026-07-09 10:00:00,18.4,87.3,10179,18.33,0.31,2.51,40.2,13657,,
TH2,62045,49.9069,-2.8952,2026-07-09 09:00:00,18.3,87.6,10182,17.56,0.29,2.13,45.3,21855,,
TH2,62047,49.9069,-2.8952,2026-07-09 09:00:00,18.3,87.2,10183,17.63,0.29,2.49,43.2,15693,,
TH2,62045,49.9069,-2.8953,2026-07-09 08:00:00,18.1,86.2,10184,17.69,0.24,1.68,49,23149,,
TH2,62047,49.9069,-2.8953,2026-07-09 08:00:00,18.2,85.6,10185,17.72,0.25,2.05,62.5,17949,,
TH2,62045,49.907,-2.8952,2026-07-09 07:00:00,18.4,87.5,10182,18.14,0.28,2.33,79.8,17687,,
TH2,62047,49.907,-2.8952,2026-07-09 07:00:00,18.4,87.2,10183,18.19,0.26,2.2,94.4,14083,,
TH2,62045,49.9071,-2.895,2026-07-09 06:00:00,18.8,83.8,10182,18.79,0.4,3.14,98.2,16323,,
TH2,62047,49.9071,-2.895,2026-07-09 06:00:00,18.8,83.9,10183,18.8,0.37,3.01,113.8,15281,,
TH2,62045,49.9072,-2.8948,2026-07-09 05:00:00,18.4,86.9,10181,18.79,0.3,1.64,106.3,12310,,
TH2,62047,49.9072,-2.8947,2026-07-09 05:00:00,18.3,87.1,10182,18.82,0.28,2.06,108.1,11234,,
TH2,62045,49.9072,-2.8946,2026-07-09 04:00:00,18.3,90.7,10180,18.92,0.17,1.2,90.6,9688,,
TH2,62047,49.9072,-2.8946,2026-07-09 04:00:00,18.5,89.1,10181,18.94,0.19,1.25,75.2,10142,,
TH2,62045,49.9073,-2.8945,2026-07-09 03:00:00,18.5,89.8,10179,18.9,0.22,1.65,48.5,10881,,
TH2,62047,49.9073,-2.8946,2026-07-09 03:00:00,18.3,90.8,10180,18.93,0.23,1.25,46.4,9051,,
TH2,62045,49.9073,-2.8945,2026-07-09 02:00:00,18.4,91.2,10183,18.44,0.23,1.62,21.6,9965,,
TH2,62047,49.9073,-2.8945,2026-07-09 02:00:00,18.3,92.1,10183,18.45,0.18,0.66,19.2,8697,,
TH2,62045,49.9073,-2.8945,2026-07-09 01:00:00,18.1,93.9,10185,18.5,0.22,1.73,334.9,8017,,
TH2,62047,49.9073,-2.8945,2026-07-09 01:00:00,18,94,10186,18.64,0.26,2.08,345.3,6797,,
TH2,62045,49.9072,-2.8947,2026-07-09 00:00:00,18.2,94.1,10185,18.07,0.27,2.16,64.4,7426,,
TH2,62047,49.9072,-2.8947,2026-07-09 00:00:00,18.1,94,10185,18.12,0.3,1.88,55,6687,,
TH2,62045,49.907,-2.8949,2026-07-08 23:00:00,18.1,95.9,10188,18.38,0.38,2.65,67.7,5850,,
TH2,62047,49.907,-2.8949,2026-07-08 23:00:00,18.2,95.4,10189,17.79,0.38,2.81,58,6629,,
TH2,62045,49.9069,-2.8951,2026-07-08 22:00:00,18.6,95.4,10190,18.33,0.22,1.58,27.9,5518,,
TH2,62047,49.907,-2.8951,2026-07-08 22:00:00,18.6,94.8,10191,18.8,0.2,1.66,37.1,5707,,
TH2,62045,49.9069,-2.8952,2026-07-08 21:00:00,18.9,92.9,10193,18.48,0.11,0.54,24.7,8669,,
TH2,62047,49.9069,-2.8952,2026-07-08 21:00:00,19,92.3,10194,18.72,0.19,1.24,22.5,9103,,
TH2,62045,49.9069,-2.8953,2026-07-08 20:00:00,19.6,91.1,10192,18.64,0.2,1.6,328.2,11255,,
TH2,62047,49.9069,-2.8953,2026-07-08 20:00:00,19.5,91,10192,18.81,0.24,1.69,313.2,8389,,
TH2,62045,49.9069,-2.8953,2026-07-08 19:00:00,19.6,88.5,10191,18.61,0.22,1.2,22.8,15498,,
TH2,62047,49.9069,-2.8953,2026-07-08 19:00:00,19.8,87.1,10192,18.61,0.28,1.71,25.5,12570,,
TH2,62045,49.907,-2.8951,2026-07-08 18:00:00,20.2,84,10195,19.04,0.32,2.61,336.1,17277,,
TH2,62047,49.907,-2.8951,2026-07-08 18:00:00,20,84.5,10195,19.22,0.31,2.59,318.9,13317,,
TH2,62045,49.9071,-2.8948,2026-07-08 17:00:00,20.1,82.9,10197,18.85,0.28,2.05,331.4,20757,,
TH2,62047,49.9072,-2.8948,2026-07-08 17:00:00,20,83.3,10198,18.49,0.23,1.88,324.1,15047,,
TH2,62045,49.9072,-2.8946,2026-07-08 16:00:00,19.8,82.7,10199,19.03,0.36,2.73,265.5,19358,,
TH2,62047,49.9072,-2.8946,2026-07-08 16:00:00,19.9,81.9,10199,19.63,0.38,3.05,282.9,18841,,
TH2,62045,49.9073,-2.8946,2026-07-08 15:00:00,21.1,73.9,10199,19.16,0.09,0.43,161.4,23695,,
TH2,62047,49.9073,-2.8946,2026-07-08 15:00:00,20.4,76.5,10200,19.2,0.1,0.49,179.1,18922,,
TH2,62045,49.9073,-2.8945,2026-07-08 14:00:00,18.9,86,10198,18.75,0.31,2.07,57.4,18995,,
TH2,62047,49.9073,-2.8945,2026-07-08 14:00:00,19.3,84.1,10200,18.84,0.28,1.7,49.3,17695,,
TH2,62045,49.9073,-2.8945,2026-07-08 13:00:00,18.4,85.8,10201,18.35,0.2,1.29,46.9,17651,,
TH2,62047,49.9073,-2.8945,2026-07-08 13:00:00,19.1,82.1,10203,18.53,0.17,0.82,40.9,18469,,
TH2,62045,49.9073,-2.8945,2026-07-08 12:00:00,18,89.1,10204,17.65,0.29,2.07,46.5,18469,,
TH2,62047,49.9073,-2.8945,2026-07-08 12:00:00,18.7,85.2,10204,17.69,0.26,1.38,43.8,18942,,
TH2,62045,49.9071,-2.8948,2026-07-08 11:00:00,17.6,89.9,10203,17.11,0.25,1.98,355.3,19784,,
TH2,62047,49.9071,-2.8948,2026-07-08 11:00:00,18.4,85.7,10204,17.1,0.26,1.13,355.5,22834,,
TH2,62045,49.907,-2.895,2026-07-08 10:00:00,17.3,90.8,10199,16.94,0.51,3.14,23.8,22800,,
TH2,62047,49.907,-2.895,2026-07-08 10:00:00,17.3,91.1,10200,16.79,0.47,3.5,30.9,21475,,
TH2,62045,49.9069,-2.8952,2026-07-08 09:00:00,17.4,90.6,10201,16.9,0.39,2,1.9,31783,,
TH2,62047,49.9069,-2.8952,2026-07-08 09:00:00,17.2,91.1,10202,16.98,0.35,2.65,3.7,22227,,
TH2,62045,49.9069,-2.8953,2026-07-08 08:00:00,17.4,91.1,10199,17.16,0.39,3.02,5.8,25444,,
TH2,62047,49.9069,-2.8953,2026-07-08 08:00:00,17.3,91.8,10200,17.18,0.32,2.63,5.3,24501,,
TH2,62045,49.9069,-2.8953,2026-07-08 07:00:00,17.9,89.4,10197,17.6,0.47,3.73,10.4,37858,,
TH2,62047,49.9069,-2.8953,2026-07-08 07:00:00,17.6,90.5,10198,17.61,0.34,2.98,7.7,31784,,
TH2,62045,49.9069,-2.8953,2026-07-08 06:00:00,18,88.8,10194,17.99,0.64,5.66,14.3,38341,,
TH2,62047,49.9069,-2.8953,2026-07-08 06:00:00,17.8,89.5,10195,18.01,0.5,4.39,9.5,36752,,
TH2,62045,49.907,-2.8951,2026-07-08 05:00:00,18,89.8,10193,18.05,0.55,4.52,0.6,34553,,
TH2,62047,49.907,-2.895,2026-07-08 05:00:00,17.8,90,10194,18.06,0.44,3.47,353.2,35247,,
TH2,62045,49.9071,-2.8948,2026-07-08 04:00:00,18,88.7,10190,18.04,0.47,3.76,2.2,39143,,
TH2,62047,49.9071,-2.8948,2026-07-08 04:00:00,18,88.6,10191,18.04,0.53,3.35,359.9,42570,,
TH2,62045,49.9072,-2.8946,2026-07-08 03:00:00,18.3,85.3,10191,18,0.43,3.59,319.4,45852,,
TH2,62047,49.9072,-2.8946,2026-07-08 03:00:00,18.2,85.4,10191,18,0.5,4.01,332.3,44360,,
TH2,62045,49.9073,-2.8945,2026-07-08 02:00:00,18.6,79.6,10189,17.98,0.48,4.09,337.5,52120,,
TH2,62047,49.9073,-2.8945,2026-07-08 02:00:00,18.5,80.1,10190,17.99,0.56,4.63,349.2,52474,,
TH2,62045,49.9073,-2.8945,2026-07-08 01:00:00,18.8,85,10190,17.73,0.45,3.59,313.6,48943,,
TH2,62047,49.9073,-2.8945,2026-07-08 01:00:00,18.8,85,10191,17.74,0.46,3.88,328.6,52083,,
TH2,62045,49.9072,-2.8945,2026-07-08 00:00:00,18.6,88.7,10188,17.42,0.37,2.74,324.2,39550,,
TH2,62047,49.9072,-2.8945,2026-07-08 00:00:00,18.6,89.2,10189,17.42,0.37,3.15,337.9,39019,,
TH2,62045,49.9071,-2.8947,2026-07-07 23:00:00,18.6,89.9,10187,17.11,0.54,4.45,307.6,31488,,
TH2,62047,49.9071,-2.8947,2026-07-07 23:00:00,18.5,90.2,10187,17.12,0.53,4.5,322.6,28004,,
TH2,62045,49.907,-2.895,2026-07-07 22:00:00,18.6,89.4,10189,16.72,0.49,3.69,284.5,30677,,
TH2,62047,49.9069,-2.895,2026-07-07 22:00:00,18.5,89.6,10189,16.81,0.48,3.73,300.3,29030,,
TH2,62045,49.9069,-2.8952,2026-07-07 21:00:00,19,88.6,10187,17.09,0.48,4.14,291,34139,,
TH2,62047,49.9069,-2.8952,2026-07-07 21:00:00,19.1,87.8,10187,17.11,0.48,3.86,272.3,36611,,
TH2,62045,49.9068,-2.8953,2026-07-07 20:00:00,19.8,84.6,10181,18.29,0.52,4.43,283.8,44685,,
TH2,62047,49.9068,-2.8953,2026-07-07 20:00:00,19.8,84.3,10182,18.37,0.58,4.95,271.4,45425,,
TH2,62045,49.9068,-2.8954,2026-07-07 19:00:00,19.7,89.7,10181,18.65,0.39,3.42,256.7,30465,,
TH2,62047,49.9068,-2.8954,2026-07-07 19:00:00,19.8,88.7,10182,18.71,0.45,2.96,251,18616,,
TH2,62045,49.9068,-2.8954,2026-07-07 18:00:00,19.6,89.5,10182,18.76,0.39,3.11,246.6,35772,,
TH2,62047,49.9068,-2.8954,2026-07-07 18:00:00,20.1,86.6,10183,18.91,0.39,2.76,242.6,12128,,
TH2,62045,49.907,-2.8951,2026-07-07 17:00:00,20.1,85.6,10184,18.78,0.4,3.41,258.9,43697,,
TH2,62047,49.907,-2.8951,2026-07-07 17:00:00,19.7,87.5,10185,18.82,0.38,2.45,258.5,11914,,
TH2,62045,49.9072,-2.8946,2026-07-07 16:00:00,19.9,86.1,10187,18.43,0.62,4.91,265.6,48336,,
TH2,62047,49.9072,-2.8946,2026-07-07 16:00:00,19.6,87.3,10187,18.4,0.55,4.4,253.3,43043,,
TH2,62045,49.9072,-2.8945,2026-07-07 15:00:00,19.4,89.2,10187,18.59,0.6,4.71,245,56227,,
TH2,62047,49.9072,-2.8945,2026-07-07 15:00:00,19.4,89,10188,18.73,0.54,4.38,257.4,55585,,
TH2,62045,49.9073,-2.8944,2026-07-07 14:00:00,19.3,89.9,10186,18.78,0.6,5.19,258.8,49653,,
TH2,62047,49.9073,-2.8944,2026-07-07 14:00:00,19.3,89.8,10188,18.93,0.54,4.75,269.5,51826,,
TH2,62045,49.9074,-2.8944,2026-07-07 13:00:00,19.2,88.8,10189,18.37,0.51,4.24,245,70862,,
TH2,62047,49.9073,-2.8944,2026-07-07 13:00:00,19.2,88.8,10190,18.74,0.47,3.93,259,75000,,
TH2,62045,49.9073,-2.8944,2026-07-07 12:00:00,18.9,90.2,10191,18,0.47,3.95,246.1,68696,,
TH2,62047,49.9073,-2.8944,2026-07-07 12:00:00,18.9,90,10192,18.32,0.42,3.63,259.5,75000,,
TH2,62045,49.9072,-2.8946,2026-07-07 11:00:00,18.7,87.7,10189,17.7,0.38,3.11,237.6,72783,,
TH2,62047,49.9072,-2.8946,2026-07-07 11:00:00,18.8,87.6,10189,18.11,0.36,3.13,250.1,75000,,
TH2,62045,49.9071,-2.8948,2026-07-07 10:00:00,18.3,89.8,10187,16.86,0.45,3.55,248.8,64941,,
TH2,62047,49.9071,-2.8948,2026-07-07 10:00:00,18.3,89.5,10188,17.34,0.42,3.26,260.1,75000,,
TH2,62045,49.9069,-2.8951,2026-07-07 09:00:00,18.8,85.1,10185,16.4,0.36,2.4,261.5,68222,,
TH2,62047,49.9069,-2.8951,2026-07-07 09:00:00,18.2,88.3,10185,16.55,0.32,2.34,247.3,75000,,
TH2,62045,49.9068,-2.8953,2026-07-07 08:00:00,18.7,86.4,10182,16.91,0.33,2.61,257.7,22347,,
TH2,62047,49.9068,-2.8953,2026-07-07 08:00:00,18.3,87.8,10183,16.97,0.34,2.04,253.2,72288,,
TH2,62045,49.9068,-2.8954,2026-07-07 07:00:00,18.6,85.9,10178,17.41,0.33,2.77,266.9,62641,,
TH2,62047,49.9068,-2.8954,2026-07-07 07:00:00,18.3,87.3,10180,17.45,0.35,2.01,263.1,68852,,
TH2,62045,49.9068,-2.8955,2026-07-07 06:00:00,19,83.7,10176,17.52,0.36,2.97,281.8,62744,,
TH2,62047,49.9068,-2.8955,2026-07-07 06:00:00,18.5,86.3,10177,17.6,0.37,2.67,278.3,74250,,
TH2,62045,49.9069,-2.8953,2026-07-07 05:00:00,18.1,92.9,10174,17.58,0.41,3.27,272.5,49887,,
TH2,62047,49.9069,-2.8953,2026-07-07 05:00:00,18.1,92.4,10175,17.68,0.38,2.17,270.9,58480,,
TH2,62045,49.9071,-2.8949,2026-07-07 04:00:00,18.2,94.3,10173,17.67,0.45,3.6,284.4,41561,,
TH2,62047,49.9071,-2.8949,2026-07-07 04:00:00,18.4,93.1,10174,17.69,0.46,3.85,276.3,55644,,
TH2,62045,49.9072,-2.8946,2026-07-07 03:00:00,18.5,93.4,10173,17.73,0.52,3.14,277.6,41794,,
TH2,62047,49.9072,-2.8946,2026-07-07 03:00:00,18.4,93,10174,18.01,0.42,3.35,270.9,57692,,
TH2,62045,49.9073,-2.8944,2026-07-07 02:00:00,18.6,96.2,10174,17.97,0.47,3.75,240,20127,,
TH2,62047,49.9073,-2.8944,2026-07-07 02:00:00,18.6,95.6,10175,18.04,0.44,3.75,253.1,23662,,
TH2,62045,49.9073,-2.8944,2026-07-07 01:00:00,18.7,95.6,10175,18.03,0.51,4.23,242.1,27833,,
TH2,62047,49.9073,-2.8944,2026-07-07 01:00:00,18.7,95.3,10176,18.15,0.47,4.18,256,37208,,
TH2,62045,49.9074,-2.8944,2026-07-07 00:00:00,19,95.7,10174,18.09,0.51,4.08,230.9,24469,,
TH2,62047,49.9073,-2.8944,2026-07-07 00:00:00,19,95.1,10175,18.35,0.56,4.76,235.4,32833,,
TH2,62045,49.9073,-2.8944,2026-07-06 23:00:00,19,93.7,10176,17.66,0.48,3.71,230.2,37336,,
TH2,62047,49.9073,-2.8944,2026-07-06 23:00:00,18.9,93.4,10177,17.91,0.5,4.19,225.1,53832,,
TH2,62045,49.9072,-2.8946,2026-07-06 22:00:00,18.9,92.1,10180,17.27,0.37,2.67,224.8,42957,,
TH2,62047,49.9072,-2.8946,2026-07-06 22:00:00,18.9,91.6,10181,17.7,0.37,3.14,218.5,55147,,
TH2,62045,49.907,-2.895,2026-07-06 21:00:00,19.1,89.7,10179,16.59,0.46,3.53,206.3,59759,,
TH2,62047,49.907,-2.895,2026-07-06 21:00:00,19,89.4,10180,17.14,0.41,3.37,220.5,75000,,
TH2,62045,49.9069,-2.8952,2026-07-06 20:00:00,19.1,91.2,10179,17.31,0.25,1.75,217.6,47713,,
TH2,62047,49.9069,-2.8952,2026-07-06 20:00:00,19.3,89.7,10180,17.79,0.23,1.21,216.5,55570,,
TH2,62045,49.9068,-2.8954,2026-07-06 19:00:00,19.3,91.3,10182,17.78,0.35,2.88,192.5,47737,,
TH2,62047,49.9068,-2.8954,2026-07-06 19:00:00,19.9,87.1,10182,18.33,0.32,2.27,199.8,61135,,
TH2,62045,49.9068,-2.8954,2026-07-06 18:00:00,19.8,88.1,10186,17.87,0.17,1.22,197.6,39405,,
TH2,62047,49.9068,-2.8954,2026-07-06 18:00:00,21.1,81.1,10187,18.47,0.15,0.72,200.5,13242,,
TH2,62045,49.9069,-2.8954,2026-07-06 17:00:00,20.1,86.4,10193,17.81,0.15,1.01,207.6,34887,,
TH2,62047,49.9069,-2.8953,2026-07-06 17:00:00,21.5,79.6,10194,18.09,0.13,0.59,211.3,44392,,
TH2,62045,49.9071,-2.895,2026-07-06 16:00:00,20.1,85.6,10199,18.02,0.16,0.84,266.9,28907,,
TH2,62047,49.9071,-2.895,2026-07-06 16:00:00,20.1,86.6,10200,18.21,0.14,0.7,253.5,32149,,
TH2,62045,49.9072,-2.8946,2026-07-06 15:00:00,19.9,86.1,10204,17.61,0.31,2.11,258.1,39787,,
TH2,62047,49.9072,-2.8946,2026-07-06 15:00:00,19.4,88.2,10204,17.63,0.31,2.18,243.2,31607,,
TH2,62045,49.9073,-2.8945,2026-07-06 14:00:00,19.1,89.9,10207,18.02,0.3,2.16,245.9,32319,,
TH2,62047,49.9073,-2.8945,2026-07-06 14:00:00,19.1,89.7,10208,18.52,0.27,2.02,256.9,37145,,
TH2,62045,49.9073,-2.8944,2026-07-06 13:00:00,18.7,90,10208,17.86,0.27,1.89,226,37065,,
TH2,62047,49.9073,-2.8944,2026-07-06 13:00:00,18.7,89.9,10209,18.64,0.33,2.33,228.5,29342,,
TH2,62045,49.9073,-2.8943,2026-07-06 12:00:00,18.1,92,10210,17.81,0.29,1.7,228.8,41042,,
TH2,62047,49.9073,-2.8943,2026-07-06 12:00:00,18,92.3,10211,17.86,0.4,2.53,222.3,36512,,
TH2,62045,49.9073,-2.8943,2026-07-06 11:00:00,17.3,96.9,10211,16.92,0.37,2.72,231.9,37879,,
TH2,62047,49.9073,-2.8944,2026-07-06 11:00:00,17.3,96.9,10212,17.22,0.41,3.2,242.9,28618,,
TH2,62045,49.9072,-2.8945,2026-07-06 10:00:00,16,98.9,10213,16.36,0.29,1.85,230.1,545,,
TH2,62047,49.9072,-2.8945,2026-07-06 10:00:00,16.1,98.3,10214,16.55,0.34,2.65,218.9,267,,
TH2,62045,49.907,-2.8949,2026-07-06 09:00:00,15.7,97.9,10217,15.45,0.44,1.58,199.2,152,,
TH2,62047,49.907,-2.8949,2026-07-06 09:00:00,15.7,97.2,10217,15.59,0.45,3.1,194.6,80,,
TH2,62045,49.9069,-2.8952,2026-07-06 08:00:00,16.6,97.5,10217,15.29,0.28,2.17,196.2,5992,,
TH2,62047,49.9069,-2.8952,2026-07-06 08:00:00,16.4,95.7,10218,15.25,0.29,1.49,193.4,5313,,
TH2,62045,49.9068,-2.8954,2026-07-06 07:00:00,16.9,97.3,10216,15.62,0.32,2.14,238.4,9854,,
TH2,62047,49.9068,-2.8954,2026-07-06 07:00:00,17,95.6,10217,15.64,0.33,1.64,237.5,9286,,
TH2,62045,49.9067,-2.8955,2026-07-06 06:00:00,17,96.7,10216,16.14,0.34,2.3,236.2,11143,,
TH2,62047,49.9068,-2.8955,2026-07-06 06:00:00,17.1,95.8,10218,16.14,0.26,1.7,237.1,13259,,
TH2,62045,49.9068,-2.8955,2026-07-06 05:00:00,17,97.1,10216,16.27,0.4,2.96,231.6,12391,,
TH2,62047,49.9068,-2.8954,2026-07-06 05:00:00,17,96.8,10217,16.27,0.36,1.99,235.4,12696,,
TH2,62045,49.907,-2.8952,2026-07-06 04:00:00,16.9,97.3,10219,16.64,0.26,1.75,252.2,10476,,
TH2,62047,49.907,-2.8952,2026-07-06 04:00:00,16.9,97.2,10220,16.64,0.22,1.34,246.2,11288,,
TH2,62045,49.9072,-2.8947,2026-07-06 03:00:00,17,96.7,10222,16.76,0.37,2.97,291.1,12332,,
TH2,62047,49.9072,-2.8947,2026-07-06 03:00:00,17.1,96.4,10223,16.76,0.41,2.88,273.2,15235,,
TH2,62045,49.9073,-2.8944,2026-07-06 02:00:00,17.2,96.5,10224,16.77,0.5,3.93,262.3,13499,,
TH2,62047,49.9073,-2.8944,2026-07-06 02:00:00,17.1,96.3,10225,16.77,0.52,3.82,276.3,12975,,
TH2,62045,49.9073,-2.8943,2026-07-06 01:00:00,17.2,95.9,10226,16.7,0.61,5.31,265.5,13842,,
TH2,62047,49.9073,-2.8943,2026-07-06 01:00:00,17.2,95.7,10227,16.7,0.57,4.66,276.3,14033,,
TH2,62045,49.9074,-2.8943,2026-07-06 00:00:00,17.1,96.1,10230,16.52,0.53,3.92,238.7,11891,,
TH2,62047,49.9073,-2.8943,2026-07-06 00:00:00,17.1,95.8,10231,16.52,0.49,3.97,251.9,13154,,
TH2,62045,49.9074,-2.8942,2026-07-05 23:00:00,17.1,96.1,10232,16.49,0.62,5.01,257.5,13481,,
TH2,62047,49.9074,-2.8942,2026-07-05 23:00:00,17,96.1,10233,16.49,0.55,4.46,268.4,14704,,
TH2,62045,49.9073,-2.8944,2026-07-05 22:00:00,16.8,97.1,10238,16.03,0.43,2.36,231.4,10649,,
TH2,62047,49.9073,-2.8944,2026-07-05 22:00:00,16.8,96.7,10239,16.04,0.51,3.04,234.7,11699,,
TH2,62045,49.9071,-2.8947,2026-07-05 21:00:00,16.7,97.1,10241,15.62,0.33,1.69,219.9,10858,,
TH2,62047,49.9071,-2.8948,2026-07-05 21:00:00,16.7,96.7,10242,15.63,0.48,3.14,210.1,11695,,
TH2,62045,49.9069,-2.8951,2026-07-05 20:00:00,16.5,95.6,10242,15.39,0.42,2.62,209.8,16220,,
TH2,62047,49.9069,-2.8951,2026-07-05 20:00:00,16.6,96,10242,15.42,0.51,2.72,220.7,15924,,
TH2,62045,49.9068,-2.8954,2026-07-05 19:00:00,16.8,94.3,10244,15.69,0.44,2.69,249.8,24952,,
TH2,62047,49.9068,-2.8954,2026-07-05 19:00:00,16.8,93.9,10245,15.69,0.45,2.06,241.1,24664,,
TH2,62045,49.9067,-2.8956,2026-07-05 18:00:00,16.6,94.4,10248,16.4,0.51,3.56,247.8,18706,,
TH2,62047,49.9067,-2.8956,2026-07-05 18:00:00,16.8,93.1,10249,16.4,0.49,3.09,241,12007,,
TH2,62045,49.9067,-2.8956,2026-07-05 17:00:00,16.5,93.5,10253,16.35,0.65,4.86,271.3,23023,,
TH2,62047,49.9067,-2.8956,2026-07-05 17:00:00,16.3,94,10255,16.36,0.7,3.63,266.9,20756,,
TH2,62045,49.9069,-2.8953,2026-07-05 16:00:00,16.7,92.6,10256,16.94,0.65,5.03,266.1,30633,,
TH2,62047,49.9069,-2.8953,2026-07-05 16:00:00,16.5,93.8,10258,16.94,0.64,3.79,261.6,27077,,
TH2,62045,49.9071,-2.8948,2026-07-05 15:00:00,16.8,92,10265,17.07,0.61,4.63,266.9,26770,,
TH2,62047,49.9071,-2.8948,2026-07-05 15:00:00,16.5,93.7,10266,17.07,0.7,4.63,257,20257,,
TH2,62045,49.9072,-2.8945,2026-07-05 14:00:00,16.5,93.5,10265,17.07,0.63,3.96,255.3,23158,,
TH2,62047,49.9072,-2.8945,2026-07-05 14:00:00,16.3,93.5,10266,17.07,0.69,4.26,246.8,15316,,
TH2,62045,49.9073,-2.8943,2026-07-05 13:00:00,15.8,94.5,10267,17.1,0.57,3.39,245.4,22511,,
TH2,62047,49.9073,-2.8943,2026-07-05 13:00:00,15.8,94.3,10268,17.11,0.52,3.5,254.9,15730,,
TH2,62045,49.9073,-2.8942,2026-07-05 12:00:00,15.8,94.6,10269,16.79,0.57,4.07,268.2,16675,,
TH2,62047,49.9073,-2.8942,2026-07-05 12:00:00,15.7,94.3,10270,16.79,0.51,3.63,277,13934,,
TH2,62045,49.9074,-2.8942,2026-07-05 11:00:00,15.5,93.5,10270,16.2,0.64,4.4,264.7,28850,,
TH2,62047,49.9074,-2.8942,2026-07-05 11:00:00,15.5,93.5,10271,16.21,0.59,3.93,273.8,25749,,
TH2,62045,49.9073,-2.8943,2026-07-05 10:00:00,15.4,93.6,10269,15.86,0.69,5.04,268.2,51038,,
TH2,62047,49.9073,-2.8943,2026-07-05 10:00:00,15.3,93.5,10270,15.88,0.6,4.39,278,52607,,
TH2,62045,49.9071,-2.8946,2026-07-05 09:00:00,15.1,94.4,10272,15.29,0.42,2.3,246.7,67977,,
TH2,62047,49.9071,-2.8946,2026-07-05 09:00:00,15.1,94.1,10273,15.32,0.38,2.52,254.3,63676,,
TH2,62045,49.9069,-2.895,2026-07-05 08:00:00,15.6,91.8,10271,15.07,0.47,3.3,285,72961,,
TH2,62047,49.9069,-2.895,2026-07-05 08:00:00,15.7,91.7,10272,15.1,0.46,3.24,298.1,75000,,
TH2,62045,49.9068,-2.8954,2026-07-05 07:00:00,16,87.8,10271,15.06,0.58,3.3,311,71548,,
TH2,62047,49.9068,-2.8954,2026-07-05 07:00:00,15.7,88.6,10272,15.06,0.56,3.04,296.3,71599,,
TH2,62045,49.9067,-2.8956,2026-07-05 06:00:00,16.1,88.5,10272,15.52,0.57,3.58,327.6,59947,,
TH2,62047,49.9067,-2.8956,2026-07-05 06:00:00,16,88.6,10273,15.48,0.57,3.51,311.9,58084,,
TH2,62045,49.9067,-2.8957,2026-07-05 05:00:00,16.1,89.8,10271,15.93,0.66,4.8,321.4,49566,,
TH2,62047,49.9067,-2.8957,2026-07-05 05:00:00,16.1,89.6,10272,15.93,0.7,5.13,304.8,53130,,
TH2,62045,49.9067,-2.8957,2026-07-05 04:00:00,16.3,89.5,10272,16.33,0.58,4.62,330.5,42553,,
TH2,62047,49.9067,-2.8957,2026-07-05 04:00:00,16.2,89.1,10272,16.33,0.62,4.72,314.9,45027,,
TH2,62045,49.9069,-2.8953,2026-07-05 03:00:00,16.4,90.8,10276,16.76,0.7,5.43,312,34806,,
TH2,62047,49.9069,-2.8952,2026-07-05 03:00:00,16.4,90.3,10277,16.76,0.77,5.98,298,35888,,
TH2,62045,49.9071,-2.8947,2026-07-05 02:00:00,16.4,90.8,10278,16.81,0.88,6.77,306.7,36413,,
TH2,62047,49.9071,-2.8947,2026-07-05 02:00:00,16.4,90.3,10279,16.81,0.89,6.91,289.8,34737,,
TH2,62045,49.9072,-2.8943,2026-07-05 01:00:00,16.6,90.1,10279,16.82,0.84,5.92,293.8,34963,,
TH2,62047,49.9072,-2.8942,2026-07-05 01:00:00,16.6,89.3,10280,16.82,0.86,5.47,297.5,33990,,
TH2,62045,49.9073,-2.8942,2026-07-05 00:00:00,16.8,90.5,10280,16.85,0.9,7.35,294,30790,,
TH2,62047,49.9073,-2.8942,2026-07-05 00:00:00,16.8,90.6,10281,16.85,0.9,6.84,306.8,27420,,
TH2,62045,49.9073,-2.8941,2026-07-04 23:00:00,16.9,91.8,10279,16.69,0.95,7.94,290.1,25588,,
TH2,62047,49.9073,-2.8941,2026-07-04 23:00:00,16.8,91.6,10280,16.69,0.86,7.13,301.3,20609,,
TH2,62045,49.9073,-2.8942,2026-07-04 22:00:00,17,90.7,10280,16.25,0.95,7.98,289.8,22654,,
TH2,62047,49.9073,-2.8942,2026-07-04 22:00:00,17,90.7,10281,16.25,0.92,7.2,301.3,18500,,
TH2,62045,49.9072,-2.8943,2026-07-04 21:00:00,17.2,90.2,10276,16.16,0.98,8.04,282,22957,,
TH2,62047,49.9072,-2.8943,2026-07-04 21:00:00,17.1,90,10277,16.16,0.88,7.22,292.3,19630,,
TH2,62045,49.907,-2.8946,2026-07-04 20:00:00,17.3,91.7,10273,15.71,1.12,8.32,269.5,18847,,
TH2,62047,49.907,-2.8947,2026-07-04 20:00:00,17.2,91.6,10273,15.71,1.19,8.1,279.9,16975,,
TH2,62045,49.9068,-2.895,2026-07-04 19:00:00,17.4,91.3,10275,15.53,1.11,8.14,269.1,17176,,
TH2,62047,49.9068,-2.895,2026-07-04 19:00:00,17.2,92.2,10276,15.54,1,7.63,253.4,14515,,
TH2,62045,49.9067,-2.8954,2026-07-04 18:00:00,17.4,90.6,10279,15.9,1.03,8.64,281.1,17433,,
TH2,62047,49.9067,-2.8954,2026-07-04 18:00:00,17.3,91.2,10280,15.89,1.11,9.21,265.5,14266,,
TH2,62045,49.9067,-2.8956,2026-07-04 17:00:00,17.8,86.9,10281,15.9,0.95,7.21,277.7,22189,,
TH2,62047,49.9067,-2.8956,2026-07-04 17:00:00,17.5,88.5,10284,15.87,0.97,7.05,269.1,17263,,
TH2,62045,49.9067,-2.8957,2026-07-04 16:00:00,17.9,87,10285,17.05,0.94,7.59,272.4,26394,,
TH2,62047,49.9067,-2.8956,2026-07-04 16:00:00,17.5,88.9,10288,17.05,1.02,6.24,266.3,23557,,
TH2,62045,49.9069,-2.8952,2026-07-04 15:00:00,17.7,86.9,10291,17.02,0.96,7.67,272.6,32292,,
TH2,62047,49.9069,-2.8952,2026-07-04 15:00:00,17.3,88.7,10293,17.02,1,6.52,266.2,25857,,
TH2,62045,49.9072,-2.8947,2026-07-04 14:00:00,17.3,90.9,10297,17.07,0.98,7.15,276.2,44477,,
TH2,62047,49.9072,-2.8947,2026-07-04 14:00:00,17,91.3,10298,17.06,0.99,6.57,267.4,42398,,
TH2,62045,49.9073,-2.8944,2026-07-04 13:00:00,17.1,91.2,10297,17.04,0.84,6.09,275.6,45015,,
TH2,62047,49.9073,-2.8944,2026-07-04 13:00:00,17.2,90.4,10298,17.05,0.87,5.61,287,45319,,
TH2,62045,49.9073,-2.8944,2026-07-04 12:00:00,16.7,94.7,10295,16.99,0.86,6.81,258.2,49324,,
TH2,62047,49.9073,-2.8944,2026-07-04 12:00:00,16.6,94.3,10296,17,0.76,6.14,268,41949,,
TH2,62045,49.9074,-2.8943,2026-07-04 11:00:00,16.6,93.5,10297,17,0.72,5.79,260.3,75000,,
TH2,62047,49.9074,-2.8943,2026-07-04 11:00:00,16.5,93.8,10298,17,0.63,5.16,270.3,75000,,
TH2,62045,49.9074,-2.8943,2026-07-04 10:00:00,16.1,95.8,10296,16.22,0.79,5.97,277.5,51893,,
TH2,62047,49.9074,-2.8943,2026-07-04 10:00:00,16.1,95.2,10297,16.26,0.71,5.26,286.8,65919,,
TH2,62045,49.9073,-2.8944,2026-07-04 09:00:00,15.9,96.4,10297,15.42,0.87,6.26,273.9,60527,,
TH2,62047,49.9073,-2.8944,2026-07-04 09:00:00,16,95.8,10298,15.43,0.8,5.53,283,62041,,
TH2,62045,49.9071,-2.8947,2026-07-04 08:00:00,16.1,91.5,10297,15.14,0.63,4.8,269,75000,,
TH2,62047,49.9071,-2.8948,2026-07-04 08:00:00,16.1,91.3,10297,15.14,0.59,4.28,277.7,75000,,
TH2,62045,49.9069,-2.8952,2026-07-04 07:00:00,15.7,91.8,10296,15.04,0.52,2.7,265.5,75000,,
TH2,62047,49.9069,-2.8952,2026-07-04 07:00:00,15.6,92.4,10297,15.05,0.46,2.68,262.3,75000,,
TH2,62045,49.9068,-2.8956,2026-07-04 06:00:00,15.5,93.5,10296,15.06,0.49,3.34,309.3,40843,,
TH2,62047,49.9068,-2.8956,2026-07-04 06:00:00,15.4,93.8,10297,15.06,0.49,3.4,293.4,40528,,
TH2,62045,49.9067,-2.8957,2026-07-04 05:00:00,15.7,90.6,10295,15.46,0.44,3.03,329.7,60187,,
TH2,62047,49.9067,-2.8957,2026-07-04 05:00:00,15.7,90.6,10295,15.46,0.43,2.96,316.1,75000,,
TH2,62045,49.9067,-2.8958,2026-07-04 04:00:00,15.9,89.7,10297,16.58,0.6,4.39,323.5,49295,,
TH2,62047,49.9067,-2.8958,2026-07-04 04:00:00,15.8,89.2,10298,16.59,0.64,4.44,306.7,54315,,
TH2,62045,49.9069,-2.8955,2026-07-04 03:00:00,16,90.8,10295,16.56,0.79,6.66,318.4,45913,,
TH2,62047,49.9069,-2.8955,2026-07-04 03:00:00,16,90.3,10296,16.56,0.83,6.85,300.8,50210,,
TH2,62045,49.9071,-2.895,2026-07-04 02:00:00,16.1,89.1,10297,16.78,0.88,6.3,302.3,47936,,
TH2,62047,49.9071,-2.895,2026-07-04 02:00:00,16.1,88.3,10298,16.78,0.86,6.42,287.1,51220,,
TH2,62045,49.9073,-2.8947,2026-07-04 01:00:00,16.8,88.7,10294,16.95,0.65,4.51,290.3,41560,,
TH2,62047,49.9073,-2.8947,2026-07-04 01:00:00,16.8,88.5,10295,16.95,0.7,4.14,293.6,40039,,
TH2,62045,49.9073,-2.8945,2026-07-04 00:00:00,17.1,91.4,10294,17.01,0.72,5.6,279.8,30112,,
TH2,62047,49.9073,-2.8945,2026-07-04 00:00:00,17,91.4,10295,17.01,0.72,5.4,293.5,28533,,
TH2,62045,49.9074,-2.8945,2026-07-03 23:00:00,16.9,90.1,10295,16.76,0.64,5.46,271.4,34082,,
TH2,62047,49.9074,-2.8945,2026-07-03 23:00:00,16.9,89.9,10296,16.76,0.6,4.8,280.4,32602,,
TH2,62045,49.9074,-2.8944,2026-07-03 22:00:00,17,90.9,10293,16.96,0.81,6.61,276.2,32298,,
TH2,62047,49.9074,-2.8944,2026-07-03 22:00:00,17,90.8,10293,16.97,0.73,5.96,287.8,29050,,
TH2,62045,49.9073,-2.8945,2026-07-03 21:00:00,17.1,88.1,10289,16.5,0.69,5.78,269.5,34231,,
TH2,62047,49.9073,-2.8945,2026-07-03 21:00:00,17.1,88.1,10290,16.53,0.64,5.1,278.4,32883,,
TH2,62045,49.9072,-2.8947,2026-07-03 20:00:00,17.1,86.3,10289,16.14,0.64,5.39,277.3,28923,,
TH2,62047,49.9072,-2.8948,2026-07-03 20:00:00,17.1,86.2,10290,16.19,0.56,4.68,285.5,29390,,
TH2,62045,49.907,-2.8952,2026-07-03 19:00:00,17.1,87.1,10289,16.27,0.58,3.84,258.7,26625,,
TH2,62047,49.907,-2.8952,2026-07-03 19:00:00,17.1,86.6,10290,16.28,0.53,3.76,273.1,27630,,
TH2,62045,49.9068,-2.8955,2026-07-03 18:00:00,17.8,80.9,10292,16.58,0.41,3.13,273.3,33803,,
TH2,62047,49.9068,-2.8955,2026-07-03 18:00:00,17.3,82.9,10293,16.83,0.49,3.08,259.7,34147,,
TH2,62045,49.9068,-2.8957,2026-07-03 17:00:00,18.1,75.4,10297,17.13,0.39,2.77,268.8,37591,,
TH2,62047,49.9068,-2.8957,2026-07-03 17:00:00,17.7,77.3,10298,17.17,0.36,2.08,263,26500,,
TH2,62045,49.9067,-2.8958,2026-07-03 16:00:00,17.6,73.8,10301,17.03,0.32,1.68,235.7,44155,,
TH2,62047,49.9067,-2.8958,2026-07-03 16:00:00,18.3,71.1,10302,17.2,0.26,1.3,230.7,49501,,
TH2,62045,49.9069,-2.8955,2026-07-03 15:00:00,17.3,72.5,10303,16.78,0.24,1.41,164.2,50655,,
TH2,62047,49.9069,-2.8955,2026-07-03 15:00:00,18,69.8,10304,16.87,0.21,1.36,174.7,60921,,
TH2,62045,49.9072,-2.895,2026-07-03 14:00:00,16.9,71.5,10308,17.07,0.3,1.53,133,49491,,
TH2,62047,49.9072,-2.895,2026-07-03 14:00:00,17.3,70.3,10309,17.19,0.28,1.46,146.8,57004,,
TH2,62045,49.9073,-2.8947,2026-07-03 13:00:00,16.8,74.1,10306,17.08,0.42,2.39,134.5,49657,,
TH2,62047,49.9073,-2.8947,2026-07-03 13:00:00,16.5,75.4,10307,17.1,0.4,2.17,128.3,52081,,
TH2,62045,49.9075,-2.8944,2026-07-03 12:00:00,16.8,76.5,10307,16.77,0.4,2.89,120.9,47225,,
TH2,62047,49.9075,-2.8944,2026-07-03 12:00:00,16.3,78.7,10308,16.8,0.44,3.05,103.7,46476,,
TH2,62045,49.9075,-2.8943,2026-07-03 11:00:00,16.3,81.1,10306,16.37,0.44,2.98,133.5,41091,,
TH2,62047,49.9075,-2.8944,2026-07-03 11:00:00,16,82.8,10307,16.4,0.42,3.04,115.7,40981,,
TH2,62045,49.9075,-2.8943,2026-07-03 10:00:00,16.4,82.4,10303,15.89,0.38,2.63,104.3,40626,,
TH2,62047,49.9075,-2.8943,2026-07-03 10:00:00,15.8,85.2,10305,15.92,0.36,2.48,91.7,36442,,
TH2,62045,49.9074,-2.8944,2026-07-03 09:00:00,16.2,80.5,10301,15.39,0.49,3.6,94.2,39970,,
TH2,62047,49.9074,-2.8944,2026-07-03 09:00:00,15.7,82.7,10302,15.4,0.55,2.94,85.1,23372,,
TH2,62045,49.9072,-2.8948,2026-07-03 08:00:00,15.9,82.4,10298,15.01,0.55,3.84,84.8,28285,,
TH2,62047,49.9072,-2.8948,2026-07-03 08:00:00,15.7,83.9,10299,15.01,0.57,3.06,75.6,19798,,
TH2,62045,49.9069,-2.8952,2026-07-03 07:00:00,15.7,83.6,10297,14.91,0.67,4.18,59,40387,,
TH2,62047,49.9069,-2.8952,2026-07-03 07:00:00,15.5,83.8,10298,14.91,0.68,3.89,53.9,27978,,
TH2,62045,49.9068,-2.8955,2026-07-03 06:00:00,15.5,82.8,10295,14.91,0.72,3.66,36.7,33623,,
TH2,62047,49.9068,-2.8955,2026-07-03 06:00:00,15.4,82.9,10296,14.9,0.75,4.68,41.7,40189,,
TH2,62045,49.9068,-2.8958,2026-07-03 05:00:00,15.5,83.8,10294,15.26,0.78,4.57,24.4,35945,,
TH2,62047,49.9068,-2.8958,2026-07-03 05:00:00,15.5,83.8,10295,15.27,0.61,4.57,24.9,38650,,
TH2,62045,49.9067,-2.8958,2026-07-03 04:00:00,16,79.4,10289,16.16,0.9,6.86,18.8,30849,,
TH2,62047,49.9067,-2.8958,2026-07-03 04:00:00,16,79.6,10290,16.16,0.77,6.19,15.3,41381,,
TH2,62045,49.9067,-2.8957,2026-07-03 03:00:00,16.3,80.2,10289,16.47,0.99,7.35,15.3,30437,,
TH2,62047,49.9068,-2.8957,2026-07-03 03:00:00,16.3,80.1,10289,16.47,0.82,6.23,9,36660,,
TH2,62045,49.907,-2.895,2026-07-03 02:00:00,16.6,81.1,10288,16.53,0.97,7.87,11.5,30936,,
TH2,62047,49.907,-2.895,2026-07-03 02:00:00,16.6,81,10287,16.53,0.83,6.56,2,33168,,
TH2,62045,49.9072,-2.8943,2026-07-03 01:00:00,16.7,80.5,10285,16.6,1.04,6.96,4.2,30309,,
TH2,62047,49.9072,-2.8943,2026-07-03 01:00:00,16.7,80.3,10285,16.6,0.89,6.52,357.1,30901,,
TH2,62045,49.9074,-2.8938,2026-07-03 00:00:00,17.1,77.8,10283,16.63,0.96,6.93,352.9,32098,,
TH2,62047,49.9074,-2.8938,2026-07-03 00:00:00,17,78.2,10284,16.63,1.06,6.96,358.7,29364,,
TH2,62045,49.9075,-2.8935,2026-07-02 23:00:00,17.3,80.3,10277,16.65,0.99,7.74,340.9,27608,,
TH2,62047,49.9075,-2.8935,2026-07-02 23:00:00,17.2,80.8,10278,16.65,1.15,8.35,352.5,24359,,
TH2,62045,49.9076,-2.8935,2026-07-02 22:00:00,17.5,81.3,10276,16.64,0.85,6.71,343.2,33620,,
TH2,62047,49.9076,-2.8935,2026-07-02 22:00:00,17.6,80.4,10277,16.64,0.87,6.78,327.2,31882,,
TH2,62045,49.9076,-2.8935,2026-07-02 21:00:00,17.3,85.3,10271,16.57,0.68,5.1,335.3,32795,,
TH2,62047,49.9076,-2.8935,2026-07-02 21:00:00,17.4,84.4,10272,16.57,0.7,5.34,320.8,32953,,
TH2,62045,49.9075,-2.8935,2026-07-02 20:00:00,17.1,86.9,10265,16.43,0.8,5.66,302.2,25634,,
TH2,62047,49.9075,-2.8935,2026-07-02 20:00:00,17.1,87,10266,16.44,0.69,5.41,315.3,23219,,
TH2,62045,49.9072,-2.894,2026-07-02 19:00:00,17.2,84,10262,16.24,0.89,6.32,287.1,23200,,
TH2,62047,49.9073,-2.894,2026-07-02 19:00:00,17.2,84.4,10263,16.24,0.84,5.86,299,24955,,
TH2,62045,49.907,-2.8944,2026-07-02 18:00:00,17.5,82.5,10262,16.2,1.08,6.82,287.5,28823,,
TH2,62047,49.907,-2.8944,2026-07-02 18:00:00,17.3,82.5,10263,16.2,0.98,6.49,285.5,26796,,
TH2,62045,49.9069,-2.8949,2026-07-02 17:00:00,17.6,80.8,10263,16.33,0.99,7.1,298.2,32011,,
TH2,62047,49.9069,-2.8949,2026-07-02 17:00:00,17.3,81.4,10264,16.33,0.99,7.26,281.6,13824,,
TH2,62045,49.9069,-2.895,2026-07-02 16:00:00,17.6,84.3,10264,16.49,0.92,6.78,298.6,29788,,
TH2,62047,49.9069,-2.895,2026-07-02 16:00:00,17.3,85.7,10265,16.48,0.96,7.2,283.4,22501,,
TH2,62045,49.9069,-2.895,2026-07-02 15:00:00,17.8,85.1,10260,16.61,0.88,6.51,281.5,32406,,
TH2,62047,49.9069,-2.895,2026-07-02 15:00:00,17.4,87.2,10262,16.61,0.87,5.67,273.2,28846,,
TH2,62045,49.9071,-2.8947,2026-07-02 14:00:00,17.7,86.9,10261,16.52,0.85,6.49,283.6,30102,,
TH2,62047,49.9071,-2.8947,2026-07-02 14:00:00,17.3,88.8,10263,16.52,0.91,6.02,274,28000,,
TH2,62045,49.9074,-2.8941,2026-07-02 13:00:00,17.3,88.8,10258,16.52,0.99,6.95,275.1,25725,,
TH2,62047,49.9074,-2.8941,2026-07-02 13:00:00,17.2,89.2,10259,16.51,0.98,6.81,267,24376,,
TH2,62045,49.9075,-2.8936,2026-07-02 12:00:00,17.2,88.5,10252,16.47,1.22,7.99,268.6,28746,,
TH2,62047,49.9075,-2.8936,2026-07-02 12:00:00,17.2,88.5,10252,16.48,1.15,7.72,270.8,25904,,
TH2,62045,49.9076,-2.8935,2026-07-02 11:00:00,17.1,92.2,10249,16.38,1.2,7.73,263.8,22529,,
TH2,62047,49.9076,-2.8935,2026-07-02 11:00:00,17.1,91.6,10250,16.38,1.16,7.02,274.6,18344,,
TH2,62045,49.9077,-2.8934,2026-07-02 10:00:00,17.1,92.3,10246,16.27,1.2,8.37,265.2,23890,,
TH2,62047,49.9077,-2.8935,2026-07-02 10:00:00,17.1,91.8,10246,16.27,1.22,7.75,273.7,14336,,
TH2,62045,49.9077,-2.8934,2026-07-02 09:00:00,17.1,92.2,10238,16.25,1.35,9.79,276.9,19023,,
TH2,62047,49.9077,-2.8934,2026-07-02 09:00:00,17.1,91.8,10239,16.25,1.27,9.16,286.1,11907,,
TH2,62045,49.9075,-2.8934,2026-07-02 08:00:00,17,93.1,10238,15.98,1.26,8.62,277.4,17123,,
TH2,62047,49.9075,-2.8934,2026-07-02 08:00:00,17,92.9,10239,15.98,1.32,8.18,287,14799,,
TH2,62045,49.9072,-2.8938,2026-07-02 07:00:00,17,94.8,10234,15.64,1.41,8.8,273.4,3676,,
TH2,62047,49.9072,-2.8938,2026-07-02 07:00:00,16.9,94.8,10235,15.64,1.42,8.17,280.3,5525,,
TH2,62045,49.907,-2.8944,2026-07-02 06:00:00,16.8,96.9,10233,15.52,1.32,8.96,263.3,1233,,
TH2,62047,49.907,-2.8944,2026-07-02 06:00:00,16.8,97.1,10234,15.52,1.36,8.73,270.3,2435,,
TH2,62045,49.9067,-2.8951,2026-07-02 05:00:00,17,97.3,10233,15.56,1.32,8.67,259.3,2300,,
TH2,62047,49.9067,-2.895,2026-07-02 05:00:00,17,96.6,10235,15.56,1.26,8.82,252.9,2813,,
TH2,62045,49.9067,-2.8953,2026-07-02 04:00:00,16.8,96.5,10233,15.76,1.25,7.95,252,7498,,
TH2,62047,49.9067,-2.8953,2026-07-02 04:00:00,16.8,96.1,10234,15.76,1.29,8.25,246.3,3689,,
TH2,62045,49.9067,-2.8954,2026-07-02 03:00:00,16.9,94.9,10241,16.08,1.11,7.65,253.3,13407,,
TH2,62047,49.9067,-2.8954,2026-07-02 03:00:00,16.8,94.9,10242,16.09,1.13,6.36,245.4,16496,,
TH2,62045,49.9069,-2.895,2026-07-02 02:00:00,16.6,97.2,10251,16.33,1.31,7.93,263.7,5029,,
TH2,62047,49.9069,-2.895,2026-07-02 02:00:00,16.6,96.7,10253,16.32,1.27,7.95,260.1,5243,,
TH2,62045,49.9072,-2.8943,2026-07-02 01:00:00,16.7,92.4,10251,16.34,1.33,8.67,263.1,19574,,
TH2,62047,49.9072,-2.8943,2026-07-02 01:00:00,16.7,92.3,10252,16.34,1.28,9.09,261.9,19084,,
TH2,62045,49.9075,-2.8936,2026-07-02 00:00:00,16.5,90.4,10256,16.31,1.26,8.32,263.5,17686,,
TH2,62047,49.9075,-2.8936,2026-07-02 00:00:00,16.5,90.3,10256,16.31,1.23,8.51,261.3,18891,,
TH2,62045,49.9076,-2.8935,2026-07-01 23:00:00,16.7,86.7,10259,16.36,1.33,8.9,267.4,18962,,
TH2,62047,49.9076,-2.8935,2026-07-01 23:00:00,16.7,86.7,10260,16.36,1.3,8.34,277.6,17152,,
TH2,62045,49.9076,-2.8934,2026-07-01 22:00:00,16.8,84.9,10262,16.48,1.53,11.02,274.4,19916,,
TH2,62047,49.9076,-2.8934,2026-07-01 22:00:00,16.8,84.8,10263,16.48,1.42,10.29,282.1,20281,,
TH2,62045,49.9077,-2.8934,2026-07-01 21:00:00,16.7,84.3,10260,16.47,1.22,9.15,266,24114,,
TH2,62047,49.9076,-2.8934,2026-07-01 21:00:00,16.7,84.3,10261,16.47,1.17,8.66,275.8,23880,,
TH2,62045,49.9076,-2.8934,2026-07-01 20:00:00,16.7,84.5,10258,16.19,1.49,9.36,270.2,22258,,
TH2,62047,49.9076,-2.8934,2026-07-01 20:00:00,16.7,84.4,10259,16.19,1.37,7.74,272.6,18915,,
TH2,62045,49.9073,-2.8936,2026-07-01 19:00:00,16.8,83.9,10258,15.91,1.44,8.96,270.2,17242,,
TH2,62047,49.9073,-2.8936,2026-07-01 19:00:00,16.8,83.7,10259,15.92,1.45,9.25,278.2,23598,,
TH2,62045,49.9071,-2.8941,2026-07-01 18:00:00,17.1,81.3,10259,15.68,1.31,8.55,270,27123,,
TH2,62047,49.9071,-2.8942,2026-07-01 18:00:00,17.2,81.3,10260,15.67,1.27,8.65,273.9,27276,,
TH2,62045,49.9068,-2.8947,2026-07-01 17:00:00,17.2,82.7,10263,15.69,1.19,8.65,284,15388,,
TH2,62047,49.9068,-2.8947,2026-07-01 17:00:00,17.2,83,10263,15.68,1.2,8.66,271.3,24457,,
TH2,62045,49.9068,-2.8951,2026-07-01 16:00:00,17.3,83,10264,15.97,1.5,9.9,274.9,23102,,
TH2,62047,49.9067,-2.8951,2026-07-01 16:00:00,17.3,83.1,10265,15.99,1.33,9.29,284.2,24691,,
TH2,62045,49.9067,-2.8951,2026-07-01 15:00:00,17.8,81,10271,16.8,1.09,8.47,288.5,29162,,
TH2,62047,49.9067,-2.8951,2026-07-01 15:00:00,17.5,82.1,10273,16.79,1.18,8.86,274.9,27585,,
TH2,62045,49.9069,-2.8949,2026-07-01 14:00:00,17.7,80.8,10272,16.77,1.12,8.33,293.1,28572,,
TH2,62047,49.9069,-2.8949,2026-07-01 14:00:00,17.5,82.1,10274,16.77,1.16,8.78,279,27910,,
TH2,62045,49.9072,-2.8944,2026-07-01 13:00:00,17.6,84.7,10273,16.73,0.98,7.46,288.5,26234,,
TH2,62047,49.9072,-2.8944,2026-07-01 13:00:00,17.3,86,10273,16.73,1,7.75,272.9,27156,,
TH2,62045,49.9075,-2.8938,2026-07-01 12:00:00,17.2,88.7,10270,16.8,1.05,6.14,274.4,23339,,
TH2,62047,49.9075,-2.8938,2026-07-01 12:00:00,17.2,88,10270,16.79,0.95,6.33,273.2,23487,,
TH2,62045,49.9076,-2.8935,2026-07-01 11:00:00,17,86.8,10265,16.8,1,6.33,275.4,25103,,
TH2,62047,49.9076,-2.8935,2026-07-01 11:00:00,17.1,86.7,10266,16.79,1.01,6.35,282.2,27427,,
TH2,62045,49.9077,-2.8934,2026-07-01 10:00:00,16.8,88.6,10262,16.63,1.09,8.46,280.9,25201,,
TH2,62047,49.9077,-2.8934,2026-07-01 10:00:00,16.8,88.3,10262,16.63,0.96,7.64,290.4,57309,,
TH2,62045,49.9078,-2.8934,2026-07-01 09:00:00,16.7,88.7,10257,16.53,1.1,8.54,277.1,24206,,
TH2,62047,49.9078,-2.8934,2026-07-01 09:00:00,16.7,88.4,10258,16.54,0.99,7.67,287.3,18102,,
TH2,62045,49.9077,-2.8935,2026-07-01 08:00:00,16.7,85.6,10255,16.37,1.07,8.14,277.7,27529,,
TH2,62047,49.9077,-2.8935,2026-07-01 08:00:00,16.6,85.8,10256,16.37,0.95,7.38,287.9,20752,,
TH2,62045,49.9074,-2.8938,2026-07-01 07:00:00,16.7,88.2,10251,15.91,1.13,8.07,281.7,23522,,
TH2,62047,49.9074,-2.8938,2026-07-01 07:00:00,16.7,88.1,10251,15.92,1.02,7.36,292.7,25639,,
TH2,62045,49.9071,-2.8945,2026-07-01 06:00:00,16.4,88.2,10246,15.6,0.94,6.2,274.6,28682,,
TH2,62047,49.9071,-2.8945,2026-07-01 06:00:00,16.5,87.4,10247,15.6,0.87,5.79,281.6,27557,,
TH2,62045,49.9069,-2.8949,2026-07-01 05:00:00,16.3,88.1,10241,15.6,0.92,5.58,297.6,28366,,
TH2,62047,49.9069,-2.8949,2026-07-01 05:00:00,16.3,88.3,10242,15.6,0.83,5.35,290.6,29867,,
TH2,62045,49.9068,-2.8953,2026-07-01 04:00:00,16.4,88.2,10241,15.95,0.98,7.06,301.9,25126,,
TH2,62047,49.9068,-2.8953,2026-07-01 04:00:00,16.5,87.7,10242,15.95,0.98,7.39,286.5,27934,,
TH2,62045,49.9068,-2.8954,2026-07-01 03:00:00,16.6,89.2,10239,16.54,0.8,5.84,307.7,23656,,
TH2,62047,49.9068,-2.8954,2026-07-01 03:00:00,16.7,88.6,10240,16.54,0.84,6.34,291.9,26887,,
TH2,62045,49.9068,-2.8954,2026-07-01 02:00:00,16.7,87.5,10241,16.7,0.88,6.78,303.9,25568,,
TH2,62047,49.9068,-2.8954,2026-07-01 02:00:00,16.7,86.9,10242,16.7,0.98,7.33,289.7,29902,,
TH2,62045,49.907,-2.8949,2026-07-01 01:00:00,16.8,88.3,10240,16.81,0.93,7.2,303.2,31985,,
TH2,62047,49.907,-2.8949,2026-07-01 01:00:00,16.8,88,10242,16.81,1.03,7.69,287.9,37781,,
TH2,62045,49.9073,-2.8942,2026-07-01 00:00:00,16.7,87.6,10239,16.69,1.01,7.49,296.5,34021,,
TH2,62047,49.9073,-2.8942,2026-07-01 00:00:00,16.7,87.2,10239,16.7,1.05,7.5,279.7,38495,,
TH2,62045,49.9075,-2.8937,2026-06-30 23:00:00,17,86.6,10236,16.79,0.93,5.25,281.3,38443,,
TH2,62047,49.9075,-2.8937,2026-06-30 23:00:00,17,86.2,10236,16.79,0.87,5.63,280.7,43580,,
TH2,62045,49.9076,-2.8935,2026-06-30 22:00:00,17.2,88,10230,16.85,0.92,6.03,269.3,27258,,
TH2,62047,49.9076,-2.8935,2026-06-30 22:00:00,17.2,88,10231,16.85,0.88,6.08,278.4,29087,,
TH2,62045,49.9077,-2.8935,2026-06-30 21:00:00,17.2,86.2,10226,16.9,0.88,5.85,269.2,35036,,
TH2,62047,49.9077,-2.8935,2026-06-30 21:00:00,17.2,86.6,10227,16.9,0.72,3.94,275.6,33017,,
TH2,62045,49.9077,-2.8935,2026-06-30 20:00:00,17.2,87.6,10219,16.96,0.79,5.49,258,28182,,
TH2,62047,49.9077,-2.8934,2026-06-30 20:00:00,17.2,87.5,10220,16.96,0.71,3.46,265.4,23266,,
TH2,62045,49.9077,-2.8935,2026-06-30 19:00:00,17.2,88.2,10216,16.91,0.97,6.5,254.7,32987,,
TH2,62047,49.9077,-2.8935,2026-06-30 19:00:00,17.2,88.1,10216,16.91,0.85,2.98,270.6,25131,,
TH2,62045,49.9076,-2.8938,2026-06-30 18:00:00,17,89.8,10216,16.93,0.88,5.07,251.2,31980,,
TH2,62047,49.9076,-2.8938,2026-06-30 18:00:00,17,90,10216,16.93,0.85,6.18,255.6,37128,,
TH2,62045,49.9074,-2.8944,2026-06-30 17:00:00,17.5,85.8,10219,16.84,0.98,5.87,235.6,21115,,
TH2,62047,49.9074,-2.8944,2026-06-30 17:00:00,17.4,85.8,10220,16.84,0.93,5.53,234.1,22351,,
TH2,62045,49.9072,-2.8949,2026-06-30 16:00:00,17.8,82.6,10222,16.94,0.9,6.7,254.6,25777,,
TH2,62047,,,2026-06-30 16:00:00,17.5,83.3,10223,16.93,0.9,6.31,243.8,24379,,
TH2,62045,49.9072,-2.8951,2026-06-30 15:00:00,17.4,85.7,10225,16.84,0.59,3.84,224.7,27020,,
TH2,62047,49.9072,-2.8951,2026-06-30 15:00:00,17.9,83.1,10226,16.85,0.45,2.34,230.1,28871,,
TH2,62045,49.9072,-2.8952,2026-06-30 14:00:00,17.3,85.8,10228,16.82,0.78,5.32,205.2,25064,,
TH2,62047,49.9072,-2.8952,2026-06-30 14:00:00,17.6,84.2,10228,16.81,0.59,2.87,207.8,24236,,
TH2,62045,49.9073,-2.895,2026-06-30 13:00:00,17.2,84.7,10231,16.75,0.75,5.16,198.7,26246,,
TH2,62047,49.9073,-2.895,2026-06-30 13:00:00,17.3,84,10232,16.75,0.71,4.13,209.4,22734,,
TH2,62045,49.9075,-2.8944,2026-06-30 12:00:00,17.1,83.7,10234,16.89,0.79,6,205.4,28331,,
TH2,62047,49.9075,-2.8944,2026-06-30 12:00:00,17.3,82.9,10234,16.89,0.79,2.96,210.7,27178,,
TH2,62045,49.9077,-2.8939,2026-06-30 11:00:00,17.2,82,10236,16.83,0.87,6.05,211.7,30380,,
TH2,62047,49.9077,-2.8939,2026-06-30 11:00:00,17.1,83.4,10237,16.82,0.84,5.9,206.3,32343,,
TH2,62045,49.9077,-2.8938,2026-06-30 10:00:00,16.9,80.9,10238,16.77,0.85,3.81,218.8,35618,,
TH2,62047,49.9077,-2.8938,2026-06-30 10:00:00,16.9,81.1,10239,16.78,0.74,5.28,218.8,40785,,
TH2,62045,49.9077,-2.8937,2026-06-30 09:00:00,16.8,84.3,10238,16.59,0.9,5.27,206.1,29255,,
TH2,62047,49.9077,-2.8937,2026-06-30 09:00:00,16.8,84.4,10238,16.6,0.8,6.07,203.3,38262,,
TH2,62045,49.9077,-2.8936,2026-06-30 08:00:00,16.8,80.3,10236,16.39,0.89,4.69,203.9,34038,,
TH2,62047,49.9077,-2.8936,2026-06-30 08:00:00,16.7,80.7,10236,16.39,0.74,5.81,201.4,36536,,
TH2,62045,49.9077,-2.8937,2026-06-30 07:00:00,16.6,82.7,10233,16.35,0.67,2.17,226.5,33915,,
TH2,62047,49.9077,-2.8937,2026-06-30 07:00:00,16.6,82.5,10234,16.35,0.64,4.25,218.7,36941,,
TH2,62045,49.9076,-2.894,2026-06-30 06:00:00,16.5,82.9,10235,16.12,0.64,2.48,219.5,32661,,
TH2,62047,49.9075,-2.894,2026-06-30 06:00:00,16.6,82.8,10236,16.12,0.61,3.69,216,34232,,
TH2,62045,49.9074,-2.8945,2026-06-30 05:00:00,16.5,80.9,10238,15.85,0.75,4.17,222.5,34069,,
TH2,62047,49.9074,-2.8945,2026-06-30 05:00:00,16.5,81,10239,15.85,0.73,4.29,219.9,38402,,
TH2,62045,49.9072,-2.8949,2026-06-30 04:00:00,16.5,79.2,10241,15.92,0.67,4.29,233.2,36074,,
TH2,62047,49.9072,-2.8949,2026-06-30 04:00:00,16.4,79.5,10242,15.92,0.69,3.58,226.3,39258,,
TH2,62045,49.9071,-2.8951,2026-06-30 03:00:00,16.5,81.9,10245,16.15,0.5,3.27,230.8,34889,,
TH2,62047,49.9071,-2.8951,2026-06-30 03:00:00,16.4,82.5,10246,16.15,0.41,2.34,231.5,35652,,
TH2,62045,49.9071,-2.8951,2026-06-30 02:00:00,16.5,81.1,10249,16.48,0.48,3.1,202.9,37260,,
TH2,62047,49.9071,-2.8951,2026-06-30 02:00:00,16.5,81.5,10249,16.49,0.38,1.64,205,38541,,
TH2,62045,49.9072,-2.8951,2026-06-30 01:00:00,16.6,78.7,10254,16.66,0.45,2.91,208.6,44166,,
TH2,62047,49.9072,-2.8951,2026-06-30 01:00:00,16.6,79.1,10255,16.66,0.37,1.48,211.9,48523,,
TH2,62045,49.9074,-2.8946,2026-06-30 00:00:00,16.7,79.2,10257,16.84,0.47,3.05,199.2,42789,,
TH2,62047,49.9074,-2.8946,2026-06-30 00:00:00,16.7,79.3,10258,16.84,0.47,2.67,210.8,48105,,
TH2,62045,49.9076,-2.8942,2026-06-29 23:00:00,16.8,79.6,10259,16.97,0.44,2.7,247.4,41966,,
TH2,62047,49.9076,-2.8942,2026-06-29 23:00:00,16.8,79.6,10259,16.97,0.41,2.02,246.3,38539,,
TH2,62045,49.9077,-2.8939,2026-06-29 22:00:00,16.8,77.4,10259,17,0.6,3.6,232,37227,,
TH2,62047,49.9077,-2.8939,2026-06-29 22:00:00,16.7,77.4,10260,17,0.57,3.31,237.6,43479,,
TH2,62045,49.9077,-2.8938,2026-06-29 21:00:00,16.8,75.8,10258,16.87,0.58,3.75,251,46786,,
TH2,62047,49.9077,-2.8938,2026-06-29 21:00:00,16.8,75.9,10259,16.88,0.55,3.57,261.4,51895,,
TH2,62045,49.9078,-2.8937,2026-06-29 20:00:00,16.8,76.8,10257,16.72,0.61,4.72,266.6,44461,,
TH2,62047,49.9077,-2.8937,2026-06-29 20:00:00,16.9,76.8,10258,16.73,0.6,4.16,275.8,48420,,
TH2,62045,49.9077,-2.8938,2026-06-29 19:00:00,16.9,78.9,10262,16.84,0.63,4.68,267.2,40098,,
TH2,62047,49.9077,-2.8938,2026-06-29 19:00:00,16.9,78.8,10263,16.85,0.59,4.17,277,42260,,
TH2,62045,49.9075,-2.894,2026-06-29 18:00:00,17.1,75.2,10263,16.9,0.48,2.44,242.5,39264,,
TH2,62047,49.9075,-2.894,2026-06-29 18:00:00,17.1,75.3,10263,16.92,0.58,3.22,242.6,48895,,
TH2,62045,49.9074,-2.8944,2026-06-29 17:00:00,17.1,75.1,10269,16.61,0.64,4.45,233.7,30674,,
TH2,62047,49.9074,-2.8944,2026-06-29 17:00:00,17.2,75.2,10270,16.6,0.69,4.36,231.5,43960,,
TH2,62045,49.9072,-2.8947,2026-06-29 16:00:00,17.2,74.7,10270,16.65,0.53,3.38,224.7,38344,,
TH2,62047,49.9072,-2.8947,2026-06-29 16:00:00,17.2,75.2,10271,16.64,0.58,3.1,215.4,42124,,
TH2,62045,49.9071,-2.8949,2026-06-29 15:00:00,17,71,10276,16.69,0.47,3.1,222.9,43300,,
TH2,62047,49.9071,-2.8949,2026-06-29 15:00:00,17.4,69.6,10277,16.7,0.52,2.36,220.5,51429,,
TH2,62045,49.9071,-2.895,2026-06-29 14:00:00,17.1,68.7,10278,16.66,0.39,2.81,226.8,42977,,
TH2,62047,49.9071,-2.895,2026-06-29 14:00:00,17.5,67.7,10279,16.7,0.39,2.05,228.2,52174,,
TH2,62045,49.9072,-2.895,2026-06-29 13:00:00,17,69.7,10283,16.88,0.42,2.98,234.1,42827,,
TH2,62047,49.9072,-2.895,2026-06-29 13:00:00,17.1,69.3,10284,16.92,0.46,2.25,231.6,49227,,
TH2,62045,49.9075,-2.8946,2026-06-29 12:00:00,16.9,70.6,10280,16.8,0.38,2.54,230.6,39951,,
TH2,62047,49.9075,-2.8945,2026-06-29 12:00:00,17,71.3,10281,16.97,0.37,1.78,230.7,43311,,
TH2,62045,49.9076,-2.8942,2026-06-29 11:00:00,17,71.4,10280,16.65,0.39,2.01,220.9,36336,,
TH2,62047,49.9076,-2.8942,2026-06-29 11:00:00,16.9,71.7,10281,16.63,0.41,2.07,218.2,40422,,
TH2,62045,49.9077,-2.8939,2026-06-29 10:00:00,16.7,68.8,10280,16.54,0.3,1.5,188.4,35596,,
TH2,62047,49.9077,-2.8939,2026-06-29 10:00:00,16.7,69.2,10281,16.56,0.34,1.75,190.4,40183,,
TH2,62045,49.9078,-2.8938,2026-06-29 09:00:00,16.9,69.8,10279,16.28,0.17,0.86,337.1,30803,,
TH2,62047,49.9078,-2.8938,2026-06-29 09:00:00,17.4,68,10279,16.27,0.21,1.07,325,31009,,
TH2,62045,49.9078,-2.8938,2026-06-29 08:00:00,16.4,72.3,10279,16.04,0.2,1.1,304.4,28109,,
TH2,62047,49.9078,-2.8938,2026-06-29 08:00:00,16.5,72.1,10280,16.05,0.23,1.3,307.7,30118,,
TH2,62045,49.9078,-2.8938,2026-06-29 07:00:00,16.2,74,10272,15.92,0.4,3,313.3,30378,,
TH2,62047,49.9078,-2.8938,2026-06-29 07:00:00,16.2,74.3,10273,15.92,0.47,3.2,326.1,30761,,
TH2,62045,49.9075,-2.8942,2026-06-29 06:00:00,16.3,75.3,10270,15.69,0.59,4.23,299.7,33976,,
TH2,62047,49.9075,-2.8942,2026-06-29 06:00:00,16.3,75.1,10271,15.69,0.63,4.34,313.6,34364,,
TH2,62045,49.9073,-2.8946,2026-06-29 05:00:00,16.1,75.9,10266,15.56,0.75,4.54,309.9,27831,,
TH2,62047,49.9073,-2.8945,2026-06-29 05:00:00,16.1,76.2,10267,15.56,0.7,3.99,313.7,27728,,
TH2,62045,49.9071,-2.895,2026-06-29 04:00:00,16.1,83,10263,15.61,0.55,2.71,314.9,22760,,
TH2,62047,49.9071,-2.895,2026-06-29 04:00:00,16.1,82.8,10264,15.61,0.51,2.7,308.4,22282,,
TH2,62045,49.907,-2.8953,2026-06-29 03:00:00,16.2,82,10261,16,0.68,5.16,321.7,22677,,
TH2,62047,49.907,-2.8953,2026-06-29 03:00:00,16.3,81.4,10261,16.01,0.74,5.4,304.9,22508,,
TH2,62045,49.9069,-2.8954,2026-06-29 02:00:00,16.4,78.4,10260,16.09,0.47,2.66,283.8,27514,,
TH2,62047,49.9069,-2.8954,2026-06-29 02:00:00,16.4,78.3,10261,16.09,0.41,2.33,277.5,27214,,
TH2,62045,49.9071,-2.895,2026-06-29 01:00:00,16.3,77.5,10261,16.25,0.65,4.94,312.7,26526,,
TH2,62047,49.9071,-2.895,2026-06-29 01:00:00,16.4,76.7,10262,16.26,0.74,5.24,295.2,27042,,
TH2,62045,49.9072,-2.8947,2026-06-29 00:00:00,16.5,78.7,10261,16.56,0.86,6.64,300.6,21697,,
TH2,62047,49.9072,-2.8947,2026-06-29 00:00:00,16.6,77.9,10262,16.56,0.93,7.05,283.6,21723,,
TH2,62045,49.9074,-2.8943,2026-06-28 23:00:00,16.7,77.5,10260,16.46,1.08,6.61,303.1,27241,,
TH2,62047,49.9074,-2.8943,2026-06-28 23:00:00,16.7,76.8,10260,16.46,0.93,6.35,288.4,27571,,
TH2,62045,49.9076,-2.8937,2026-06-28 22:00:00,16.9,71.1,10252,16.53,1,6.62,294.1,27518,,
TH2,62047,49.9076,-2.8937,2026-06-28 22:00:00,16.9,71.6,10253,16.53,1.05,7.05,294.5,26873,,
TH2,62045,49.9077,-2.8936,2026-06-28 21:00:00,16.9,73.1,10244,16.61,1.21,8.55,276.3,25307,,
TH2,62047,49.9077,-2.8936,2026-06-28 21:00:00,16.9,73.3,10244,16.61,1.22,8.69,284.1,26499,,
TH2,62045,49.9078,-2.8935,2026-06-28 20:00:00,17,69.4,10237,16.76,1.21,9.23,271.1,26959,,
TH2,62047,49.9078,-2.8935,2026-06-28 20:00:00,16.9,69.6,10237,16.76,1.13,8.61,280.9,26222,,
TH2,62045,49.9078,-2.8935,2026-06-28 19:00:00,17.2,70.9,10233,16.83,1.1,8.02,268.1,26986,,
TH2,62047,49.9079,-2.8935,2026-06-28 19:00:00,17.3,71.1,10233,16.83,1,6.92,271.6,26166,,
TH2,62045,49.9079,-2.8935,2026-06-28 18:00:00,17.1,71.4,10224,16.67,1.17,9.26,265.5,24116,,
TH2,62047,49.9078,-2.8936,2026-06-28 18:00:00,17,71.7,10225,16.67,1.15,8.59,274.9,29165,,
TH2,62045,49.9077,-2.8936,2026-06-28 17:00:00,17.1,71.7,10219,16.59,1.2,9.22,265.8,36473,,
TH2,62047,49.9077,-2.8936,2026-06-28 17:00:00,17.1,72,10220,16.59,1.13,8.65,275.5,31250,,
TH2,62045,49.9075,-2.8941,2026-06-28 16:00:00,17.2,69.9,10221,16.55,1.14,7.87,257,35582,,
TH2,62047,49.9075,-2.8941,2026-06-28 16:00:00,17.3,70.2,10222,16.55,1.22,7.6,262.5,33114,,
TH2,62045,49.9073,-2.8947,2026-06-28 15:00:00,17.5,69.6,10223,16.53,0.76,5.3,258.7,38173,,
TH2,62047,49.9074,-2.8947,2026-06-28 15:00:00,17.2,70.9,10224,16.53,0.75,4.8,248.4,39420,,
TH2,62045,49.9073,-2.8948,2026-06-28 14:00:00,17.5,74.8,10219,16.64,0.74,5.54,271.8,30161,,
TH2,62047,49.9073,-2.8948,2026-06-28 14:00:00,17.2,75.9,10220,16.63,0.74,4.49,263.9,31213,,
TH2,62045,49.9073,-2.8949,2026-06-28 13:00:00,17.6,73.5,10215,16.78,0.73,5.22,270.3,32378,,
TH2,62047,49.9073,-2.8949,2026-06-28 13:00:00,17.3,74.9,10217,16.77,0.7,3.97,261.6,32259,,
TH2,62045,49.9074,-2.8948,2026-06-28 12:00:00,17.7,73.9,10211,16.79,0.74,5.35,271.7,34282,,
TH2,62047,49.9074,-2.8948,2026-06-28 12:00:00,17.4,75.3,10213,16.78,0.74,4.21,264.8,35492,,
TH2,62045,49.9075,-2.8944,2026-06-28 11:00:00,17.8,83.8,10207,16.77,0.58,4.01,274.2,28070,,
TH2,62047,49.9075,-2.8944,2026-06-28 11:00:00,17.2,86.7,10208,16.78,0.58,3.63,266.5,25715,,
TH2,62045,49.9077,-2.894,2026-06-28 10:00:00,17.3,89.2,10201,16.85,0.63,3.9,247.7,22006,,
TH2,62047,49.9077,-2.894,2026-06-28 10:00:00,17.2,89.3,10201,16.85,0.64,3.91,250,22455,,
TH2,62045,49.9078,-2.8937,2026-06-28 09:00:00,17.1,94,10193,16.74,0.76,4.51,229.2,13591,,
TH2,62047,49.9078,-2.8937,2026-06-28 09:00:00,17,93.8,10194,16.75,0.77,4.96,227.5,10813,,
TH2,62045,49.9079,-2.8936,2026-06-28 08:00:00,17,94.3,10185,16.68,0.56,3.49,248,13014,,
TH2,62047,49.9079,-2.8936,2026-06-28 08:00:00,17,94,10186,16.68,0.92,5.23,244.1,10606,,
TH2,62045,49.9079,-2.8936,2026-06-28 07:00:00,17.1,93.8,10175,16.7,0.93,3.92,236.6,11996,,
TH2,62047,49.9079,-2.8936,2026-06-28 07:00:00,17.1,93.7,10176,16.7,1.01,6.62,228.4,12139,,
TH2,62045,49.9078,-2.8938,2026-06-28 06:00:00,17.2,93.4,10166,16.61,1.08,5.21,246.7,12325,,
TH2,62047,49.9078,-2.8938,2026-06-28 06:00:00,17.1,93.3,10167,16.61,1.1,7.49,242.2,13215,,
TH2,62045,49.9076,-2.8944,2026-06-28 05:00:00,17.1,93.3,10164,16.51,1.1,5.02,215.4,6010,,
TH2,62047,49.9076,-2.8944,2026-06-28 05:00:00,17.1,92.9,10165,16.51,1.04,7.16,213.7,1414,,
TH2,62045,49.9074,-2.8951,2026-06-28 04:00:00,17.1,94,10160,16.43,0.85,4.9,220,14298,,
TH2,62047,49.9073,-2.8951,2026-06-28 04:00:00,17,94,10161,16.43,0.94,6.14,218.4,14573,,
TH2,62045,49.9072,-2.8956,2026-06-28 03:00:00,17.4,94.1,10158,16.3,0.97,6.46,226.5,10826,,
TH2,62047,49.9072,-2.8956,2026-06-28 03:00:00,17.4,93.9,10159,16.31,0.91,6.74,224.2,10300,,
TH2,62045,49.9071,-2.8959,2026-06-28 02:00:00,17.7,94,10155,16.58,0.94,6.87,238,10144,,
TH2,62047,49.9071,-2.8959,2026-06-28 02:00:00,17.7,93.4,10156,16.57,0.91,5.75,231.6,9430,,
TH2,62045,49.9071,-2.8961,2026-06-28 01:00:00,17.8,93.1,10153,16.9,0.83,6.47,225.5,14177,,
TH2,62047,49.9071,-2.896,2026-06-28 01:00:00,17.8,92.7,10154,16.9,0.67,3.47,235.9,12713,,
TH2,62045,49.9071,-2.8961,2026-06-28 00:00:00,18.6,87.2,10154,17.21,0.77,6.14,220.6,21115,,
TH2,62047,49.9071,-2.8961,2026-06-28 00:00:00,18.5,87.4,10155,17.2,0.43,2.03,227.4,17393,,
TH2,62045,49.9072,-2.8959,2026-06-27 23:00:00,18.4,91.3,10156,17.33,0.64,4.61,226.6,21492,,
TH2,62047,49.9072,-2.8959,2026-06-27 23:00:00,18.3,91.5,10157,17.38,0.46,1.96,241,20113,,
TH2,62045,49.9073,-2.8955,2026-06-27 22:00:00,18.7,88.3,10157,17.7,0.47,3.82,228.8,35198,,
TH2,62047,49.9073,-2.8955,2026-06-27 22:00:00,18.6,88.3,10158,17.86,0.49,3.2,228.5,37879,,
TH2,62045,49.9074,-2.8953,2026-06-27 21:00:00,18.9,84.9,10158,17.67,0.52,3.37,194.8,51383,,
TH2,62047,49.9074,-2.8952,2026-06-27 21:00:00,18.9,84.5,10159,17.8,0.5,3.66,203.3,57724,,
TH2,62045,49.9074,-2.8951,2026-06-27 20:00:00,19,84.6,10155,17.37,0.33,2.11,187,50269,,
TH2,62047,49.9074,-2.8951,2026-06-27 20:00:00,19,84.4,10155,17.42,0.34,2.12,180.6,59227,,
TH2,62045,49.9075,-2.895,2026-06-27 19:00:00,19.7,79.3,10154,17.47,0.3,2.23,185.3,28748,,
TH2,62047,49.9075,-2.895,2026-06-27 19:00:00,19.2,81,10154,17.76,0.29,1.91,170.9,69971,,
TH2,62045,49.9075,-2.895,2026-06-27 18:00:00,19.5,80.8,10155,17.69,0.17,0.68,233.9,60325,,
TH2,62047,49.9075,-2.895,2026-06-27 18:00:00,19.5,80.4,10156,17.8,0.21,1.09,228.2,75000,,
TH2,62045,49.9075,-2.895,2026-06-27 17:00:00,19.8,78.5,10151,18.06,0.46,3.27,266.4,57886,,
TH2,62047,49.9074,-2.895,2026-06-27 17:00:00,19.8,78.2,10152,18.08,0.43,2.98,278.9,74647,,
TH2,62045,49.9073,-2.8953,2026-06-27 16:00:00,19.9,79.8,10152,17.51,0.15,0.91,317.9,47363,,
TH2,62047,49.9073,-2.8953,2026-06-27 16:00:00,20.7,75.8,10153,17.97,0.16,0.99,329.6,66604,,
TH2,62045,49.9072,-2.8956,2026-06-27 15:00:00,18.9,87,10155,18.32,0.28,1.37,2.7,42365,,
TH2,62047,49.9072,-2.8956,2026-06-27 15:00:00,19,86.5,10155,18.54,0.27,1.75,4.5,37858,,
TH2,62045,49.9071,-2.8958,2026-06-27 14:00:00,19.4,85.1,10161,17.35,0.48,3.27,304.2,35418,,
TH2,62047,49.9071,-2.8958,2026-06-27 14:00:00,18.7,88.7,10161,17.27,0.49,3.14,287.6,31469,,
TH2,62045,49.907,-2.896,2026-06-27 13:00:00,19.3,84.9,10163,16.8,0.26,1.51,236.6,29231,,
TH2,62047,49.907,-2.896,2026-06-27 13:00:00,19.5,83.9,10164,16.9,0.22,1.11,230.5,32334,,
TH2,62045,49.9071,-2.896,2026-06-27 12:00:00,19,85.3,10164,16.86,0.18,1.15,154.3,29990,,
TH2,62047,49.9071,-2.896,2026-06-27 12:00:00,19.6,82.1,10165,16.95,0.22,1.27,166.9,36210,,
TH2,62045,49.9072,-2.8959,2026-06-27 11:00:00,18,88.1,10168,16.73,0.28,2.37,147.7,30717,,
TH2,62047,49.9072,-2.8959,2026-06-27 11:00:00,18.1,87.7,10169,16.82,0.33,2.68,164.8,37981,,
TH2,62045,49.9073,-2.8956,2026-06-27 10:00:00,17.7,88.6,10171,16.62,0.39,3.33,140.6,35460,,
TH2,62047,49.9073,-2.8956,2026-06-27 10:00:00,17.8,88.1,10172,16.64,0.45,3.53,158.7,43809,,
TH2,62045,49.9074,-2.8954,2026-06-27 09:00:00,17.2,90.5,10171,16.43,0.34,1.86,155,38537,,
TH2,62047,49.9074,-2.8953,2026-06-27 09:00:00,17.2,90.5,10172,16.48,0.3,2.24,161.5,50215,,
TH2,62045,49.9074,-2.8952,2026-06-27 08:00:00,17.2,89.2,10174,16.35,0.52,3.64,142.6,45147,,
TH2,62047,49.9074,-2.8952,2026-06-27 08:00:00,17.1,89.6,10175,16.37,0.42,3.47,137.5,44266,,
TH2,62045,49.9075,-2.8951,2026-06-27 07:00:00,17.6,87.9,10171,16.5,0.39,3.05,158.1,41850,,
TH2,62047,49.9075,-2.8951,2026-06-27 07:00:00,17.2,89.7,10171,16.51,0.35,2.74,140.5,34623,,
TH2,62045,49.9075,-2.8951,2026-06-27 06:00:00,17.2,90.3,10169,16.45,0.39,3.22,161,40144,,
TH2,62047,49.9075,-2.8951,2026-06-27 06:00:00,17,90.9,10170,16.45,0.36,2.93,141.8,44090,,
TH2,62045,49.9075,-2.8951,2026-06-27 05:00:00,17,90.7,10170,16.37,0.49,4.04,161.8,41627,,
TH2,62047,49.9075,-2.8951,2026-06-27 05:00:00,16.9,90.9,10170,16.37,0.47,3.81,142.6,45962,,
TH2,62045,49.9073,-2.8953,2026-06-27 04:00:00,16.6,95,10170,16.36,0.5,4.07,150.7,20806,,
TH2,62047,49.9073,-2.8953,2026-06-27 04:00:00,16.7,94.5,10170,16.35,0.58,4.2,131.3,25644,,
TH2,62045,49.9072,-2.8956,2026-06-27 03:00:00,16.4,96.4,10173,16.23,0.77,5.31,123.7,16794,,
TH2,62047,49.9072,-2.8956,2026-06-27 03:00:00,16.4,95.4,10174,16.23,0.74,4.53,128.3,17368,,
TH2,62045,49.9071,-2.8958,2026-06-27 02:00:00,16.8,95.3,10171,16.27,0.25,1.82,160.8,20020,,
TH2,62047,49.9071,-2.8958,2026-06-27 02:00:00,16.7,95.1,10172,16.27,0.26,1.2,160.8,21102,,
TH2,62045,49.9071,-2.8959,2026-06-27 01:00:00,16.8,95.6,10172,16.41,0.18,1.02,239.5,20244,,
TH2,62047,49.9071,-2.8959,2026-06-27 01:00:00,16.8,95.4,10173,16.41,0.2,0.99,238.6,22556,,
TH2,62045,49.9071,-2.896,2026-06-27 00:00:00,16.8,95.7,10178,16.51,0.22,1.11,248.1,18581,,
TH2,62047,49.9071,-2.896,2026-06-27 00:00:00,16.8,95.6,10178,16.52,0.23,1.09,248.6,21601,,
TH2,62045,49.9071,-2.8959,2026-06-26 23:00:00,16.9,94.9,10180,16.66,0.31,2.13,158.5,19090,,
TH2,62047,49.9072,-2.8959,2026-06-26 23:00:00,16.9,94.6,10181,16.67,0.35,2.38,171.1,20625,,
TH2,62045,49.9073,-2.8957,2026-06-26 22:00:00,17,94.8,10184,16.7,0.38,2.91,172.8,18090,,
TH2,62047,49.9073,-2.8957,2026-06-26 22:00:00,17,94.8,10185,16.76,0.45,2.78,184.1,18161,,
TH2,62045,49.9074,-2.8954,2026-06-26 21:00:00,17.3,93.2,10180,16.68,0.48,2.93,171,22398,,
TH2,62047,49.9074,-2.8954,2026-06-26 21:00:00,17.2,93.6,10181,16.71,0.48,3.05,183.9,24472,,
TH2,62045,49.9075,-2.8952,2026-06-26 20:00:00,17.1,95.6,10170,16.56,0.42,3.3,282.6,9342,,
TH2,62047,49.9074,-2.8952,2026-06-26 20:00:00,17.2,94.7,10171,16.58,0.47,3.46,298.5,10814,,
TH2,62045,49.9075,-2.8951,2026-06-26 19:00:00,17.4,94,10174,16.75,0.36,2.7,271.2,10071,,
TH2,62047,49.9075,-2.8951,2026-06-26 19:00:00,17.4,93.5,10175,16.79,0.35,2.56,284.6,13963,,
TH2,62045,49.9075,-2.8951,2026-06-26 18:00:00,17.6,93.1,10172,16.72,0.26,1.5,265.8,12205,,
TH2,62047,49.9075,-2.8951,2026-06-26 18:00:00,17.6,92.8,10172,16.76,0.3,1.56,279.1,12676,,
TH2,62045,49.9075,-2.8951,2026-06-26 17:00:00,17.3,94.2,10174,16.62,0.33,1.99,240.2,13355,,
TH2,62047,49.9075,-2.8951,2026-06-26 17:00:00,17.3,93.6,10175,16.65,0.41,2.28,250.5,10759,,
TH2,62045,49.9074,-2.8951,2026-06-26 16:00:00,17.2,94.4,10175,16.41,0.62,3.54,239.9,14466,,
TH2,62047,49.9074,-2.8951,2026-06-26 16:00:00,17.2,94.4,10176,16.42,0.61,4.27,245.3,10864,,
TH2,62045,49.9073,-2.8954,2026-06-26 15:00:00,17,94.7,10178,16.17,0.54,3.67,235.3,10064,,
TH2,62047,49.9073,-2.8954,2026-06-26 15:00:00,16.9,95.1,10179,16.21,0.52,3.68,245.2,11142,,
TH2,62045,49.9072,-2.8956,2026-06-26 14:00:00,17.2,93.5,10180,16.1,0.66,4.94,249.4,10162,,
TH2,62047,49.9072,-2.8956,2026-06-26 14:00:00,16.8,95.6,10181,16.11,0.66,5.01,231,7019,,
TH2,62045,49.9071,-2.8958,2026-06-26 13:00:00,17.1,94.6,10178,16.13,0.74,5.13,245.9,4742,,
TH2,62047,49.9071,-2.8959,2026-06-26 13:00:00,16.7,97.2,10180,16.15,0.71,4.79,235.8,3744,,
TH2,62045,49.907,-2.896,2026-06-26 12:00:00,17.1,94.1,10174,16.04,0.72,5.03,256.4,4520,,
TH2,62047,49.907,-2.896,2026-06-26 12:00:00,16.6,96.5,10175,16.03,0.71,4.48,247.3,3699,,
TH2,62045,49.9071,-2.896,2026-06-26 11:00:00,17.2,93.4,10170,15.9,0.89,6.23,262.6,8499,,
TH2,62047,49.9071,-2.896,2026-06-26 11:00:00,16.8,95.3,10172,15.9,0.88,5.58,253,7044,,
TH2,62045,49.9072,-2.8958,2026-06-26 10:00:00,16.8,95,10167,15.85,1.08,7.51,263.6,6264,,
TH2,62047,49.9072,-2.8958,2026-06-26 10:00:00,16.5,96.4,10167,15.84,1.05,7.13,252.2,5180,,
TH2,62045,49.9074,-2.8954,2026-06-26 09:00:00,16.2,98.6,10164,15.88,1.2,7.52,246.5,4735,,
TH2,62047,49.9074,-2.8954,2026-06-26 09:00:00,16.2,98.5,10165,15.88,1.24,7.19,247.8,3919,,
TH2,62045,49.9076,-2.8951,2026-06-26 08:00:00,16.1,98.9,10153,15.88,1.14,7.53,249.6,427,,
TH2,62047,49.9075,-2.8951,2026-06-26 08:00:00,16.1,99.1,10154,15.88,1.2,7.81,255.7,746,,
TH2,62045,49.9076,-2.8951,2026-06-26 07:00:00,16.2,98.6,10148,15.89,0.96,5.66,250,727,,
TH2,62047,49.9076,-2.8951,2026-06-26 07:00:00,16.2,98,10149,15.89,1.03,6.96,255.4,303,,
TH2,62045,49.9076,-2.8951,2026-06-26 06:00:00,17,96.6,10139,15.92,0.69,4.82,240.5,5476,,
TH2,62047,49.9076,-2.8951,2026-06-26 06:00:00,16.9,96.9,10139,15.92,0.8,6.08,243.8,5235,,
TH2,62045,49.9076,-2.8951,2026-06-26 05:00:00,16.7,99,10131,15.88,0.93,5.73,233,548,,
TH2,62047,49.9076,-2.8951,2026-06-26 05:00:00,16.7,98.3,10132,15.88,0.92,6.66,243.3,243,,
TH2,62045,49.9076,-2.8952,2026-06-26 04:00:00,17.2,95,10120,15.85,0.89,5.08,233.2,6066,,
TH2,62047,49.9076,-2.8952,2026-06-26 04:00:00,17.3,94.3,10120,15.85,0.93,6.54,231,6208,,
TH2,62045,49.9075,-2.8954,2026-06-26 03:00:00,17.8,90.5,10115,15.72,0.98,6.37,223.9,9329,,
TH2,62047,49.9075,-2.8954,2026-06-26 03:00:00,17.8,90.1,10115,15.72,0.99,6.75,232.7,8653,,
TH2,62045,49.9074,-2.8957,2026-06-26 02:00:00,19.3,80.9,10113,15.68,1.03,6.72,187.4,20415,,
TH2,62047,49.9074,-2.8957,2026-06-26 02:00:00,19.3,80.8,10113,15.68,0.97,6.33,187.1,19507,,
TH2,62045,49.9072,-2.896,2026-06-26 01:00:00,17.9,86.3,10110,15.68,1.05,7.76,96.1,9396,,
TH2,62047,49.9072,-2.896,2026-06-26 01:00:00,17.9,86.3,10111,15.68,1.11,7.72,108.4,8965,,
TH2,62045,49.9071,-2.8961,2026-06-26 00:00:00,18.2,86.1,10111,15.69,0.42,2.82,79.5,9499,,
TH2,62047,49.9072,-2.896,2026-06-26 00:00:00,18.2,86,10112,15.69,0.44,2.78,94.1,8578,,
TH2,62045,49.9071,-2.8961,2026-06-25 23:00:00,18.6,85.6,10111,15.86,0.84,3.99,55.8,8979,,
TH2,62047,49.9071,-2.8961,2026-06-25 23:00:00,18.5,85.5,10112,15.86,0.75,4.33,66.5,8438,,
TH2,62045,49.9072,-2.8961,2026-06-25 22:00:00,19.3,81.5,10109,16,0.65,2.72,20.8,9695,,
TH2,62047,49.9072,-2.8961,2026-06-25 22:00:00,19.3,81.4,10110,16,0.59,3.69,20.2,8794,,
TH2,62045,49.9074,-2.8959,2026-06-25 21:00:00,21.8,73.2,10119,16.03,0.79,3.81,46.7,10609,,
TH2,62047,49.9074,-2.8959,2026-06-25 21:00:00,21.8,73.1,10120,16.04,0.78,4.94,49.6,11501,,
TH2,62045,49.9075,-2.8956,2026-06-25 20:00:00,23.4,65.5,10117,15.97,0.76,3.7,284.5,20860,,
TH2,62047,49.9075,-2.8956,2026-06-25 20:00:00,23.3,65.9,10118,15.97,0.66,3.33,274.1,22327,,
TH2,62045,49.9076,-2.8953,2026-06-25 19:00:00,18.7,86.5,10114,15.96,0.91,5.32,210.9,8404,,
TH2,62047,49.9076,-2.8953,2026-06-25 19:00:00,18.6,86.8,10114,15.96,0.86,5.32,223,7590,,
TH2,62045,49.9076,-2.8953,2026-06-25 18:00:00,18.3,88,10104,15.9,0.95,7.6,97.7,6252,,
TH2,62047,49.9076,-2.8953,2026-06-25 18:00:00,18.3,87.9,10105,15.9,0.98,7.66,82.3,5596,,
TH2,62045,49.9077,-2.8952,2026-06-25 17:00:00,18.4,87.1,10103,15.91,1.19,8.73,97.5,5866,,
TH2,62047,49.9077,-2.8952,2026-06-25 17:00:00,18.2,88.2,10104,15.91,1.16,8.72,84.6,4729,,
TH2,62045,49.9076,-2.8953,2026-06-25 16:00:00,18.5,86.9,10105,15.77,1.04,7.61,93.6,6190,,
TH2,62047,49.9076,-2.8953,2026-06-25 16:00:00,18.3,87.6,10106,15.75,1.06,7.91,90.9,4956,,
TH2,62045,49.9075,-2.8954,2026-06-25 15:00:00,17.9,88.3,10109,15.61,1.09,8.81,96.3,5074,,
TH2,62047,49.9075,-2.8954,2026-06-25 15:00:00,17.6,89.8,10111,15.61,1.16,8.9,82.5,4171,,
TH2,62045,49.9074,-2.8957,2026-06-25 14:00:00,17.3,89.9,10116,15.43,1.09,8.56,92.7,4189,,
TH2,62047,49.9074,-2.8957,2026-06-25 14:00:00,17,91.3,10117,15.42,1.04,8.29,76.7,3399,,
TH2,62045,49.9072,-2.896,2026-06-25 13:00:00,16.7,92.4,10119,15.29,1.03,7.94,73.9,3719,,
TH2,62047,49.9072,-2.896,2026-06-25 13:00:00,16.7,92.1,10120,15.29,0.97,7.8,87.7,3665,,
TH2,62045,49.9072,-2.8961,2026-06-25 12:00:00,16.5,92.8,10125,15.37,1.01,7.54,75.4,4548,,
TH2,62047,49.9072,-2.896,2026-06-25 12:00:00,16.5,92.6,10125,15.36,1,7.6,89,3871,,
TH2,62045,49.9072,-2.8962,2026-06-25 11:00:00,16.5,92.7,10128,15.38,0.92,6.87,72.6,5301,,
TH2,62047,49.9072,-2.8961,2026-06-25 11:00:00,16.5,92.4,10128,15.38,1.03,7.3,87.2,4091,,
TH2,62045,49.9072,-2.8962,2026-06-25 10:00:00,16.7,91.6,10132,15.36,1.01,7.32,74.3,6116,,
TH2,62047,49.9072,-2.8962,2026-06-25 10:00:00,16.7,91.3,10133,15.36,0.99,7.86,88.7,5021,,
TH2,62045,49.9073,-2.8961,2026-06-25 09:00:00,17,90.4,10136,15.61,0.96,6.49,69.7,8337,,
TH2,62047,49.9073,-2.8961,2026-06-25 09:00:00,17,90.2,10137,15.6,0.94,7.35,83.5,6995,,
TH2,62045,49.9074,-2.8958,2026-06-25 08:00:00,16.8,91.8,10139,15.6,0.96,5.82,60.7,8827,,
TH2,62047,49.9074,-2.8958,2026-06-25 08:00:00,16.8,91.7,10140,15.59,0.87,7.25,67.7,7063,,
TH2,62045,49.9075,-2.8957,2026-06-25 07:00:00,17.3,90.2,10148,15.44,0.82,6.22,65.1,8347,,
TH2,62047,49.9075,-2.8957,2026-06-25 07:00:00,17.1,91.6,10148,15.45,0.74,5.83,55.3,6226,,
TH2,62045,49.9076,-2.8955,2026-06-25 06:00:00,17.2,89.1,10146,15.38,0.8,6.5,74.6,9534,,
TH2,62047,49.9075,-2.8955,2026-06-25 06:00:00,17,89.6,10148,15.37,0.82,6.73,60.8,11412,,
TH2,62045,49.9076,-2.8954,2026-06-25 05:00:00,17.4,89.1,10147,15.65,0.93,7.47,88.3,8035,,
TH2,62047,49.9076,-2.8954,2026-06-25 05:00:00,17.4,88.9,10149,15.64,0.96,7.87,73.7,7015,,
TH2,62045,49.9076,-2.8954,2026-06-25 04:00:00,18.1,86.2,10145,16.06,1,8.57,92.7,8855,,
TH2,62047,49.9076,-2.8954,2026-06-25 04:00:00,18.1,85.8,10148,16.06,1.09,9.04,79.5,7880,,
TH2,62045,49.9075,-2.8955,2026-06-25 03:00:00,17.9,87.3,10151,16.05,0.84,7.27,100.6,6540,,
TH2,62047,49.9075,-2.8955,2026-06-25 03:00:00,18,86.7,10152,16.08,0.89,7.72,83.4,5660,,
TH2,62045,49.9074,-2.8957,2026-06-25 02:00:00,18.4,89,10158,16.57,0.99,8.2,93.4,4497,,
TH2,62047,49.9074,-2.8957,2026-06-25 02:00:00,18.4,88.9,10157,16.65,0.85,6.93,82.6,4022,,
TH2,62045,49.9073,-2.8959,2026-06-25 01:00:00,18.7,91.9,10160,16.07,0.95,7.98,93,3092,,
TH2,62047,49.9073,-2.8959,2026-06-25 01:00:00,18.7,91.4,10161,17.44,0.93,7.41,108,2573,,
TH2,62045,49.9072,-2.8959,2026-06-25 00:00:00,19.3,92.1,10163,17.15,0.63,5.53,75.7,3186,,
TH2,62047,49.9072,-2.8959,2026-06-25 00:00:00,19.3,92,10163,17.73,0.6,5.14,90.3,2565,,
TH2,62045,49.9072,-2.8959,2026-06-24 23:00:00,20.2,94.1,10165,16.88,0.72,6.7,82.2,2663,,
TH2,62047,49.9072,-2.8959,2026-06-24 23:00:00,20.2,93.8,10165,17.88,0.64,6.02,93.6,2260,,
TH2,62045,49.9072,-2.896,2026-06-24 22:00:00,20.7,92.8,10168,17.31,0.55,4.75,56.3,3657,,
TH2,62047,49.9072,-2.896,2026-06-24 22:00:00,20.7,92.2,10169,18.08,0.49,4.57,72.3,3182,,
TH2,62045,49.9072,-2.896,2026-06-24 21:00:00,21.2,93.8,10170,16.54,0.33,1.95,56.3,3954,,
TH2,62047,49.9072,-2.896,2026-06-24 21:00:00,21.2,93.4,10170,16.7,0.42,3.74,41.4,3988,,
TH2,62045,49.9073,-2.8958,2026-06-24 20:00:00,21.1,95.8,10165,16.77,0.34,1.92,49.9,3273,,
TH2,62047,49.9073,-2.8958,2026-06-24 20:00:00,21.1,94.9,10166,17.84,0.4,3.53,37.4,3002,,
TH2,62045,49.9074,-2.8956,2026-06-24 19:00:00,21,93.8,10168,17.42,0.43,3.28,17,4736,,
TH2,62047,49.9074,-2.8956,2026-06-24 19:00:00,21,93.1,10168,17.41,0.33,2.86,15,3322,,
TH2,62045,49.9074,-2.8955,2026-06-24 18:00:00,22.2,87.7,10167,17.55,0.32,2.91,51.8,6865,,
TH2,62047,49.9074,-2.8955,2026-06-24 18:00:00,21.3,92,10168,18.67,0.36,3.23,40.2,84,,
TH2,62045,49.9075,-2.8954,2026-06-24 17:00:00,21.1,91.4,10168,17.23,0.19,1.55,16.8,4008,,
TH2,62047,49.9075,-2.8954,2026-06-24 17:00:00,21.4,89.3,10169,17.66,0.19,0.99,18.2,4838,,
TH2,62045,49.9075,-2.8953,2026-06-24 16:00:00,20.6,93.1,10169,17.15,0.26,1.96,40.1,3576,,
TH2,62047,49.9075,-2.8953,2026-06-24 16:00:00,21.1,90.2,10170,17.4,0.22,1.17,41.6,4160,,
TH2,62045,49.9075,-2.8953,2026-06-24 15:00:00,20,94.3,10171,16.5,0.3,2.5,6.1,2504,,
TH2,62047,49.9075,-2.8953,2026-06-24 15:00:00,20.6,91,10173,16.51,0.3,1.6,10.7,3042,,
TH2,62045,49.9074,-2.8954,2026-06-24 14:00:00,19.8,95.1,10169,16.44,0.33,2.49,29.3,2989,,
TH2,62047,49.9074,-2.8954,2026-06-24 14:00:00,20.3,91.9,10171,16.86,0.3,1.3,35.3,3945,,
TH2,62045,49.9073,-2.8956,2026-06-24 13:00:00,19.8,93.4,10170,16.17,0.37,2.91,28.3,3173,,
TH2,62047,49.9073,-2.8956,2026-06-24 13:00:00,20,92.4,10172,15.71,0.39,2.21,27.7,3874,,
TH2,62045,49.9072,-2.8958,2026-06-24 12:00:00,19.8,92.8,10172,16.09,0.39,2.93,35.2,5621,,
TH2,62047,49.9072,-2.8958,2026-06-24 12:00:00,19.8,92.7,10173,16.58,0.34,2.77,49.4,5283,,
TH2,62045,49.9072,-2.8959,2026-06-24 11:00:00,19,93.1,10175,16,0.26,1.83,22.8,9160,,
TH2,62047,49.9072,-2.8959,2026-06-24 11:00:00,18.9,92.8,10175,16.39,0.26,2.25,32.8,4277,,
TH2,62045,49.9071,-2.8959,2026-06-24 10:00:00,17.9,94.3,10179,15.74,0.21,1.56,30.3,8454,,
TH2,62047,49.9071,-2.8959,2026-06-24 10:00:00,17.8,94.3,10179,15.96,0.25,2.11,33.7,3591,,
TH2,62045,49.9072,-2.8959,2026-06-24 09:00:00,17.6,95.1,10178,15.48,0.36,1.96,10.8,5894,,
TH2,62047,49.9072,-2.8959,2026-06-24 09:00:00,17.5,95.1,10178,15.59,0.45,4.02,12.4,2871,,
TH2,62045,49.9073,-2.8958,2026-06-24 08:00:00,17.5,94.9,10175,15.41,0.46,3.52,0.8,6908,,
TH2,62047,49.9073,-2.8957,2026-06-24 08:00:00,17.4,94.9,10175,15.6,0.39,3.44,359.3,3330,,
TH2,62045,49.9074,-2.8956,2026-06-24 07:00:00,17.6,94.2,10172,15.33,0.52,3.07,0.4,5681,,
TH2,62047,49.9074,-2.8956,2026-06-24 07:00:00,17.4,94.4,10173,15.49,0.47,3.4,358.1,3268,,
TH2,62045,49.9075,-2.8954,2026-06-24 06:00:00,17.5,94.7,10170,15.45,0.42,3.51,359.8,3950,,
TH2,62047,49.9075,-2.8954,2026-06-24 06:00:00,17.7,93.6,10171,15.47,0.44,3.08,359.9,3514,,
TH2,62045,49.9075,-2.8953,2026-06-24 05:00:00,17.7,96,10167,15.38,0.35,3.04,353.7,3556,,
TH2,62047,49.9075,-2.8953,2026-06-24 05:00:00,17.7,95.6,10168,15.43,0.35,1.05,350.6,3436,,
TH2,62045,49.9076,-2.8953,2026-06-24 04:00:00,17.8,97.2,10163,15.26,0.4,3.24,344.5,3180,,
TH2,62047,49.9075,-2.8953,2026-06-24 04:00:00,17.8,96.8,10164,15.38,0.43,3.4,355.9,3491,,
TH2,62045,49.9076,-2.8953,2026-06-24 03:00:00,17.4,95.9,10162,15.39,0.39,3.16,326.1,3823,,
TH2,62047,49.9076,-2.8953,2026-06-24 03:00:00,17.4,95.3,10163,15.46,0.42,3.69,338.3,4402,,
TH2,62045,49.9075,-2.8953,2026-06-24 02:00:00,17.4,93.3,10162,15.39,0.37,3.09,298.6,7209,,
TH2,62047,49.9075,-2.8953,2026-06-24 02:00:00,17.4,93.1,10163,15.43,0.38,3.35,315,7207,,
TH2,62045,49.9074,-2.8954,2026-06-24 01:00:00,16.9,93.6,10164,15.39,0.36,2.85,255.4,8767,,
TH2,62047,49.9074,-2.8954,2026-06-24 01:00:00,16.8,93.5,10165,15.51,0.33,2.67,271.6,8887,,
TH2,62045,49.9073,-2.8957,2026-06-24 00:00:00,16.4,94.1,10169,15.32,0.39,2.54,239.3,7598,,
TH2,62047,49.9073,-2.8957,2026-06-24 00:00:00,16.4,94.3,10170,15.37,0.34,2.42,254.2,7948,,
TH2,62045,49.9072,-2.8959,2026-06-23 23:00:00,17.2,92.2,10167,15.37,0.13,0.67,66.1,9040,,
TH2,62047,49.9072,-2.8959,2026-06-23 23:00:00,17.2,92.3,10168,15.43,0.17,0.57,60,9229,,
TH2,62045,49.9071,-2.896,2026-06-23 22:00:00,16.9,92.6,10164,15.59,0.18,0.97,41.1,9055,,
TH2,62047,49.9071,-2.896,2026-06-23 22:00:00,16.9,92.3,10165,15.68,0.18,1.27,39,10353,,
TH2,62045,49.9071,-2.896,2026-06-23 21:00:00,16.9,91.9,10166,15.61,0.45,2.4,357.4,9376,,
TH2,62047,49.9071,-2.896,2026-06-23 21:00:00,16.9,91.5,10167,15.75,0.35,2.17,352.8,9485,,
TH2,62045,49.9072,-2.8959,2026-06-23 20:00:00,17.2,91.1,10164,15.59,0.4,3.08,348.7,10168,,
TH2,62047,49.9072,-2.8959,2026-06-23 20:00:00,17.1,91.2,10164,15.72,0.31,2.55,339.2,9598,,
TH2,62045,49.9074,-2.8957,2026-06-23 19:00:00,17.1,91.9,10163,15.55,0.36,1.86,4,10343,,
TH2,62047,49.9074,-2.8957,2026-06-23 19:00:00,17.1,91.4,10164,15.63,0.33,2.47,0.1,8452,,
TH2,62045,49.9075,-2.8954,2026-06-23 18:00:00,17.2,90.7,10159,15.92,0.49,3.17,358.9,8093,,
TH2,62047,49.9075,-2.8953,2026-06-23 18:00:00,17.2,91.2,10159,15.52,0.43,2.98,359.2,7973,,
TH2,62045,49.9076,-2.8951,2026-06-23 17:00:00,17.1,92,10160,15.7,0.59,4.17,333.5,7695,,
TH2,62047,49.9076,-2.8951,2026-06-23 17:00:00,17.3,90.7,10161,15.74,0.58,3.31,340.4,8644,,
TH2,62045,49.9076,-2.8951,2026-06-23 16:00:00,17.4,91.3,10158,15.26,0.38,2.8,330.5,8666,,
TH2,62047,49.9076,-2.8951,2026-06-23 16:00:00,17.7,89.6,10159,15.1,0.43,2.96,341.9,8444,,
TH2,62045,49.9077,-2.895,2026-06-23 15:00:00,17.6,88.3,10162,15.24,0.23,1.21,337.9,9345,,
TH2,62047,49.9077,-2.895,2026-06-23 15:00:00,18.2,85,10163,15.2,0.23,1.07,337,11137,,
TH2,62045,49.9077,-2.895,2026-06-23 14:00:00,17.3,88.6,10161,14.95,0.36,2.29,80.8,9492,,
TH2,62047,49.9077,-2.895,2026-06-23 14:00:00,16.8,90.2,10162,14.97,0.43,2,72.2,8120,,
TH2,62045,49.9076,-2.8952,2026-06-23 13:00:00,17.1,89,10163,14.72,0.63,3.79,94.9,9077,,
TH2,62047,49.9076,-2.8952,2026-06-23 13:00:00,16.6,91.2,10165,14.72,0.62,3.86,84.6,7540,,
TH2,62045,49.9074,-2.8956,2026-06-23 12:00:00,16.8,90.4,10165,14.48,0.8,5.84,98,8046,,
TH2,62047,49.9074,-2.8956,2026-06-23 12:00:00,16.6,91.2,10166,14.5,0.79,5.79,92,7018,,
TH2,62045,49.9072,-2.896,2026-06-23 11:00:00,16.5,91.4,10168,14.29,0.84,6.12,87.7,6691,,
TH2,62047,49.9072,-2.896,2026-06-23 11:00:00,16.6,91.6,10169,14.29,0.9,6.01,96.2,7114,,
TH2,62045,49.9071,-2.8961,2026-06-23 10:00:00,16.9,91,10170,14.26,1.01,7.37,95.7,7039,,
TH2,62047,49.9072,-2.8961,2026-06-23 10:00:00,16.9,90.7,10170,14.28,0.98,7,108.8,7078,,
TH2,62045,49.9071,-2.8962,2026-06-23 09:00:00,16.4,92.3,10170,14.24,1.18,9.3,88.4,6653,,
TH2,62047,49.9071,-2.8962,2026-06-23 09:00:00,16.4,92.2,10171,14.24,1.07,8.55,102.1,6706,,
TH2,62045,49.9071,-2.8962,2026-06-23 08:00:00,16.2,93,10174,14.24,1.25,8.73,83.6,6968,,
TH2,62047,49.9071,-2.8962,2026-06-23 08:00:00,16.2,93,10175,14.23,1.14,8.25,97.9,6634,,
TH2,62045,49.9073,-2.8961,2026-06-23 07:00:00,15.7,93.8,10175,14.22,0.9,5.9,71.8,7403,,
TH2,62047,49.9073,-2.8961,2026-06-23 07:00:00,15.7,93.7,10176,14.22,0.83,5.85,84.4,6409,,
TH2,62045,49.9075,-2.8957,2026-06-23 06:00:00,15.7,94,10173,14.22,0.6,3.83,45.8,7159,,
TH2,62047,49.9075,-2.8957,2026-06-23 06:00:00,15.6,94.2,10174,14.22,0.56,4.07,50.2,6429,,
TH2,62045,49.9076,-2.8955,2026-06-23 05:00:00,15.8,94.1,10171,14.21,0.47,2.71,18.8,7130,,
TH2,62047,49.9076,-2.8955,2026-06-23 05:00:00,15.8,93.8,10172,14.21,0.55,2.7,22.8,7377,,
TH2,62045,49.9077,-2.8952,2026-06-23 04:00:00,16.3,92.2,10170,14.19,0.72,3.97,101,7646,,
TH2,62047,49.9076,-2.8952,2026-06-23 04:00:00,16.3,92,10171,14.19,0.71,3.91,88.4,7964,,
TH2,62045,49.9077,-2.8952,2026-06-23 03:00:00,16.2,92.9,10171,14.2,1.01,7.89,116.8,7482,,
TH2,62047,49.9077,-2.8952,2026-06-23 03:00:00,16.2,92.6,10171,14.2,1.1,7.97,103.4,8142,,
TH2,62045,49.9077,-2.8951,2026-06-23 02:00:00,16.3,91.7,10174,14.16,1.03,8.45,108.1,8183,,
TH2,62047,49.9077,-2.8951,2026-06-23 02:00:00,16.3,91.6,10175,14.15,1.08,8.35,107.3,8637,,
TH2,62045,49.9077,-2.8952,2026-06-23 01:00:00,16.7,90,10183,14.14,1.25,9.22,108.5,9279,,
TH2,62047,49.9077,-2.8952,2026-06-23 01:00:00,16.7,89.7,10184,14.14,1.2,9.44,94.9,9867,,
TH2,62045,49.9075,-2.8955,2026-06-23 00:00:00,17.3,87.5,10188,14.17,1.51,11.46,101.9,10625,,
TH2,62047,49.9075,-2.8955,2026-06-23 00:00:00,17.3,87.3,10189,14.18,1.44,10.95,88.2,10501,,
TH2,62045,49.9073,-2.896,2026-06-22 23:00:00,17.2,88.7,10190,14.21,1.42,9.55,92.5,10486,,
TH2,62047,49.9073,-2.896,2026-06-22 23:00:00,17.2,88.7,10191,14.2,1.41,9.66,90.9,10250,,
TH2,62045,49.9072,-2.8961,2026-06-22 22:00:00,17.5,87.6,10194,14.25,1.3,9.48,89.5,10864,,
TH2,62047,49.9072,-2.8961,2026-06-22 22:00:00,17.5,87.5,10195,14.25,1.37,9.53,101.2,10096,,
TH2,62045,49.9071,-2.8962,2026-06-22 21:00:00,18.1,85.6,10197,14.39,1.51,10.44,80.7,11360,,
TH2,62047,49.9071,-2.8962,2026-06-22 21:00:00,18.1,85.7,10197,14.39,1.45,10.76,93.4,12181,,
TH2,62045,49.907,-2.8962,2026-06-22 20:00:00,17.6,88.1,10196,14.43,1.38,10.35,70.7,9971,,
TH2,62047,49.9071,-2.8962,2026-06-22 20:00:00,17.5,88.1,10196,14.42,1.34,10.68,84.8,11145,,
TH2,62045,49.9071,-2.8961,2026-06-22 19:00:00,17,90.2,10198,14.51,1.04,6.74,61.1,9439,,
TH2,62047,49.9071,-2.8961,2026-06-22 19:00:00,16.9,90.4,10199,14.51,1.08,8.55,70.3,9893,,
TH2,62045,49.9073,-2.8958,2026-06-22 18:00:00,16.7,92.2,10207,14.62,0.96,4.53,35.7,5200,,
TH2,62047,49.9073,-2.8958,2026-06-22 18:00:00,16.6,92.1,10208,14.62,0.92,6.82,35.6,5327,,
TH2,62045,49.9075,-2.8954,2026-06-22 17:00:00,16.9,92,10210,14.6,0.95,6.09,40.5,3366,,
TH2,62047,49.9075,-2.8954,2026-06-22 17:00:00,16.9,91.7,10210,14.6,0.87,6.22,49.5,3774,,
TH2,62045,49.9076,-2.8952,2026-06-22 16:00:00,16.7,91.9,10207,14.59,1.15,8.69,85.8,3474,,
TH2,62047,49.9076,-2.8952,2026-06-22 16:00:00,16.4,92.9,10206,14.6,1.21,8.43,72.8,3118,,
TH2,62045,49.9077,-2.895,2026-06-22 15:00:00,16.6,91.7,10203,14.56,1.08,8.65,89.5,4370,,
TH2,62047,49.9076,-2.895,2026-06-22 15:00:00,16.3,93.6,10205,14.57,1.11,8.54,76.6,4001,,
TH2,62045,49.9077,-2.8949,2026-06-22 14:00:00,16.5,92.7,10207,14.37,0.88,7.08,87.5,4252,,
TH2,62047,49.9077,-2.8949,2026-06-22 14:00:00,16.1,94.4,10209,14.37,0.92,6.59,77.7,3861,,
TH2,62045,49.9076,-2.8949,2026-06-22 13:00:00,16.3,92.4,10211,14.33,0.87,6.83,90.4,5375,,
TH2,62047,49.9076,-2.8949,2026-06-22 13:00:00,16.1,94.1,10213,14.32,0.97,6.33,80,4737,,
TH2,62045,49.9075,-2.8951,2026-06-22 12:00:00,16,93.1,10214,14.27,0.94,7.51,83.8,6679,,
TH2,62047,49.9075,-2.8951,2026-06-22 12:00:00,15.8,94.1,10216,14.27,1.02,6.88,72.9,6171,,
TH2,62045,49.9073,-2.8956,2026-06-22 11:00:00,16,92.5,10216,14.15,1.21,9.35,85.7,8274,,
TH2,62047,49.9073,-2.8956,2026-06-22 11:00:00,15.7,93.8,10218,14.14,1.28,9.07,72.1,7480,,
TH2,62045,49.9071,-2.8959,2026-06-22 10:00:00,15.7,93.5,10218,14.07,1.14,8.61,74.6,7841,,
TH2,62047,49.9071,-2.8959,2026-06-22 10:00:00,15.8,93.7,10219,14.07,1.21,8.75,88.9,8643,,
TH2,62045,49.9071,-2.896,2026-06-22 09:00:00,15.8,93.6,10218,14.09,1.2,8.27,75.8,8049,,
TH2,62047,49.9071,-2.896,2026-06-22 09:00:00,15.7,93.5,10219,14.1,1.13,8.58,89.2,8120,,
TH2,62045,49.907,-2.8962,2026-06-22 08:00:00,15.6,94.1,10222,14.2,1.06,7.55,72.7,7996,,
TH2,62047,49.907,-2.8961,2026-06-22 08:00:00,15.6,94,10223,14.2,1.01,8.23,87.1,7860,,
TH2,62045,49.9071,-2.8959,2026-06-22 07:00:00,15.7,94.1,10222,14.26,0.96,6.52,68.5,7737,,
TH2,62047,49.9071,-2.8959,2026-06-22 07:00:00,15.7,94,10222,14.27,1.07,8.12,80.6,7416,,
TH2,62045,49.9072,-2.8957,2026-06-22 06:00:00,15.8,93.8,10222,14.36,1.05,6.25,71.5,8694,,
TH2,62047,49.9072,-2.8957,2026-06-22 06:00:00,15.8,93.8,10222,14.36,1.07,8.17,78.5,8804,,
TH2,62045,49.9074,-2.8954,2026-06-22 05:00:00,15.8,93.9,10224,14.39,1.07,6.34,69.9,7769,,
TH2,62047,49.9074,-2.8954,2026-06-22 05:00:00,15.8,93.8,10224,14.39,1.13,8.1,77.9,7263,,
TH2,62045,49.9075,-2.895,2026-06-22 04:00:00,15.9,93.9,10226,14.44,1.19,8.03,63.1,6258,,
TH2,62047,49.9075,-2.895,2026-06-22 04:00:00,15.9,94.4,10227,14.45,1.18,8.48,68.8,6205,,
TH2,62045,49.9077,-2.8946,2026-06-22 03:00:00,15.8,94.4,10227,14.47,0.93,7.82,76.6,4688,,
TH2,62047,49.9076,-2.8946,2026-06-22 03:00:00,15.8,94.3,10228,14.47,1,7.88,65.4,4627,,
TH2,62045,49.9077,-2.8945,2026-06-22 02:00:00,15.8,91.4,10228,14.49,0.82,6.87,77.5,14026,,
TH2,62047,49.9077,-2.8945,2026-06-22 02:00:00,15.8,91,10230,14.49,0.82,4.85,70.4,14361,,
TH2,62045,49.9077,-2.8944,2026-06-22 01:00:00,15.8,91,10233,14.45,0.66,5.27,73.4,21285,,
TH2,62047,49.9077,-2.8944,2026-06-22 01:00:00,15.8,91.1,10234,14.43,0.71,4.7,63,22151,,
TH2,62045,49.9076,-2.8945,2026-06-22 00:00:00,15.8,92.3,10236,14.39,0.67,5.62,83.3,19858,,
TH2,62047,49.9076,-2.8945,2026-06-22 00:00:00,15.8,92,10237,14.39,0.67,3.94,74.9,20706,,
TH2,62045,49.9075,-2.8948,2026-06-21 23:00:00,16.4,91,10238,14.32,0.74,6.06,77,21336,,
TH2,62047,49.9075,-2.8948,2026-06-21 23:00:00,16.4,90.9,10239,14.3,0.8,4.73,68.2,22440,,
TH2,62045,49.9073,-2.8952,2026-06-21 22:00:00,15.9,91.7,10240,14.41,0.75,6.39,63.2,34067,,
TH2,62047,49.9073,-2.8952,2026-06-21 22:00:00,15.9,91.2,10241,14.4,0.82,6.06,53.2,36390,,
TH2,62045,49.9072,-2.8953,2026-06-21 21:00:00,15.7,91.7,10243,14.45,0.59,3.96,46.1,41023,,
TH2,62047,49.9072,-2.8953,2026-06-21 21:00:00,15.7,91.7,10243,14.44,0.53,3.92,58,47592,,
TH2,62045,49.9072,-2.8955,2026-06-21 20:00:00,16.1,90,10237,14.72,0.44,3.42,55.2,51109,,
TH2,62047,49.9072,-2.8954,2026-06-21 20:00:00,16.1,90,10238,14.78,0.46,4,56.9,68708,,
TH2,62045,49.9072,-2.8955,2026-06-21 19:00:00,16.3,89.5,10235,15.12,0.41,3.05,59.7,51278,,
TH2,62047,49.9072,-2.8955,2026-06-21 19:00:00,16.4,89.1,10236,15.15,0.42,3.7,54.3,13629,,
TH2,62045,49.9072,-2.8956,2026-06-21 18:00:00,16.5,88.8,10238,15.16,0.35,2.61,61.2,48978,,
TH2,62047,49.9072,-2.8956,2026-06-21 18:00:00,16.5,88.5,10239,15.2,0.37,3.26,54.8,49788,,
TH2,62045,49.9073,-2.8952,2026-06-21 17:00:00,16.7,88.3,10236,15.06,0.46,3.41,53.3,41041,,
TH2,62047,49.9073,-2.8952,2026-06-21 17:00:00,16.7,88,10237,15.11,0.52,4.37,48,34973,,
TH2,62045,49.9075,-2.8947,2026-06-21 16:00:00,16.4,90.9,10242,15.19,0.59,3.39,40.6,25133,,
TH2,62047,49.9075,-2.8947,2026-06-21 16:00:00,16.4,90.6,10242,15.27,0.5,3.86,44.8,29899,,
TH2,62045,49.9076,-2.8945,2026-06-21 15:00:00,16.3,91.1,10244,15.18,0.62,4.09,40.9,18529,,
TH2,62047,49.9076,-2.8945,2026-06-21 15:00:00,16.2,91.6,10245,15.19,0.57,3.48,35.6,20084,,
TH2,62045,49.9076,-2.8944,2026-06-21 14:00:00,16,92.3,10243,15.03,0.44,3.26,37.3,18743,,
TH2,62047,49.9076,-2.8944,2026-06-21 14:00:00,16.6,88.8,10245,15.06,0.3,1.55,47.5,23921,,
TH2,62045,49.9077,-2.8944,2026-06-21 13:00:00,15.7,92.5,10244,14.81,0.37,2.84,40,19693,,
TH2,62047,49.9076,-2.8944,2026-06-21 13:00:00,16.4,88.6,10245,14.88,0.25,1.25,52.6,26230,,
TH2,62045,49.9076,-2.8944,2026-06-21 12:00:00,15.5,93.6,10242,14.51,0.42,3.07,28,36746,,
TH2,62047,49.9076,-2.8944,2026-06-21 12:00:00,16,90.5,10243,14.61,0.3,1.15,31.3,55579,,
TH2,62045,49.9075,-2.8946,2026-06-21 11:00:00,15.3,93.7,10243,14.23,0.35,2.28,35.7,39926,,
TH2,62047,49.9075,-2.8946,2026-06-21 11:00:00,16,89.5,10244,14.3,0.25,0.93,39,62804,,
TH2,62045,49.9073,-2.8949,2026-06-21 10:00:00,15.2,94.4,10242,14.2,0.44,2.78,37.2,46082,,
TH2,62047,49.9073,-2.8949,2026-06-21 10:00:00,15.3,92.2,10244,14.23,0.39,1.68,38.2,47893,,
TH2,62045,49.9072,-2.8952,2026-06-21 09:00:00,14.5,96,10245,13.99,0.45,3.04,39,42821,,
TH2,62047,49.9072,-2.8952,2026-06-21 09:00:00,14.4,96.1,10245,14.02,0.38,2.89,47.4,32950,,
TH2,62045,49.9072,-2.8953,2026-06-21 08:00:00,14.3,96.3,10248,13.92,0.25,1.43,54.4,38193,,
TH2,62047,49.9072,-2.8953,2026-06-21 08:00:00,14.3,96.2,10248,13.91,0.24,1.54,63.4,21590,,
TH2,62045,49.9072,-2.8955,2026-06-21 07:00:00,14.1,96.9,10244,13.97,0.29,1.52,54.2,12441,,
TH2,62047,49.9072,-2.8955,2026-06-21 07:00:00,14,97.4,10245,13.96,0.34,2.43,50.9,8565,,
TH2,62045,49.9072,-2.8956,2026-06-21 06:00:00,13.9,98.3,10239,14.33,0.32,1.51,60.8,17744,,
TH2,62047,49.9072,-2.8956,2026-06-21 06:00:00,13.9,98,10240,14.32,0.34,2.41,50.1,13065,,
TH2,62045,49.9072,-2.8954,2026-06-21 05:00:00,13.8,99,10238,14.19,0.23,1.35,61.9,275,,
TH2,62047,49.9073,-2.8954,2026-06-21 05:00:00,13.8,98.7,10238,14.2,0.24,1.75,62.1,194,,
TH2,62045,49.9075,-2.8947,2026-06-21 04:00:00,13.7,99.4,10237,14.31,0.2,1,265.2,924,,
TH2,62047,49.9075,-2.8947,2026-06-21 04:00:00,13.7,99,10238,14.33,0.22,0.82,269.3,833,,
TH2,62045,49.9077,-2.8944,2026-06-21 03:00:00,13.8,99.6,10233,14.36,0.3,1.24,267.9,363,,
TH2,62047,49.9077,-2.8944,2026-06-21 03:00:00,13.7,99.2,10234,14.36,0.3,1.22,270.9,284,,
TH2,62045,49.9077,-2.8942,2026-06-21 02:00:00,13.8,99.2,10230,14.32,0.24,1,141.5,489,,
TH2,62047,49.9077,-2.8942,2026-06-21 02:00:00,13.9,98.8,10231,14.41,0.31,0.86,142.8,332,,
TH2,62045,49.9078,-2.8941,2026-06-21 01:00:00,14.5,98.5,10229,14.45,0.31,2.21,294,85,,
TH2,62047,49.9078,-2.8941,2026-06-21 01:00:00,14.5,98.6,10230,14.5,0.28,2.02,305.3,89,,
TH2,62045,49.9077,-2.8941,2026-06-21 00:00:00,14.5,98,10231,14.28,0.32,1.68,262.3,26221,,
TH2,62047,49.9077,-2.8941,2026-06-21 00:00:00,14.5,98.2,10231,14.3,0.32,1.77,265,27462,,
TH2,62045,49.9077,-2.8941,2026-06-20 23:00:00,14.8,98.8,10230,14.31,0.24,1.01,189.2,28897,,
TH2,62047,49.9077,-2.8942,2026-06-20 23:00:00,14.9,98.3,10230,14.37,0.2,0.99,197.6,48144,,
TH2,62045,49.9075,-2.8946,2026-06-20 22:00:00,14.3,98.9,10227,14.04,0.31,2.23,166.3,10715,,
TH2,62047,49.9075,-2.8946,2026-06-20 22:00:00,14.4,98.5,10228,14.04,0.28,1.87,153.3,8861,,
TH2,62045,49.9073,-2.895,2026-06-20 21:00:00,14.1,98.9,10223,14.04,0.42,2.86,143.5,401,,
TH2,62047,49.9073,-2.895,2026-06-20 21:00:00,14.1,97.9,10223,14.04,0.39,2.53,136.9,289,,
TH2,62045,49.9072,-2.8953,2026-06-20 20:00:00,14.8,98.1,10217,14.2,0.4,2.33,298.1,480,,
TH2,62047,49.9072,-2.8953,2026-06-20 20:00:00,14.7,97.8,10218,14.22,0.4,2.21,284.7,322,,
TH2,62045,49.9071,-2.8954,2026-06-20 19:00:00,15.4,96.9,10216,14.4,0.22,1.58,144.8,22047,,
TH2,62047,49.9071,-2.8954,2026-06-20 19:00:00,15.7,95.3,10216,14.43,0.21,1.51,158.7,42710,,
TH2,62045,49.9071,-2.8955,2026-06-20 18:00:00,16.5,91.9,10215,14.94,0.3,1.78,310.3,50429,,
TH2,62047,49.9071,-2.8955,2026-06-20 18:00:00,15.9,94.9,10216,15.04,0.29,1.74,297.1,28097,,
TH2,62045,49.9072,-2.8955,2026-06-20 17:00:00,16,95.9,10213,14.92,0.24,1.37,306.7,52473,,
TH2,62047,49.9072,-2.8955,2026-06-20 17:00:00,15.5,96.7,10214,15.18,0.24,1.07,294,28451,,
TH2,62045,49.9074,-2.895,2026-06-20 16:00:00,15.1,98.1,10210,14.81,0.21,1.35,166.9,705,,
TH2,62047,49.9074,-2.895,2026-06-20 16:00:00,15.5,97.2,10211,15.06,0.21,1.19,177.9,1182,,
TH2,62045,49.9076,-2.8945,2026-06-20 15:00:00,15.1,98.2,10213,14.46,0.39,2.36,237.2,743,,
TH2,62047,49.9075,-2.8945,2026-06-20 15:00:00,15.2,99.1,10214,14.55,0.4,2.15,241,897,,
TH2,62045,49.9076,-2.8943,2026-06-20 14:00:00,15.3,98.6,10208,14.51,0.34,1.95,217.7,28797,,
TH2,62047,49.9076,-2.8943,2026-06-20 14:00:00,15.3,98.5,10209,14.78,0.4,2.08,220.3,33703,,
TH2,62045,49.9077,-2.8941,2026-06-20 13:00:00,15.1,99.2,10203,14.36,0.47,1.87,225,117,,
TH2,62047,49.9077,-2.8942,2026-06-20 13:00:00,15.1,99,10204,14.56,0.48,2.63,219.9,74,,
TH2,62045,49.9077,-2.8941,2026-06-20 12:00:00,15,99.2,10200,14.25,0.46,2.24,245.1,129,,
TH2,62047,49.9077,-2.8941,2026-06-20 12:00:00,15,99,10201,14.31,0.58,3.02,246,76,,
TH2,62045,49.9076,-2.8942,2026-06-20 11:00:00,14.9,99,10198,14.12,0.59,3.8,199.6,307,,
TH2,62047,49.9076,-2.8942,2026-06-20 11:00:00,14.9,99,10198,14.25,0.57,3.45,193.8,155,,
TH2,62045,49.9075,-2.8944,2026-06-20 10:00:00,15,99.3,10190,13.98,0.55,3.84,198.3,404,,
TH2,62047,49.9075,-2.8944,2026-06-20 10:00:00,14.9,99,10191,14.01,0.54,3.25,188,200,,
TH2,62045,49.9073,-2.8948,2026-06-20 09:00:00,14.9,99.6,10188,13.85,0.67,3.7,208.6,1367,,
TH2,62047,49.9073,-2.8948,2026-06-20 09:00:00,14.9,98.8,10189,13.85,0.65,3.88,203.4,752,,
TH2,62045,49.9072,-2.8953,2026-06-20 08:00:00,14.9,99.8,10183,13.84,0.72,4.83,189.8,850,,
TH2,62047,49.9072,-2.8953,2026-06-20 08:00:00,14.9,98.9,10184,13.84,0.75,4.66,194.5,1532,,
TH2,62045,49.9071,-2.8956,2026-06-20 07:00:00,14.8,99.3,10177,13.83,0.47,3.55,163.5,283,,
TH2,62047,49.9071,-2.8956,2026-06-20 07:00:00,14.8,98.9,10177,13.83,0.61,3.62,176.2,383,,
TH2,62045,49.9071,-2.8958,2026-06-20 06:00:00,15,99.5,10171,13.88,0.49,4.04,172.3,135,,
TH2,62047,49.9071,-2.8958,2026-06-20 06:00:00,15,99,10172,13.87,0.58,4.55,185.9,197,,
TH2,62045,49.9071,-2.8958,2026-06-20 05:00:00,15.3,98.9,10167,13.93,0.61,4.8,179.5,347,,
TH2,62047,49.9071,-2.8958,2026-06-20 05:00:00,15.3,98.7,10168,13.93,0.72,5.56,193.3,557,,
TH2,62045,49.9073,-2.8955,2026-06-20 04:00:00,15.1,97.3,10163,13.98,0.53,4.43,163.6,2408,,
TH2,62047,49.9073,-2.8955,2026-06-20 04:00:00,15,97.6,10163,13.98,0.69,5.01,180.2,6271,,
TH2,62045,49.9076,-2.8946,2026-06-20 03:00:00,14.9,96,10157,14.04,0.61,4.42,188.7,21008,,
TH2,62047,49.9076,-2.8946,2026-06-20 03:00:00,14.8,97.2,10158,14.04,0.72,4.27,195.4,28935,,
TH2,62045,49.9077,-2.8941,2026-06-20 02:00:00,15,98.4,10159,14.01,0.76,5.19,201.7,10884,,
TH2,62047,49.9077,-2.8941,2026-06-20 02:00:00,15,98,10160,14.01,0.92,5.35,200.2,11470,,
TH2,62045,49.9077,-2.8939,2026-06-20 01:00:00,15,98.7,10158,14.05,0.72,4.26,210.1,278,,
TH2,62047,49.9077,-2.8939,2026-06-20 01:00:00,15,99.2,10159,14.05,0.7,4.96,210.5,165,,
TH2,62045,49.9078,-2.8938,2026-06-20 00:00:00,15.2,98.8,10156,14.26,0.71,3.33,212.1,4159,,
TH2,62047,49.9078,-2.8939,2026-06-20 00:00:00,15.2,98.2,10157,14.26,0.73,5,211.5,1290,,
TH2,62045,49.9077,-2.8939,2026-06-19 23:00:00,15.4,96.7,10157,14.24,0.65,2.59,219.6,13441,,
TH2,62047,49.9077,-2.8939,2026-06-19 23:00:00,15.4,96.1,10158,14.24,0.68,4.79,215.9,3247,,
TH2,62045,49.9076,-2.8943,2026-06-19 22:00:00,15.4,94.4,10154,14.14,0.69,4.93,201.9,38684,,
TH2,62047,49.9076,-2.8943,2026-06-19 22:00:00,15.3,94.4,10155,14.14,0.64,4.78,198,46681,,
TH2,62045,49.9074,-2.8948,2026-06-19 21:00:00,14.9,95.4,10153,14.06,0.59,3.67,198.8,39086,,
TH2,62047,49.9074,-2.8948,2026-06-19 21:00:00,14.9,95.4,10154,14.05,0.56,3.5,192.8,44254,,
TH2,62045,49.9071,-2.8953,2026-06-19 20:00:00,15.1,94.6,10148,13.93,0.44,2.55,187,44970,,
TH2,62047,49.9071,-2.8953,2026-06-19 20:00:00,15.1,94,10149,13.95,0.41,2.54,183.5,48377,,
TH2,62045,49.907,-2.8957,2026-06-19 19:00:00,15.4,93.4,10145,13.99,0.4,2.99,177.6,54070,,
TH2,62047,49.907,-2.8957,2026-06-19 19:00:00,15.5,92.2,10146,13.98,0.42,2.38,183.1,57817,,
TH2,62045,49.907,-2.8958,2026-06-19 18:00:00,15.7,93,10145,14.26,0.47,3.69,188.3,37329,,
TH2,62047,49.907,-2.8958,2026-06-19 18:00:00,16.1,90.8,10145,14.32,0.48,3.19,198.6,14771,,
TH2,62045,49.907,-2.8959,2026-06-19 17:00:00,15.5,94,10145,14.42,0.48,3.42,186.6,49599,,
TH2,62047,49.907,-2.8959,2026-06-19 17:00:00,16,91.6,10146,14.42,0.49,3.52,199.7,70125,,
TH2,62045,49.9072,-2.8956,2026-06-19 16:00:00,15.6,92.4,10149,14.56,0.45,3.39,174.2,55537,,
TH2,62047,49.9072,-2.8956,2026-06-19 16:00:00,16,90.2,10150,14.58,0.47,3.88,189.6,75000,,
TH2,62045,49.9073,-2.8952,2026-06-19 15:00:00,15.3,93.7,10148,14.53,0.48,3.61,168.1,42927,,
TH2,62047,49.9073,-2.8952,2026-06-19 15:00:00,15.6,92,10149,14.58,0.54,4,183,60147,,
TH2,62045,49.9075,-2.8946,2026-06-19 14:00:00,15.4,93.5,10145,14.28,0.57,4.06,176.5,54708,,
TH2,62047,49.9075,-2.8946,2026-06-19 14:00:00,15.2,92.8,10146,14.28,0.56,3.57,176.5,60089,,
TH2,62045,49.9076,-2.8944,2026-06-19 13:00:00,15.2,92.5,10142,14.28,0.64,3.25,201.6,43419,,
TH2,62047,49.9076,-2.8944,2026-06-19 13:00:00,15.2,92.8,10143,14.28,0.55,3.87,200,41918,,
TH2,62045,49.9076,-2.8943,2026-06-19 12:00:00,15.2,92.9,10141,14.23,0.66,2.88,206,61263,,
TH2,62047,49.9076,-2.8943,2026-06-19 12:00:00,15,94.1,10142,14.25,0.59,4.78,206.4,75000,,
TH2,62045,49.9076,-2.8942,2026-06-19 11:00:00,14.7,96.5,10140,14.21,0.7,4.61,205.1,39120,,
TH2,62047,49.9076,-2.8942,2026-06-19 11:00:00,14.5,96.9,10141,14.22,0.63,4.72,202.4,38836,,
TH2,62045,49.9075,-2.8943,2026-06-19 10:00:00,14,98.3,10137,14.11,0.63,2.6,215.1,457,,
TH2,62047,49.9075,-2.8943,2026-06-19 10:00:00,13.9,98.1,10138,14.14,0.62,5.1,217.3,214,,
TH2,62045,49.9073,-2.8947,2026-06-19 09:00:00,14.1,97.1,10133,13.96,0.6,4.7,209.2,67844,,
TH2,62047,49.9073,-2.8947,2026-06-19 09:00:00,14,97.5,10134,13.98,0.51,3.71,202.4,75000,,
TH2,62045,49.9071,-2.8953,2026-06-19 08:00:00,13.9,97.8,10133,13.84,0.52,3.97,194.9,61596,,
TH2,62047,49.9071,-2.8953,2026-06-19 08:00:00,13.8,97.9,10133,13.85,0.42,3.18,182.4,75000,,
TH2,62045,49.907,-2.8957,2026-06-19 07:00:00,13.7,98.5,10129,13.79,0.36,2.39,219.3,41026,,
TH2,62047,49.907,-2.8957,2026-06-19 07:00:00,13.7,99.1,10130,13.79,0.33,1.9,215.6,64966,,
TH2,62045,49.9069,-2.8959,2026-06-19 06:00:00,13.4,99.3,10129,13.76,0.25,1.76,228.9,7376,,
TH2,62047,49.9069,-2.8959,2026-06-19 06:00:00,13.4,99.2,10130,13.76,0.24,1.33,226,8092,,
TH2,62045,49.9069,-2.8961,2026-06-19 05:00:00,13.2,99.5,10128,13.74,0.24,1.29,253.7,138,,
TH2,62047,49.9069,-2.8961,2026-06-19 05:00:00,13.2,99.9,10129,13.74,0.24,0.95,251.2,167,,
TH2,62045,49.907,-2.8962,2026-06-19 04:00:00,13.2,99.5,10129,13.78,0.3,1.86,278,106,,
TH2,62047,49.907,-2.8962,2026-06-19 04:00:00,13.2,99.3,10130,13.78,0.29,1.36,273,109,,
TH2,62045,49.9073,-2.8954,2026-06-19 03:00:00,13.4,99.3,10133,14,0.23,1.49,245.1,4697,,
TH2,62047,49.9073,-2.8954,2026-06-19 03:00:00,13.3,99.7,10134,14,0.21,0.94,246.8,5156,,
TH2,62045,49.9075,-2.8948,2026-06-19 02:00:00,13.4,99.7,10137,14.16,0.2,1.31,237.9,519,,
TH2,62047,49.9075,-2.8948,2026-06-19 02:00:00,13.4,99.5,10138,14.17,0.19,0.92,234.4,559,,
TH2,62045,49.9076,-2.8944,2026-06-19 01:00:00,13.1,99.6,10138,14.25,0.38,2.22,303.2,94,,
TH2,62047,49.9076,-2.8944,2026-06-19 01:00:00,13.1,99.9,10139,14.28,0.41,2.1,308.2,86,,
TH2,62045,49.9077,-2.8943,2026-06-19 00:00:00,13.1,99.2,10139,14.29,0.45,3.47,307.5,160,,
TH2,62047,49.9076,-2.8943,2026-06-19 00:00:00,13.1,99.2,10140,14.3,0.42,3.31,320.9,253,,
TH2,62045,49.9077,-2.8942,2026-06-18 23:00:00,13,99.4,10139,14.09,0.49,3.09,304.9,103,,
TH2,62047,49.9077,-2.8942,2026-06-18 23:00:00,13,99.3,10140,14.11,0.46,2.8,316.2,167,,
TH2,62045,49.9077,-2.8942,2026-06-18 22:00:00,13.3,99.1,10141,13.9,0.24,1.26,332.2,129,,
TH2,62047,49.9076,-2.8942,2026-06-18 22:00:00,13.3,99.5,10141,13.91,0.25,1.28,340.2,163,,
TH2,62045,49.9075,-2.8944,2026-06-18 21:00:00,13.7,99.5,10144,13.81,0.21,0.82,3.1,380,,
TH2,62047,49.9075,-2.8944,2026-06-18 21:00:00,13.6,99.1,10145,13.83,0.2,0.73,342,499,,
TH2,62045,49.9073,-2.8949,2026-06-18 20:00:00,13.8,98.9,10143,13.81,0.25,1.36,29.6,1429,,
TH2,62047,49.9073,-2.895,2026-06-18 20:00:00,13.8,99.3,10144,13.82,0.21,0.81,20.2,1967,,
TH2,62045,49.907,-2.8955,2026-06-18 19:00:00,14,99.4,10144,13.81,0.37,1.69,350.4,170,,
TH2,62047,49.907,-2.8955,2026-06-18 19:00:00,14,99.9,10145,13.81,0.34,1.71,352,237,,
TH2,62045,49.9069,-2.8958,2026-06-18 18:00:00,14.1,98.5,10146,13.85,0.35,2.08,345,187,,
TH2,62047,49.9069,-2.8958,2026-06-18 18:00:00,14,98.9,10147,13.84,0.31,2,341.2,116,,
TH2,62045,49.9069,-2.896,2026-06-18 17:00:00,14.7,97.6,10151,13.81,0.26,1.78,334.7,1576,,
TH2,62047,49.9069,-2.896,2026-06-18 17:00:00,14.4,98.7,10152,13.8,0.26,1.57,322.8,849,,
TH2,62045,49.907,-2.8961,2026-06-18 16:00:00,14.8,97.5,10156,14.26,0.21,0.93,99.9,9023,,
TH2,62047,49.907,-2.896,2026-06-18 16:00:00,14.8,98.4,10156,14.32,0.2,0.93,98.5,15723,,
TH2,62045,49.9072,-2.8956,2026-06-18 15:00:00,15,98.4,10161,14.28,0.22,0.85,109.1,11482,,
TH2,62047,49.9072,-2.8956,2026-06-18 15:00:00,15,98,10162,14.19,0.19,0.82,104.5,7207,,
TH2,62045,49.9075,-2.8947,2026-06-18 14:00:00,14.3,98.3,10164,14.41,0.35,2.02,109.3,159,,
TH2,62047,49.9075,-2.8946,2026-06-18 14:00:00,14.2,98.4,10165,14.4,0.38,1.83,120.3,156,,
TH2,62045,49.9077,-2.8942,2026-06-18 13:00:00,14.7,98.5,10166,14.09,0.27,1.61,110.3,247,,
TH2,62047,49.9077,-2.8942,2026-06-18 13:00:00,14.6,98.7,10167,14.3,0.27,1.54,118,162,,
TH2,62045,49.9077,-2.894,2026-06-18 12:00:00,14.8,98.8,10169,14.13,0.28,1.69,157.9,533,,
TH2,62047,49.9077,-2.894,2026-06-18 12:00:00,14.4,99,10170,14.17,0.25,1.47,145.3,309,,
TH2,62045,49.9078,-2.8939,2026-06-18 11:00:00,14.5,99.2,10170,13.89,0.2,0.88,162.8,1137,,
TH2,62047,49.9077,-2.8939,2026-06-18 11:00:00,14.3,99.3,10170,13.85,0.25,0.82,164.5,655,,
TH2,62045,49.9078,-2.8938,2026-06-18 10:00:00,14.3,99.1,10173,13.93,0.39,2.65,194.3,499,,
TH2,62047,49.9078,-2.8938,2026-06-18 10:00:00,14.2,99,10173,13.99,0.38,2.28,185.8,307,,
TH2,62045,49.9076,-2.8941,2026-06-18 09:00:00,14.2,99.3,10176,13.81,0.42,2.65,187.5,1156,,
TH2,62047,49.9076,-2.8941,2026-06-18 09:00:00,14,99,10176,13.81,0.46,2.27,174.5,643,,
TH2,62045,49.9074,-2.8947,2026-06-18 08:00:00,14.3,99.5,10180,13.78,0.53,4.08,193.3,2947,,
TH2,62047,49.9074,-2.8947,2026-06-18 08:00:00,14.2,99,10181,13.79,0.51,3.39,178,1349,,
TH2,62045,49.9071,-2.8953,2026-06-18 07:00:00,14.2,99.9,10179,13.79,0.52,3.55,181.7,760,,
TH2,62047,49.9071,-2.8953,2026-06-18 07:00:00,14.1,98.9,10180,13.79,0.53,3.25,166.3,396,,
TH2,62045,49.907,-2.8958,2026-06-18 06:00:00,14.1,99.5,10178,13.77,0.41,2.31,169.2,417,,
TH2,62047,49.907,-2.8958,2026-06-18 06:00:00,14.1,99,10179,13.77,0.39,1.7,168.6,329,,
TH2,62045,49.9069,-2.896,2026-06-18 05:00:00,14,99.4,10182,13.72,0.43,3.27,159.7,194,,
TH2,62047,49.9069,-2.896,2026-06-18 05:00:00,14,99.3,10182,13.72,0.5,3.54,173.1,277,,
TH2,62045,49.9069,-2.8962,2026-06-18 04:00:00,14,99.4,10181,13.69,0.33,2.54,175.1,254,,
TH2,62047,49.9069,-2.8962,2026-06-18 04:00:00,14,99.2,10181,13.69,0.38,2.68,188.3,347,,
TH2,62045,49.907,-2.8961,2026-06-18 03:00:00,14,99.4,10186,13.74,0.44,3.18,173.6,117,,
TH2,62047,49.907,-2.8961,2026-06-18 03:00:00,14,99.1,10187,13.74,0.47,3.44,188.5,190,,
TH2,62045,49.9075,-2.8948,2026-06-18 02:00:00,14.1,99.2,10190,13.84,0.4,2.58,178.3,46,,
TH2,62047,49.9075,-2.8948,2026-06-18 02:00:00,14.1,99.1,10190,13.84,0.41,2.69,190.8,67,,
TH2,62045,49.9077,-2.8941,2026-06-18 01:00:00,14.3,99.1,10193,13.82,0.48,3.06,190.7,63,,
TH2,62047,49.9077,-2.8941,2026-06-18 01:00:00,14.3,99.2,10193,13.82,0.48,2.63,194.5,96,,
TH2,62045,49.9078,-2.8937,2026-06-18 00:00:00,14.4,98.6,10191,13.87,0.53,3.18,193.9,155,,
TH2,62047,49.9078,-2.8937,2026-06-18 00:00:00,14.4,98.7,10192,13.87,0.54,3.17,195,121,,
TH2,62045,49.9079,-2.8935,2026-06-17 23:00:00,14.4,97.5,10191,13.91,0.43,2.07,193.1,4155,,
TH2,62047,49.9078,-2.8935,2026-06-17 23:00:00,14.4,97.2,10191,13.92,0.55,2.14,188.5,3449,,
TH2,62045,49.9079,-2.8934,2026-06-17 22:00:00,14.7,96.5,10189,13.9,0.4,2.41,247.3,5308,,
TH2,62047,49.9079,-2.8934,2026-06-17 22:00:00,14.7,96.2,10190,13.9,0.53,3.23,248.1,4718,,
TH2,62045,49.9079,-2.8933,2026-06-17 21:00:00,15,95.4,10187,13.88,0.58,3.55,248.6,6955,,
TH2,62047,49.9079,-2.8934,2026-06-17 21:00:00,14.9,95.3,10187,13.89,0.66,4.57,252,6405,,
TH2,62045,49.9076,-2.8938,2026-06-17 20:00:00,15,94.9,10186,13.79,0.56,3.05,252.2,12991,,
TH2,62047,49.9076,-2.8938,2026-06-17 20:00:00,14.9,94.9,10187,13.79,0.76,4.09,253.2,11966,,
TH2,62045,49.9074,-2.8946,2026-06-17 19:00:00,14.9,94.6,10187,13.84,0.47,1.88,242.7,13884,,
TH2,62047,49.9073,-2.8946,2026-06-17 19:00:00,14.9,94.6,10188,13.85,0.61,3.38,235.5,11016,,
TH2,62045,49.9071,-2.8952,2026-06-17 18:00:00,15,93.6,10188,13.84,0.65,4.39,248,15018,,
TH2,62047,49.9071,-2.8953,2026-06-17 18:00:00,15.1,93.2,10189,13.85,0.74,4.5,254.9,13098,,
TH2,62045,49.907,-2.8957,2026-06-17 17:00:00,15.6,89.7,10192,13.75,0.84,6.03,262,19372,,
TH2,62047,49.907,-2.8957,2026-06-17 17:00:00,15.5,90.4,10193,13.75,0.97,5.61,251.7,17525,,
TH2,62045,49.907,-2.8959,2026-06-17 16:00:00,15.5,90.5,10191,13.83,0.64,4.86,252.6,17858,,
TH2,62047,49.907,-2.8959,2026-06-17 16:00:00,15.7,89.1,10192,13.84,0.73,4.12,247.9,17261,,
TH2,62045,49.907,-2.896,2026-06-17 15:00:00,15.2,92.3,10195,13.88,0.53,3.7,223.8,15932,,
TH2,62047,49.907,-2.896,2026-06-17 15:00:00,15.7,89.7,10196,13.89,0.38,1.64,226.5,15294,,
TH2,62045,49.9075,-2.8949,2026-06-17 14:00:00,15.4,90.9,10192,13.88,0.76,5.79,223.9,21234,,
TH2,62047,49.9075,-2.8949,2026-06-17 14:00:00,15.7,89.4,10193,13.87,0.74,2.75,227.3,17692,,
TH2,62045,49.9077,-2.8942,2026-06-17 13:00:00,15.1,94,10191,13.82,0.8,6.02,225.6,17420,,
TH2,62047,49.9077,-2.8942,2026-06-17 13:00:00,15.2,93,10192,13.83,0.94,3.93,230.1,17557,,
TH2,62045,49.9078,-2.8937,2026-06-17 12:00:00,14.8,94.1,10190,13.75,0.8,5.06,213.9,15452,,
TH2,62047,49.9078,-2.8937,2026-06-17 12:00:00,14.8,95.3,10191,13.76,0.83,5.38,218.7,13349,,
TH2,62045,49.9078,-2.8935,2026-06-17 11:00:00,14.7,95.3,10187,13.76,0.72,3.02,225.8,16221,,
TH2,62047,49.9078,-2.8935,2026-06-17 11:00:00,14.6,95.7,10187,13.78,0.65,5.12,218.4,13591,,
TH2,62045,49.9079,-2.8934,2026-06-17 10:00:00,14.4,98.2,10183,13.68,0.71,6.14,215.9,8918,,
TH2,62047,49.9079,-2.8934,2026-06-17 10:00:00,14.5,98.3,10184,13.67,0.83,5.36,230,7632,,
TH2,62045,49.9079,-2.8933,2026-06-17 09:00:00,14.6,98.9,10179,13.65,0.71,6.09,220.5,4547,,
TH2,62047,49.9079,-2.8933,2026-06-17 09:00:00,14.6,99,10180,13.65,0.9,4.18,231,3662,,
TH2,62045,49.9077,-2.8936,2026-06-17 08:00:00,14.4,99.3,10179,13.67,0.72,6.1,219.9,187,,
TH2,62047,49.9077,-2.8936,2026-06-17 08:00:00,14.4,99.3,10180,13.67,0.82,5.44,233.4,234,,
TH2,62045,49.9074,-2.8945,2026-06-17 07:00:00,14.6,99.1,10176,13.73,0.82,4.67,217.3,971,,
TH2,62047,49.9074,-2.8945,2026-06-17 07:00:00,14.6,98.9,10177,13.73,0.84,6.12,216.1,518,,
TH2,62045,49.9072,-2.8953,2026-06-17 06:00:00,14.7,99,10173,13.75,0.98,6.56,211.3,4905,,
TH2,62047,49.9072,-2.8953,2026-06-17 06:00:00,14.6,98.8,10173,13.75,0.95,6.28,200.8,3622,,
TH2,62045,49.907,-2.8959,2026-06-17 05:00:00,14.8,99.2,10173,13.74,0.72,5.4,210.6,1788,,
TH2,62047,49.907,-2.8959,2026-06-17 05:00:00,14.8,98.9,10174,13.74,0.71,4.24,207.5,2578,,
TH2,62045,49.9069,-2.8961,2026-06-17 04:00:00,14.9,98.9,10173,13.68,0.65,5.21,203.2,1715,,
TH2,62047,49.9069,-2.8961,2026-06-17 04:00:00,14.9,98.8,10174,13.69,0.54,2.71,206.5,2253,,
TH2,62045,49.907,-2.8963,2026-06-17 03:00:00,14.9,98.9,10173,13.64,0.72,5.99,199.4,1199,,
TH2,62047,49.907,-2.8963,2026-06-17 03:00:00,14.9,99.1,10174,13.64,0.81,5.34,212.5,1804,,
TH2,62045,49.9071,-2.8962,2026-06-17 02:00:00,14.8,98.4,10176,13.64,0.72,5.76,192.9,8677,,
TH2,62047,49.9071,-2.8962,2026-06-17 02:00:00,14.7,98.8,10177,13.64,0.86,6.59,206.8,6108,,
TH2,62045,49.9075,-2.8946,2026-06-17 01:00:00,15,99.3,10177,13.68,0.77,6.06,217.3,295,,
TH2,62047,49.9076,-2.8946,2026-06-17 01:00:00,15,99.3,10178,13.68,0.73,3.15,224.2,496,,
TH2,62045,49.9078,-2.894,2026-06-17 00:00:00,14.7,99.2,10176,13.7,0.77,5.96,205.7,109,,
TH2,62047,49.9078,-2.894,2026-06-17 00:00:00,14.7,99.9,10176,13.7,0.83,5.83,222.8,177,,
TH2,62045,49.9078,-2.8936,2026-06-16 23:00:00,14.8,99,10175,13.73,0.93,4.96,229.1,611,,
TH2,62047,49.9078,-2.8936,2026-06-16 23:00:00,14.8,98.7,10176,13.74,0.83,6.31,230.6,388,,
TH2,62045,49.9079,-2.8935,2026-06-16 22:00:00,14.8,98.3,10171,13.72,0.64,4.25,241.6,4544,,
TH2,62047,49.9079,-2.8935,2026-06-16 22:00:00,14.8,98.1,10172,13.72,0.68,5.81,234,4693,,
TH2,62045,49.9079,-2.8934,2026-06-16 21:00:00,14.8,97.8,10173,13.7,0.68,2.28,239.9,5322,,
TH2,62047,49.9079,-2.8934,2026-06-16 21:00:00,14.8,97.6,10174,13.7,0.74,5.14,224.2,6271,,
TH2,62045,49.9079,-2.8934,2026-06-16 20:00:00,14.9,97.4,10170,13.72,0.7,4.28,248.3,5993,,
TH2,62047,49.9079,-2.8934,2026-06-16 20:00:00,14.9,97.3,10171,13.72,0.74,6.48,237.1,7778,,
TH2,62045,49.9076,-2.894,2026-06-16 19:00:00,14.7,96.3,10171,13.71,0.6,2.76,220,8426,,
TH2,62047,49.9076,-2.894,2026-06-16 19:00:00,14.7,96.3,10172,13.71,0.66,4.65,218.6,9623,,
TH2,62045,49.9073,-2.8949,2026-06-16 18:00:00,14.7,96.1,10170,13.76,0.6,3.44,212.4,11316,,
TH2,62047,49.9073,-2.8949,2026-06-16 18:00:00,14.6,96.1,10170,13.76,0.54,4.27,212,12173,,
TH2,62045,49.9071,-2.8955,2026-06-16 17:00:00,14.8,95.4,10170,13.74,0.66,4.82,221.8,15691,,
TH2,62047,49.9071,-2.8955,2026-06-16 17:00:00,14.7,95.5,10171,13.73,0.65,4.09,212.1,16161,,
TH2,62045,49.907,-2.8959,2026-06-16 16:00:00,14.6,95.3,10172,13.73,0.54,4.14,207.8,19662,,
TH2,62047,49.907,-2.8959,2026-06-16 16:00:00,14.8,94,10173,13.72,0.36,1.62,218.5,23618,,
TH2,62045,49.907,-2.896,2026-06-16 15:00:00,14.6,94.9,10174,13.84,0.47,3.72,201.3,19164,,
TH2,62047,49.907,-2.896,2026-06-16 15:00:00,15,92.7,10175,13.88,0.44,2.2,208.7,22288,,
TH2,62045,49.907,-2.896,2026-06-16 14:00:00,14.4,95.8,10175,13.81,0.58,4.68,201,20849,,
TH2,62047,49.907,-2.896,2026-06-16 14:00:00,14.8,93.5,10176,13.8,0.64,4,214.2,24158,,
TH2,62045,49.9074,-2.8949,2026-06-16 13:00:00,14.1,97,10175,13.8,0.55,4.47,202.4,16728,,
TH2,62047,49.9074,-2.8949,2026-06-16 13:00:00,14.5,95.3,10176,13.79,0.55,3.73,215.4,23286,,
TH2,62045,49.9077,-2.8942,2026-06-16 12:00:00,14.1,96.2,10172,13.8,0.65,5,227,26644,,
TH2,62047,49.9077,-2.8942,2026-06-16 12:00:00,14.3,95.8,10173,13.8,0.67,2.79,234,37176,,
TH2,62045,49.9078,-2.6871,2026-06-16 11:00:00,14,97.5,10168,13.74,0.73,5.1,217.3,4798,,
TH2,62047,49.9078,-2.8938,2026-06-16 11:00:00,14,97.6,10169,13.74,0.67,5.32,227.7,10575,,
TH2,62045,49.9078,-2.8936,2026-06-16 10:00:00,13.9,97.9,10162,13.67,0.58,3.76,235.3,32886,,
TH2,62047,49.9078,-2.8937,2026-06-16 10:00:00,13.9,97.6,10162,13.67,0.64,4.78,230.9,30503,,
TH2,62045,49.9078,-2.8936,2026-06-16 09:00:00,14.1,95.4,10158,13.6,0.5,2.53,234.4,22093,,
TH2,62047,49.9078,-2.8936,2026-06-16 09:00:00,14,95.5,10159,13.59,0.59,4.77,221.8,24034,,
TH2,62045,49.9078,-2.8936,2026-06-16 08:00:00,14,95.5,10155,13.63,0.46,3.2,248,22332,,
TH2,62047,49.9078,-2.8936,2026-06-16 08:00:00,13.9,95.8,10156,13.63,0.49,3.92,251,23683,,
TH2,62045,49.9076,-2.8939,2026-06-16 07:00:00,13.8,96.1,10151,13.63,0.63,4.1,253.2,17082,,
TH2,62047,49.9076,-2.8939,2026-06-16 07:00:00,13.7,96.6,10152,13.63,0.65,5,261.2,19795,,
TH2,62045,49.9074,-2.8946,2026-06-16 06:00:00,13.6,98.5,10147,13.68,0.61,4.16,267.1,7624,,
TH2,62047,49.9074,-2.8947,2026-06-16 06:00:00,13.6,98.5,10148,13.68,0.55,4.19,277.2,6010,,
TH2,62045,49.9071,-2.8952,2026-06-16 05:00:00,13.6,98.3,10145,13.67,0.81,4.77,278.2,2811,,
TH2,62047,49.9071,-2.8953,2026-06-16 05:00:00,13.6,97.8,10145,13.67,0.81,5.53,281.8,2275,,
TH2,62045,49.907,-2.8958,2026-06-16 04:00:00,13.8,96,10145,13.66,0.83,6.43,287.2,7020,,
TH2,62047,49.907,-2.8958,2026-06-16 04:00:00,13.8,96,10145,13.66,0.87,6.46,269.3,11000,,
TH2,62045,49.9069,-2.896,2026-06-16 03:00:00,13.9,94.5,10143,13.63,0.69,5.42,305.5,17074,,
TH2,62047,49.9069,-2.896,2026-06-16 03:00:00,13.9,94.4,10144,13.63,0.79,5.99,290.1,22680,,
TH2,62045,49.907,-2.8962,2026-06-16 02:00:00,14,93.7,10143,13.6,0.62,4.9,291.9,16787,,
TH2,62047,49.907,-2.8962,2026-06-16 02:00:00,14,93.7,10144,13.6,0.64,3.84,286.2,21416,,
TH2,62045,49.9071,-2.896,2026-06-16 01:00:00,14.1,92.1,10145,13.59,0.72,5.68,294.4,19181,,
TH2,62047,49.9071,-2.896,2026-06-16 01:00:00,14,92.1,10146,13.59,0.71,4.49,288.7,23737,,
TH2,62045,49.9075,-2.8946,2026-06-16 00:00:00,14,93.3,10140,13.59,0.64,4.67,278,14920,,
TH2,62047,49.9075,-2.8946,2026-06-16 00:00:00,14,93.7,10141,13.59,0.6,3.87,271.3,17661,,
TH2,62045,49.9077,-2.8939,2026-06-15 23:00:00,14.1,93,10139,13.58,0.71,5.3,279.2,15641,,
TH2,62047,49.9077,-2.8939,2026-06-15 23:00:00,14.1,93,10140,13.58,0.76,4.84,266.7,19460,,
TH2,62045,49.9078,-2.8935,2026-06-15 22:00:00,14.2,90.5,10135,13.57,0.93,7.71,276.5,23974,,
TH2,62047,49.9077,-2.8935,2026-06-15 22:00:00,14.2,90.8,10135,13.57,0.95,7.25,289.2,27859,,
TH2,62045,49.9078,-2.8934,2026-06-15 21:00:00,14.3,89.3,10130,13.57,1.23,9.75,278.1,26229,,
TH2,62047,49.9078,-2.8934,2026-06-15 21:00:00,14.2,89.8,10131,13.57,1.08,8.8,287.8,31624,,
TH2,62045,49.9079,-2.8933,2026-06-15 20:00:00,14.1,91.4,10125,13.63,1.09,8.5,264.7,15092,,
TH2,62047,49.9079,-2.8933,2026-06-15 20:00:00,14.1,91.5,10126,13.62,0.97,8.02,275.2,17517,,
TH2,62045,49.9078,-2.8933,2026-06-15 19:00:00,14.2,91.1,10122,13.65,1.14,7.58,259.7,13053,,
TH2,62047,49.9078,-2.8933,2026-06-15 19:00:00,14.2,91.1,10123,13.65,0.99,8.03,270.5,16959,,
TH2,62045,49.9075,-2.8939,2026-06-15 18:00:00,14.2,88.8,10121,13.71,1.08,7.17,260.7,15289,,
TH2,62047,49.9075,-2.8939,2026-06-15 18:00:00,14.2,89,10122,13.7,0.98,7.97,269.5,18918,,
TH2,62045,49.9072,-2.8947,2026-06-15 17:00:00,14.2,87.7,10122,13.73,1.02,6.32,263,20640,,
TH2,62047,49.9072,-2.8947,2026-06-15 17:00:00,14.2,88.4,10123,13.74,1.07,7.82,267.9,25737,,
TH2,62045,49.907,-2.8954,2026-06-15 16:00:00,14.5,87.7,10127,13.7,1.05,7.59,268,16524,,
TH2,62047,49.907,-2.8954,2026-06-15 16:00:00,14.3,88.9,10128,13.69,1,7.2,255,18756,,
TH2,62045,49.9069,-2.8958,2026-06-15 15:00:00,14.5,88.3,10130,13.66,0.86,6.39,253.5,19356,,
TH2,62047,49.9069,-2.8958,2026-06-15 15:00:00,14.4,88.7,10132,13.66,0.89,5.37,246.8,23330,,
TH2,62045,49.9069,-2.896,2026-06-15 14:00:00,14.3,90.4,10132,13.68,0.87,5.6,243.8,17239,,
TH2,62047,49.9069,-2.896,2026-06-15 14:00:00,14.6,89,10133,13.69,0.92,4.26,245.6,20550,,
TH2,62045,49.9069,-2.896,2026-06-15 13:00:00,14.2,92.4,10134,13.67,0.59,4.77,238.8,22087,,
TH2,62047,49.9069,-2.896,2026-06-15 13:00:00,14.4,91.1,10135,13.67,0.5,2.78,248.5,26053,,
TH2,62045,49.9072,-2.8953,2026-06-15 12:00:00,14.2,92,10134,13.66,0.64,5.09,256.2,34016,,
TH2,62047,49.9072,-2.8953,2026-06-15 12:00:00,14.3,91.7,10135,13.66,0.64,4.46,253.9,45806,,
TH2,62045,49.9075,-2.8947,2026-06-15 11:00:00,13.9,94.8,10133,13.62,0.7,5.02,262.1,21822,,
TH2,62047,49.9075,-2.8947,2026-06-15 11:00:00,13.8,95.6,10134,13.63,0.73,4.36,256.3,26897,,
TH2,62045,49.9076,-2.8943,2026-06-15 10:00:00,13.6,96.9,10130,13.61,0.83,6.97,236.4,14453,,
TH2,62047,49.9076,-2.8943,2026-06-15 10:00:00,13.6,97.5,10131,13.61,0.85,6.5,250.7,34708,,
TH2,62045,49.9076,-2.8941,2026-06-15 09:00:00,14,98.5,10129,13.57,0.72,5.49,246.3,1076,,
TH2,62047,49.9076,-2.8941,2026-06-15 09:00:00,14,98,10130,13.56,0.66,5.26,257.3,511,,
TH2,62045,49.9077,-2.894,2026-06-15 08:00:00,14.9,89.3,10123,13.59,0.7,3.76,203.6,17283,,
TH2,62047,49.9077,-2.8941,2026-06-15 08:00:00,14.8,89.4,10124,13.6,0.62,5.1,201.7,18264,,
TH2,62045,49.9076,-2.8941,2026-06-15 07:00:00,15,88.2,10121,13.58,0.58,4.89,160.8,17838,,
TH2,62047,49.9076,-2.8941,2026-06-15 07:00:00,14.6,90.3,10121,13.58,0.56,4.67,140.9,20854,,
TH2,62045,49.9075,-2.8943,2026-06-15 06:00:00,15.1,85.7,10126,13.6,0.58,4.98,143.8,22879,,
TH2,62047,49.9075,-2.8943,2026-06-15 06:00:00,14.9,86.7,10126,13.6,0.64,5.4,123.1,27835,,
TH2,62045,49.9072,-2.8948,2026-06-15 05:00:00,14.4,88.1,10127,13.62,0.51,3.51,115.2,20511,,
TH2,62047,49.9072,-2.8949,2026-06-15 05:00:00,14.4,88.1,10128,13.62,0.54,3.25,103.8,26174,,
TH2,62045,49.9071,-2.8955,2026-06-15 04:00:00,14.6,85.6,10129,13.62,0.93,6.86,110.7,22295,,
TH2,62047,49.9071,-2.8955,2026-06-15 04:00:00,14.6,85.3,10131,13.62,0.94,6.37,115.1,27210,,
TH2,62045,49.907,-2.8958,2026-06-15 03:00:00,14.5,85.6,10134,13.6,1.07,9.16,95.4,21946,,
TH2,62047,49.907,-2.8958,2026-06-15 03:00:00,14.5,85.9,10135,13.6,0.97,8.31,109.1,26675,,
TH2,62045,49.9069,-2.8959,2026-06-15 02:00:00,14.4,85.2,10139,13.58,1.09,9.31,89.9,23400,,
TH2,62047,49.9069,-2.8959,2026-06-15 02:00:00,14.4,85.3,10140,13.58,0.96,8.34,102.8,28918,,
TH2,62045,49.9069,-2.896,2026-06-15 01:00:00,14.4,82.7,10150,13.58,1.04,8.9,97.3,25985,,
TH2,62047,49.9069,-2.896,2026-06-15 01:00:00,14.4,82.9,10151,13.59,0.93,7.97,110.3,32332,,
TH2,62045,49.907,-2.8959,2026-06-15 00:00:00,14.5,80.9,10156,13.76,0.95,8.13,90.5,27738,,
TH2,62047,49.907,-2.8959,2026-06-15 00:00:00,14.5,81.1,10157,13.75,0.85,7.29,104.3,34120,,
TH2,62045,49.9073,-2.8951,2026-06-14 23:00:00,14.6,79.5,10162,13.78,0.9,7.76,101.7,30733,,
TH2,62047,49.9073,-2.8951,2026-06-14 23:00:00,14.6,79.9,10163,13.78,0.81,6.96,114.1,40192,,
TH2,62045,49.9075,-2.8946,2026-06-14 22:00:00,14.8,77.8,10166,13.81,0.76,5.89,89.4,35540,,
TH2,62047,49.9075,-2.8946,2026-06-14 22:00:00,14.7,78.1,10167,13.8,0.8,6.15,102.1,48274,,
TH2,62045,49.9076,-2.8943,2026-06-14 21:00:00,14.7,80.9,10169,13.83,0.64,5.38,101,31538,,
TH2,62047,49.9076,-2.8943,2026-06-14 21:00:00,14.8,80.4,10170,13.83,0.72,6.01,85.8,45456,,
TH2,62045,49.9076,-2.8941,2026-06-14 20:00:00,14.7,80,10168,13.86,0.61,5.17,98.1,31769,,
TH2,62047,49.9076,-2.8941,2026-06-14 20:00:00,14.7,80,10169,13.86,0.71,4.65,89.7,44313,,
TH2,62045,49.9076,-2.8941,2026-06-14 19:00:00,15.2,74.5,10169,13.84,0.65,5.58,97.3,9680,,
TH2,62047,49.9076,-2.8941,2026-06-14 19:00:00,15,75.5,10170,13.85,0.62,3.77,90.6,48757,,
TH2,62045,49.9076,-2.8941,2026-06-14 18:00:00,15.1,80.3,10172,13.86,0.61,5.16,98.5,24684,,
TH2,62047,49.9076,-2.8941,2026-06-14 18:00:00,14.7,81.9,10174,13.86,0.57,3.33,92.6,38913,,
TH2,62045,49.9074,-2.8946,2026-06-14 17:00:00,15,82.6,10179,13.91,0.56,4.66,96.5,25034,,
TH2,62047,49.9074,-2.8946,2026-06-14 17:00:00,14.5,85,10181,13.91,0.55,3.54,89.5,35905,,
TH2,62045,49.9071,-2.8951,2026-06-14 16:00:00,14.8,83.9,10186,13.83,0.63,5.2,95.1,28141,,
TH2,62047,49.9071,-2.8951,2026-06-14 16:00:00,14.3,86.6,10187,13.86,0.68,5.54,82.2,32654,,
TH2,62045,49.907,-2.8955,2026-06-14 15:00:00,14.2,87.4,10191,13.82,0.77,6.37,71.6,25151,,
TH2,62047,49.907,-2.8955,2026-06-14 15:00:00,14.2,87.6,10192,13.84,0.68,5.76,83.6,36626,,
TH2,62045,49.9069,-2.8956,2026-06-14 14:00:00,14.2,87.8,10195,13.83,0.64,4.7,62.7,26009,,
TH2,62047,49.9069,-2.8956,2026-06-14 14:00:00,14.2,88,10196,13.86,0.56,4.77,78,34115,,
TH2,62045,49.9069,-2.8958,2026-06-14 13:00:00,14.3,86.1,10200,13.99,0.56,4.5,65.3,25670,,
TH2,62047,49.9069,-2.8958,2026-06-14 13:00:00,14.2,86.5,10200,14.09,0.57,5,80.8,33371,,
TH2,62045,49.9069,-2.8958,2026-06-14 12:00:00,14.2,86.3,10203,13.9,0.57,4.43,67.5,24575,,
TH2,62047,49.9069,-2.8958,2026-06-14 12:00:00,14.2,86.6,10204,13.93,0.55,4.79,83.4,31298,,
TH2,62045,49.9071,-2.8953,2026-06-14 11:00:00,14.1,86.8,10209,13.83,0.56,4.51,78.2,26196,,
TH2,62047,49.9072,-2.8953,2026-06-14 11:00:00,14.1,86.8,10209,13.86,0.5,4.28,94,32688,,
TH2,62045,49.9073,-2.8948,2026-06-14 10:00:00,14.2,83.2,10210,13.66,0.54,3.78,70.3,35287,,
TH2,62047,49.9073,-2.8948,2026-06-14 10:00:00,14.2,83.2,10211,13.66,0.53,4.26,83.2,36056,,
TH2,62045,49.9075,-2.8945,2026-06-14 09:00:00,14.5,80.6,10209,13.55,0.75,5.7,81.4,29206,,
TH2,62047,49.9075,-2.8945,2026-06-14 09:00:00,14.3,82.1,10210,13.55,0.67,5.16,73.3,38432,,
TH2,62045,49.9075,-2.8942,2026-06-14 08:00:00,14.7,80.6,10210,13.51,0.58,4.53,103.2,28321,,
TH2,62047,49.9075,-2.8943,2026-06-14 08:00:00,14.2,83.2,10212,13.52,0.65,4.56,91.1,16485,,
TH2,62045,49.9075,-2.8941,2026-06-14 07:00:00,14.7,83.2,10210,13.49,0.53,4.07,101.6,24891,,
TH2,62047,49.9075,-2.8942,2026-06-14 07:00:00,14.1,85.6,10211,13.49,0.5,3.18,93.2,33376,,
TH2,62045,49.9075,-2.8941,2026-06-14 06:00:00,14.2,85.8,10210,13.45,0.49,3.88,86.8,23762,,
TH2,62047,49.9075,-2.8941,2026-06-14 06:00:00,14.1,86.3,10211,13.45,0.53,3.37,77.4,28383,,
TH2,62045,49.9074,-2.8943,2026-06-14 05:00:00,13.8,90,10209,13.49,0.47,3.45,73.1,19018,,
TH2,62047,49.9074,-2.8944,2026-06-14 05:00:00,13.9,90.1,10210,13.49,0.46,2.8,69.1,23984,,
TH2,62045,49.9072,-2.8948,2026-06-14 04:00:00,13.8,89,10210,13.51,0.56,4.11,63.3,21215,,
TH2,62047,49.9071,-2.8948,2026-06-14 04:00:00,13.7,89.6,10211,13.51,0.54,2.54,65.9,24852,,
TH2,62045,49.907,-2.8953,2026-06-14 03:00:00,14,86.4,10213,13.52,0.61,4.29,50.8,29099,,
TH2,62047,49.907,-2.8953,2026-06-14 03:00:00,13.9,87.6,10214,13.52,0.65,3.99,58,38317,,
TH2,62045,49.9069,-2.8956,2026-06-14 02:00:00,13.9,91.3,10216,13.51,0.37,1.95,34.7,19033,,
TH2,62047,49.9069,-2.8956,2026-06-14 02:00:00,13.8,91.4,10217,13.5,0.49,3.52,28.8,24775,,
TH2,62045,49.9069,-2.8957,2026-06-14 01:00:00,14,88.7,10221,13.49,0.62,4.66,17.9,21092,,
TH2,62047,49.9069,-2.8957,2026-06-14 01:00:00,14,88.7,10222,13.49,0.53,4.2,16.2,27844,,
TH2,62045,49.9069,-2.8957,2026-06-14 00:00:00,14.5,82.1,10227,13.73,0.64,5.26,14,27984,,
TH2,62047,49.9069,-2.8957,2026-06-14 00:00:00,14.5,81.9,10227,13.76,0.53,4,7.2,41216,,
TH2,62045,49.9071,-2.8953,2026-06-13 23:00:00,14.2,90.1,10229,13.88,0.35,2.74,345.3,14878,,
TH2,62047,49.9071,-2.8953,2026-06-13 23:00:00,14.3,89.4,10229,13.89,0.34,2.47,331.7,19524,,
TH2,62045,49.9075,-2.8944,2026-06-13 22:00:00,14.5,89.7,10230,13.85,0.56,4.56,324,13526,,
TH2,62047,49.9075,-2.8944,2026-06-13 22:00:00,14.5,89.3,10230,13.84,0.57,4.62,306.1,16386,,
TH2,62045,49.9077,-2.8938,2026-06-13 21:00:00,14.5,90,10226,14,0.59,3.05,281.4,13988,,
TH2,62047,49.9077,-2.8938,2026-06-13 21:00:00,14.5,90,10226,13.98,0.59,3.61,276.9,17710,,
TH2,62045,49.9078,-2.8936,2026-06-13 20:00:00,14.5,89.9,10222,14.04,0.56,3.27,254.9,16315,,
TH2,62047,49.9078,-2.8936,2026-06-13 20:00:00,14.5,90,10223,14.05,0.53,3.52,262.5,19415,,
TH2,62045,49.9078,-2.8935,2026-06-13 19:00:00,14.5,89.6,10221,14.08,0.64,4.37,247.8,10290,,
TH2,62047,49.9078,-2.8935,2026-06-13 19:00:00,14.5,89.7,10221,14.08,0.61,4.6,258,19768,,
TH2,62045,49.9078,-2.8934,2026-06-13 18:00:00,14.3,91.6,10223,14.14,0.6,3.63,249.7,14529,,
TH2,62047,49.9078,-2.8934,2026-06-13 18:00:00,14.4,91.5,10224,14.15,0.62,4.08,258.7,17499,,
TH2,62045,49.9078,-2.8936,2026-06-13 17:00:00,14.3,90.4,10228,14.17,0.44,2.77,247.7,16474,,
TH2,62047,49.9078,-2.8936,2026-06-13 17:00:00,14.3,90.5,10229,14.19,0.54,3.73,242,18273,,
TH2,62045,49.9076,-2.894,2026-06-13 16:00:00,14.2,90.1,10232,14.02,0.59,3.18,255.4,15353,,
TH2,62047,49.9075,-2.894,2026-06-13 16:00:00,14.1,90.4,10233,14.02,0.59,3.73,261.5,18700,,
TH2,62045,49.9073,-2.8947,2026-06-13 15:00:00,14,90,10236,13.91,0.8,4.45,245.7,17577,,
TH2,62047,49.9073,-2.8947,2026-06-13 15:00:00,14,90.5,10237,13.91,0.75,4.87,253.1,20130,,
TH2,62045,49.9072,-2.8951,2026-06-13 14:00:00,14.2,87.9,10243,13.86,0.74,5.25,250.2,17477,,
TH2,62047,49.9072,-2.8951,2026-06-13 14:00:00,13.8,89.6,10244,13.86,0.69,4.9,238.1,19800,,
TH2,62045,49.9071,-2.8953,2026-06-13 13:00:00,14,87.6,10248,13.78,0.56,4.27,258,15620,,
TH2,62047,49.9071,-2.8953,2026-06-13 13:00:00,13.8,89.1,10249,13.8,0.55,3.35,249.9,19072,,
TH2,62045,49.9071,-2.8954,2026-06-13 12:00:00,14.1,87.1,10249,13.63,0.67,5.37,274.7,16548,,
TH2,62047,49.9071,-2.8954,2026-06-13 12:00:00,13.7,89.4,10251,13.61,0.68,3.84,268.8,19459,,
TH2,62045,49.9072,-2.8953,2026-06-13 11:00:00,13.9,88.2,10253,13.62,0.75,5.26,272.5,15287,,
TH2,62047,49.9072,-2.8953,2026-06-13 11:00:00,13.7,89.5,10254,13.62,0.75,4.11,264.5,18623,,
TH2,62045,49.9075,-2.8945,2026-06-13 10:00:00,13.8,86.6,10251,13.56,0.8,5.97,279.3,14580,,
TH2,62047,49.9075,-2.8945,2026-06-13 10:00:00,13.6,88,10252,13.57,0.83,4.93,272.1,19140,,
TH2,62045,49.9077,-2.8939,2026-06-13 09:00:00,13.7,86.6,10251,13.47,0.8,5.11,281.6,17749,,
TH2,62047,49.9077,-2.8939,2026-06-13 09:00:00,13.7,87.5,10252,13.48,0.79,4.6,278.4,21123,,
TH2,62045,49.9078,-2.8936,2026-06-13 08:00:00,13.6,87.2,10250,13.42,0.73,4.74,265.9,18165,,
TH2,62047,49.9078,-2.8936,2026-06-13 08:00:00,13.6,88.3,10251,13.42,0.82,5.01,271.3,24161,,
TH2,62045,49.9078,-2.8935,2026-06-13 07:00:00,13.4,87.5,10246,13.41,0.98,7.56,271.9,20750,,
TH2,62047,49.9078,-2.8935,2026-06-13 07:00:00,13.4,87.6,10247,13.41,0.94,7.02,281.9,26963,,
TH2,62045,49.9078,-2.8934,2026-06-13 06:00:00,13.3,87.1,10246,13.39,0.8,6,274,22146,,
TH2,62047,49.9078,-2.8934,2026-06-13 06:00:00,13.3,87.4,10247,13.39,0.78,5.5,284.2,28091,,
TH2,62045,49.9078,-2.8934,2026-06-13 05:00:00,13.3,86.5,10243,13.38,1.08,8.38,281.8,30507,,
TH2,62047,49.9078,-2.8934,2026-06-13 05:00:00,13.3,87.1,10244,13.38,1.05,7.68,291.5,36225,,
TH2,62045,49.9077,-2.8937,2026-06-13 04:00:00,13.3,91,10244,13.4,1.06,6.86,267.4,25680,,
TH2,62047,49.9077,-2.8937,2026-06-13 04:00:00,13.3,91.2,10245,13.39,1.01,7.23,275.3,40336,,
TH2,62045,49.9074,-2.8945,2026-06-13 03:00:00,13,91.9,10246,13.42,1.06,6.31,268.6,32611,,
TH2,62047,49.9074,-2.8945,2026-06-13 03:00:00,12.9,92.5,10247,13.42,1.07,7.09,274.7,46833,,
TH2,62045,49.9073,-2.895,2026-06-13 02:00:00,12.8,96.6,10248,13.44,1.17,8.66,275.3,11819,,
TH2,62047,49.9073,-2.895,2026-06-13 02:00:00,12.8,97.5,10248,13.44,1.17,8.64,275,12418,,
TH2,62045,49.9071,-2.8956,2026-06-13 01:00:00,12.8,98,10252,13.42,1.3,8.57,271.6,8353,,
TH2,62047,49.9071,-2.8956,2026-06-13 01:00:00,12.8,98.3,10253,13.42,1.23,8.27,266.6,9191,,
TH2,62045,49.9072,-2.8958,2026-06-13 00:00:00,13,97.9,10253,13.41,1.09,6.05,264.1,5831,,
TH2,62047,49.9072,-2.8958,2026-06-13 00:00:00,13,98,10253,13.41,1.17,7.39,268.4,1175,,
TH2,62045,49.9072,-2.8958,2026-06-12 23:00:00,13,98.2,10257,13.42,1.16,5.82,264.8,7414,,
TH2,62047,49.9072,-2.8958,2026-06-12 23:00:00,12.9,98.4,10257,13.42,1.15,7.82,265.3,3173,,
TH2,62045,49.9075,-2.8951,2026-06-12 22:00:00,13.2,98.1,10257,13.41,1.15,7.83,266.1,3105,,
TH2,62047,49.9075,-2.8951,2026-06-12 22:00:00,13.2,98.6,10258,13.41,1.19,7.34,259.4,3688,,
TH2,62045,49.9078,-2.8942,2026-06-12 21:00:00,13.3,98.1,10258,13.41,1.23,8.41,261,6036,,
TH2,62047,49.9078,-2.8942,2026-06-12 21:00:00,13.3,97.9,10258,13.41,1.28,8.14,252.1,4152,,
TH2,62045,49.9079,-2.8935,2026-06-12 20:00:00,13.4,96.1,10249,13.42,1.45,10.35,257.2,9990,,
TH2,62047,49.9079,-2.8935,2026-06-12 20:00:00,13.4,96.4,10250,13.42,1.41,9.35,263.3,9429,,
TH2,62045,49.908,-2.8934,2026-06-12 19:00:00,13.4,96.7,10249,13.43,1.36,9.08,252.9,10494,,
TH2,62047,49.908,-2.8934,2026-06-12 19:00:00,13.4,96.8,10249,13.43,1.41,9.53,261.6,10036,,
TH2,62045,49.908,-2.8933,2026-06-12 18:00:00,13.7,94.8,10244,13.48,1.29,8.74,254.5,12231,,
TH2,62047,49.908,-2.8933,2026-06-12 18:00:00,13.8,94.8,10245,13.48,1.38,6.93,259.8,6513,,
TH2,62045,49.908,-2.8933,2026-06-12 17:00:00,13.8,94.7,10248,13.49,1.09,6.22,254.1,10702,,
TH2,62047,49.908,-2.8933,2026-06-12 17:00:00,13.8,94.8,10248,13.49,1.17,7.87,258.3,10048,,
TH2,62045,49.9079,-2.8933,2026-06-12 16:00:00,13.8,93.6,10249,13.46,1.03,5.9,255.8,11053,,
TH2,62047,49.9079,-2.8933,2026-06-12 16:00:00,13.8,93.7,10250,13.45,1.05,6.81,257.4,9440,,
TH2,62045,49.9079,-2.8934,2026-06-12 15:00:00,13.7,93.5,10252,13.49,1.08,6.21,251.9,14381,,
TH2,62047,49.9079,-2.8934,2026-06-12 15:00:00,13.7,93.3,10252,13.49,1.22,6.64,257.8,12986,,
TH2,62045,49.9077,-2.8942,2026-06-12 14:00:00,13.7,94.1,10251,13.49,1.23,7.91,256.3,16764,,
TH2,62047,49.9077,-2.8942,2026-06-12 14:00:00,13.6,94.4,10252,13.48,1.32,7.83,263,14224,,
TH2,62045,49.9075,-2.8946,2026-06-12 13:00:00,13.8,94.3,10251,13.47,1.31,8.75,250,12628,,
TH2,62047,49.9075,-2.8946,2026-06-12 13:00:00,13.6,94.5,10251,13.47,1.42,8.85,242.6,11054,,
TH2,62045,49.9074,-2.8951,2026-06-12 12:00:00,13.7,92.7,10248,13.46,1.42,9.55,265.2,14197,,
TH2,62047,49.9074,-2.8951,2026-06-12 12:00:00,13.6,93.9,10249,13.46,1.42,9.4,256.4,12253,,
TH2,62045,49.9074,-2.8952,2026-06-12 11:00:00,13.5,95.4,10250,13.42,1.39,8.64,260.9,5322,,
TH2,62047,49.9074,-2.8952,2026-06-12 11:00:00,13.4,95.2,10250,13.42,1.39,8.55,255.3,6348,,
TH2,62045,49.9076,-2.8951,2026-06-12 10:00:00,13.4,95.7,10248,13.38,1.34,7.47,254.9,5919,,
TH2,62047,49.9076,-2.8951,2026-06-12 10:00:00,13.3,95.4,10249,13.38,1.22,7.73,250.4,5046,,
TH2,62045,49.9078,-2.8944,2026-06-12 09:00:00,13.5,94.4,10248,13.36,1.39,9.34,256.9,12085,,
TH2,62047,49.9078,-2.8944,2026-06-12 09:00:00,13.4,94.5,10248,13.36,1.41,8.54,249.8,11249,,
TH2,62045,49.908,-2.8936,2026-06-12 08:00:00,13.4,94,10243,13.36,1.42,9.97,257,21770,,
TH2,62047,49.908,-2.8936,2026-06-12 08:00:00,13.3,94.5,10243,13.36,1.44,9.66,256.2,16479,,
TH2,62045,49.908,-2.8934,2026-06-12 07:00:00,13.3,96.3,10241,13.35,1.33,8.39,255.6,12387,,
TH2,62047,49.908,-2.8934,2026-06-12 07:00:00,13.3,96.6,10242,13.35,1.57,9.37,260.1,9657,,
TH2,62045,49.908,-2.8934,2026-06-12 06:00:00,13.1,95.4,10236,13.34,1.44,9.38,254.4,7520,,
TH2,62047,49.908,-2.8934,2026-06-12 06:00:00,13.2,95.5,10237,13.34,1.4,7.49,259,8546,,
TH2,62045,49.908,-2.8933,2026-06-12 05:00:00,13.5,94.4,10230,13.35,1.25,7.9,257,12576,,
TH2,62047,49.908,-2.8934,2026-06-12 05:00:00,13.5,94.7,10231,13.35,1.29,8.99,262.4,12863,,
TH2,62045,49.908,-2.8933,2026-06-12 04:00:00,13.6,95.5,10228,13.36,1.31,7.58,254.3,10831,,
TH2,62047,49.908,-2.8933,2026-06-12 04:00:00,13.5,96.5,10229,13.36,1.2,8.24,259.9,11924,,
TH2,62045,49.9079,-2.8933,2026-06-12 03:00:00,13.7,96.9,10228,13.39,1.27,7.64,261.5,6604,,
TH2,62047,49.9079,-2.8933,2026-06-12 03:00:00,13.7,96.8,10229,13.39,1.44,8.51,266.3,3922,,
TH2,62045,49.9079,-2.8935,2026-06-12 02:00:00,13.8,96.3,10225,13.43,1.45,9.14,253.3,5113,,
TH2,62047,49.9079,-2.8935,2026-06-12 02:00:00,13.8,96.4,10225,13.43,1.51,10.36,255.9,5291,,
TH2,62045,49.9077,-2.8942,2026-06-12 01:00:00,13.8,95.5,10223,13.44,1.52,10.14,256.2,8139,,
TH2,62047,49.9077,-2.8942,2026-06-12 01:00:00,13.8,95.7,10224,13.44,1.58,9.94,256.3,7133,,
TH2,62045,49.9075,-2.8947,2026-06-12 00:00:00,13.9,95.3,10225,13.43,1.47,10.45,249.5,6987,,
TH2,62047,49.9075,-2.8947,2026-06-12 00:00:00,13.8,95.2,10226,13.43,1.37,9.58,242.6,5794,,
TH2,62045,49.9075,-2.895,2026-06-11 23:00:00,13.8,96,10228,13.4,1.43,8.25,261.4,6183,,
TH2,62047,49.9075,-2.895,2026-06-11 23:00:00,13.8,96.3,10230,13.4,1.19,7.4,255.1,5828,,
TH2,62045,49.9075,-2.895,2026-06-11 22:00:00,13.8,96.6,10228,13.37,1.41,8.42,265.2,3425,,
TH2,62047,49.9075,-2.895,2026-06-11 22:00:00,13.8,96.6,10230,13.37,1.32,8.08,261.1,3559,,
TH2,62045,49.9077,-2.8947,2026-06-11 21:00:00,14,95.2,10226,13.36,1.29,8.71,266,7340,,
TH2,62047,49.9077,-2.8947,2026-06-11 21:00:00,13.9,95.7,10228,13.36,1.38,8.12,260.7,6016,,
TH2,62045,49.9079,-2.8939,2026-06-11 20:00:00,14,96.2,10221,13.35,1.52,10.34,254.4,5760,,
TH2,62047,49.9079,-2.8939,2026-06-11 20:00:00,14,96,10221,13.35,1.43,9.42,252.9,4896,,
TH2,62045,49.908,-2.8935,2026-06-11 19:00:00,14,95.6,10215,13.34,1.57,10.9,254.4,6533,,
TH2,62047,49.908,-2.8935,2026-06-11 19:00:00,14,95.7,10216,13.34,1.48,10.16,257.6,5393,,
TH2,62045,49.908,-2.8934,2026-06-11 18:00:00,14.1,95.5,10213,13.35,1.57,9.5,252.9,5488,,
TH2,62047,49.908,-2.8934,2026-06-11 18:00:00,14.1,95.2,10214,13.35,1.52,10.04,259.5,4098,,
TH2,62045,49.908,-2.8934,2026-06-11 17:00:00,14.2,95.2,10208,13.36,1.47,9.38,248.1,6116,,
TH2,62047,49.908,-2.8934,2026-06-11 17:00:00,14.2,96,10210,13.36,1.63,9.69,252.5,4185,,
TH2,62045,49.9081,-2.8933,2026-06-11 16:00:00,14.1,96,10207,13.37,1.62,8.06,249.6,4140,,
TH2,62047,49.9081,-2.8933,2026-06-11 16:00:00,14.1,96.1,10208,13.37,1.57,10.9,248.4,4002,,
TH2,62045,49.908,-2.8933,2026-06-11 15:00:00,14,95.9,10206,13.4,1.6,8.48,246.3,3427,,
TH2,62047,49.908,-2.8933,2026-06-11 15:00:00,14,95.6,10206,13.4,1.64,10.15,247.2,1841,,
TH2,62045,49.908,-2.8933,2026-06-11 14:00:00,13.8,95.1,10208,13.43,1.69,9.83,232.9,5775,,
TH2,62047,49.908,-2.8933,2026-06-11 14:00:00,13.8,95,10208,13.43,1.68,11.56,235.4,4036,,
TH2,62045,49.9078,-2.8935,2026-06-11 13:00:00,13.5,95.1,10209,13.46,1.77,11.64,230.1,5496,,
TH2,62047,49.9078,-2.8935,2026-06-11 13:00:00,13.5,95,10209,13.45,1.88,12.57,233.2,3884,,
TH2,62045,49.9076,-2.8942,2026-06-11 12:00:00,13.1,96.6,10216,13.45,1.47,10.3,226,1925,,
TH2,62047,49.9076,-2.8942,2026-06-11 12:00:00,13.2,95.8,10216,13.45,1.45,10.24,223.8,2745,,
TH2,62045,49.9075,-2.8947,2026-06-11 11:00:00,13.2,93.2,10219,13.44,1.4,9.61,215.8,6186,,
TH2,62047,49.9075,-2.8947,2026-06-11 11:00:00,13.2,92.1,10220,13.44,1.45,7.93,212.9,2527,,
TH2,62045,49.9075,-2.8948,2026-06-11 10:00:00,13.7,86,10222,13.4,1.37,9.1,227.9,15045,,
TH2,62047,49.9075,-2.8948,2026-06-11 10:00:00,13.7,86.3,10223,13.4,1.27,6.09,229.1,14206,,
TH2,62045,49.9076,-2.8945,2026-06-11 09:00:00,13.6,86.1,10226,13.37,1.07,7.64,227.5,16469,,
TH2,62047,49.9076,-2.8945,2026-06-11 09:00:00,13.7,86,10227,13.37,0.91,4.15,235.4,16182,,
TH2,62045,49.9077,-2.8942,2026-06-11 08:00:00,13.5,86.1,10226,13.35,0.98,7.01,232.2,11143,,
TH2,62047,49.9078,-2.8942,2026-06-11 08:00:00,13.5,86.2,10227,13.35,1.01,5.03,232.6,9990,,
TH2,62045,49.9079,-2.8937,2026-06-11 07:00:00,13.3,83.7,10227,13.34,1.09,7.44,243.8,19962,,
TH2,62047,49.9079,-2.8937,2026-06-11 07:00:00,13.3,83.7,10227,13.34,1.03,6.93,235.5,21976,,
TH2,62045,49.9079,-2.8935,2026-06-11 06:00:00,13.2,84.2,10222,13.33,0.9,6.21,247.4,22314,,
TH2,62047,49.9079,-2.8935,2026-06-11 06:00:00,13.2,84.5,10223,13.33,0.91,6.37,252.7,23166,,
TH2,62045,49.9079,-2.8934,2026-06-11 05:00:00,13.1,81.9,10219,13.34,1.04,6.85,262.4,27174,,
TH2,62047,49.9079,-2.8934,2026-06-11 05:00:00,13,82.2,10219,13.34,0.99,6.9,271,26068,,
TH2,62045,49.9079,-2.8934,2026-06-11 04:00:00,13,82,10219,13.35,1.08,7.34,262,26513,,
TH2,62047,49.9079,-2.8934,2026-06-11 04:00:00,13,82.4,10220,13.35,1.01,7.35,271.9,32249,,
TH2,62045,49.9079,-2.8933,2026-06-11 03:00:00,13,82.9,10217,13.37,0.93,7.03,261.1,25446,,
TH2,62047,49.9079,-2.8933,2026-06-11 03:00:00,13,83.1,10218,13.37,0.94,7.27,271,26871,,
TH2,62045,49.9078,-2.8934,2026-06-11 02:00:00,13.1,81.1,10219,13.42,1.05,7.71,271.9,22771,,
TH2,62047,49.9078,-2.8934,2026-06-11 02:00:00,13,82.4,10220,13.42,1.08,6.31,281.9,19785,,
TH2,62045,49.9077,-2.8937,2026-06-11 01:00:00,13.3,81.3,10219,13.44,1.13,7.71,271.9,24307,,
TH2,62047,49.9077,-2.8937,2026-06-11 01:00:00,13.2,81.7,10219,13.44,1.21,7.76,282.2,20457,,
TH2,62045,49.9075,-2.894,2026-06-11 00:00:00,13.3,78.3,10222,13.45,1.09,7.49,277.8,28250,,
TH2,62047,49.9075,-2.894,2026-06-11 00:00:00,13.3,78.8,10222,13.45,1.1,7.13,278.1,27876,,
TH2,62045,49.9074,-2.8944,2026-06-10 23:00:00,13.3,77.5,10221,13.45,1.17,8.34,290.7,29857,,
TH2,62047,49.9074,-2.8944,2026-06-10 23:00:00,13.3,78,10221,13.45,1.19,8.13,282.7,32313,,
TH2,62045,49.9074,-2.8946,2026-06-10 22:00:00,13.2,82.7,10223,13.43,1.05,7.78,283.3,24158,,
TH2,62047,49.9074,-2.8946,2026-06-10 22:00:00,13.2,82.7,10225,13.43,1.19,8.02,276.9,25841,,
TH2,62045,49.9074,-2.8946,2026-06-10 21:00:00,13.4,82.5,10221,13.4,1.09,8.26,284.5,18039,,
TH2,62047,49.9074,-2.8946,2026-06-10 21:00:00,13.4,82.6,10223,13.4,1.31,8.4,279.2,18012,,
TH2,62045,49.9076,-2.8942,2026-06-10 20:00:00,13.4,81.3,10214,13.38,1.17,7.87,282.7,21354,,
TH2,62047,49.9076,-2.8942,2026-06-10 20:00:00,13.3,81.4,10215,13.38,1.23,7.93,277.5,21515,,
TH2,62045,49.9077,-2.8938,2026-06-10 19:00:00,13.4,82.6,10213,13.4,1.34,8.66,279.2,19810,,
TH2,62047,49.9077,-2.8938,2026-06-10 19:00:00,13.4,82.4,10213,13.39,1.37,8.49,272.2,18319,,
TH2,62045,49.9078,-2.8935,2026-06-10 18:00:00,13.6,82.2,10204,13.42,1.34,8.92,267,19461,,
TH2,62047,49.9078,-2.8935,2026-06-10 18:00:00,13.5,82.6,10205,13.42,1.36,9.08,266.7,18741,,
TH2,62045,49.9079,-2.8934,2026-06-10 17:00:00,13.5,78,10199,13.45,1.39,8.66,268,22756,,
TH2,62047,49.9079,-2.8934,2026-06-10 17:00:00,13.5,78.3,10200,13.45,1.46,9.77,271,19712,,
TH2,62045,49.9079,-2.8933,2026-06-10 16:00:00,13.4,75.7,10199,13.48,1.24,8.37,264,22313,,
TH2,62047,49.9079,-2.8933,2026-06-10 16:00:00,13.4,76.1,10199,13.48,1.33,9.1,270.1,23306,,
TH2,62045,49.9079,-2.8933,2026-06-10 15:00:00,13.4,76.1,10197,13.51,1.46,9.53,262.8,22443,,
TH2,62047,49.9079,-2.8933,2026-06-10 15:00:00,13.4,76.6,10198,13.51,1.42,10.64,270.3,22450,,
TH2,62045,49.9079,-2.8933,2026-06-10 14:00:00,13,75.9,10195,13.53,1.23,9.38,257.6,40982,,
TH2,62047,49.9079,-2.8933,2026-06-10 14:00:00,13.1,76.5,10196,13.53,1.34,5.42,269.2,14326,,
TH2,62045,49.9078,-2.8934,2026-06-10 13:00:00,12.6,76.4,10194,13.54,1.45,7.99,260.6,31379,,
TH2,62047,49.9078,-2.8934,2026-06-10 13:00:00,12.6,77,10194,13.54,1.35,9.36,264.9,32150,,
TH2,62045,49.9076,-2.8937,2026-06-10 12:00:00,12.8,70.4,10194,13.54,0.97,6.08,268,51287,,
TH2,62047,49.9076,-2.8937,2026-06-10 12:00:00,12.7,71.4,10195,13.54,1.04,6.59,268.3,48003,,
TH2,62045,49.9075,-2.8941,2026-06-10 11:00:00,13.3,75.2,10195,13.55,1.1,8.08,266.8,48465,,
TH2,62047,49.9075,-2.8941,2026-06-10 11:00:00,13.1,75.7,10196,13.53,1.12,7.53,262.1,42950,,
TH2,62045,49.9075,-2.8944,2026-06-10 10:00:00,13.3,68,10196,13.48,0.99,7.08,272.6,47564,,
TH2,62047,49.9075,-2.8944,2026-06-10 10:00:00,12.9,69.5,10197,13.48,0.95,6.98,263.5,51202,,
TH2,62045,49.9075,-2.8945,2026-06-10 09:00:00,13.3,74.1,10192,13.43,0.77,6.01,276.6,42416,,
TH2,62047,49.9075,-2.8945,2026-06-10 09:00:00,13.1,75.8,10194,13.43,0.85,5.27,267.7,34889,,
TH2,62045,49.9075,-2.8945,2026-06-10 08:00:00,13.2,72.5,10189,13.38,0.79,6.09,278.1,25217,,
TH2,62047,49.9075,-2.8944,2026-06-10 08:00:00,13.1,73.7,10191,13.38,0.87,5.32,270.4,43597,,
TH2,62045,49.9076,-2.8941,2026-06-10 07:00:00,13.1,70.8,10186,13.35,0.82,5.97,277.6,42657,,
TH2,62047,49.9076,-2.8941,2026-06-10 07:00:00,12.9,71.7,10188,13.34,0.88,5.59,268,38248,,
TH2,62045,49.9078,-2.8937,2026-06-10 06:00:00,12.9,72.5,10182,13.32,1.06,7.14,266.2,38545,,
TH2,62047,49.9078,-2.8937,2026-06-10 06:00:00,12.7,73.5,10184,13.32,1.11,6.24,267,35117,,
TH2,62045,49.9078,-2.8935,2026-06-10 05:00:00,12.9,75.1,10177,13.31,1.02,7.45,274.2,32122,,
TH2,62047,49.9078,-2.8935,2026-06-10 05:00:00,12.9,75.4,10178,13.32,1.22,7.43,281.2,27045,,
TH2,62045,49.9079,-2.8934,2026-06-10 04:00:00,12.7,75.4,10175,13.33,1.05,7.38,276,28079,,
TH2,62047,49.9079,-2.8934,2026-06-10 04:00:00,12.7,76.6,10176,13.33,0.99,7.11,286.4,25435,,
TH2,62045,49.9079,-2.8934,2026-06-10 03:00:00,12.7,76.6,10175,13.33,0.91,6.8,267.6,31139,,
TH2,62047,49.9079,-2.8934,2026-06-10 03:00:00,12.7,77.2,10176,13.33,0.92,6.61,277,29502,,
TH2,62045,49.9079,-2.8934,2026-06-10 02:00:00,13,72.1,10176,13.37,1.14,7.91,274.1,29220,,
TH2,62047,49.9079,-2.8934,2026-06-10 02:00:00,12.9,72.6,10177,13.37,1.08,7.63,283.2,22776,,
TH2,62045,49.9078,-2.8934,2026-06-10 01:00:00,13,71.6,10177,13.41,1.04,7.03,268.1,27202,,
TH2,62047,49.9078,-2.8934,2026-06-10 01:00:00,12.9,72.5,10178,13.41,1,7.01,277.5,23166,,
TH2,62045,49.9077,-2.8936,2026-06-10 00:00:00,12.9,76.2,10180,13.43,1.12,7.4,272.9,24941,,
TH2,62047,49.9077,-2.8936,2026-06-10 00:00:00,12.9,77.1,10181,13.43,1.11,6.93,279.3,20703,,
TH2,62045,49.9075,-2.8939,2026-06-09 23:00:00,12.8,73.6,10181,13.44,1.15,8.21,275.2,22295,,
TH2,62047,49.9075,-2.8939,2026-06-09 23:00:00,12.8,75.2,10181,13.44,1.41,7.79,280.2,19665,,
TH2,62045,49.9074,-2.8943,2026-06-09 22:00:00,13.2,78.2,10184,13.44,1.18,8.3,275.6,20845,,
TH2,62047,49.9074,-2.8943,2026-06-09 22:00:00,13.2,78.3,10185,13.44,1.17,7.88,272.2,18148,,
TH2,62045,49.9074,-2.8945,2026-06-09 21:00:00,13.2,75.9,10184,13.45,1.17,7.9,269.1,20413,,
TH2,62047,49.9074,-2.8945,2026-06-09 21:00:00,13.2,75.5,10186,13.45,1.32,8.3,262.1,18507,,
TH2,62045,49.9075,-2.8945,2026-06-09 20:00:00,13.2,77.2,10181,13.43,1.37,8.85,268.9,19607,,
TH2,62047,49.9075,-2.8945,2026-06-09 20:00:00,13.2,77.6,10183,13.43,1.22,8.5,258.4,17170,,
TH2,62045,49.9076,-2.8943,2026-06-09 19:00:00,13.3,74.2,10178,13.44,1.44,9.61,268.4,20232,,
TH2,62047,49.9076,-2.8942,2026-06-09 19:00:00,13.3,74.7,10179,13.44,1.44,8.97,260.9,15506,,
TH2,62045,49.9077,-2.8937,2026-06-09 18:00:00,13.3,75.3,10180,13.44,1.38,9.39,260.8,21135,,
TH2,62047,49.9077,-2.8937,2026-06-09 18:00:00,13.2,75.8,10182,13.44,1.42,9.33,257.2,17628,,
TH2,62045,49.9079,-2.8935,2026-06-09 17:00:00,13.4,71.8,10179,13.49,1.31,9.27,258.4,24952,,
TH2,62047,49.9079,-2.8935,2026-06-09 17:00:00,13.4,72.5,10180,13.49,1.39,8.69,257.3,21774,,
TH2,62045,49.9079,-2.8934,2026-06-09 16:00:00,13.3,72,10180,13.5,1.45,8.23,256.5,23022,,
TH2,62047,49.9079,-2.8934,2026-06-09 16:00:00,13.2,72.5,10180,13.5,1.61,9.35,259.1,20738,,
TH2,62045,49.908,-2.8933,2026-06-09 15:00:00,13.3,71.7,10179,13.53,1.28,7.84,257.4,21867,,
TH2,62047,49.908,-2.8933,2026-06-09 15:00:00,13.2,72.4,10180,13.53,1.45,8.7,261,20320,,
TH2,62045,49.908,-2.8933,2026-06-09 14:00:00,13.3,75.5,10179,13.52,1.29,7.81,258.5,19448,,
TH2,62047,49.908,-2.8933,2026-06-09 14:00:00,13.2,76,10180,13.51,1.4,8.96,261.3,20079,,
TH2,62045,49.9079,-2.8933,2026-06-09 13:00:00,13.2,75.9,10178,13.51,1.43,8.26,258.4,16642,,
TH2,62047,49.9079,-2.8933,2026-06-09 13:00:00,13.1,76.7,10178,13.51,1.46,9.26,263.1,16382,,
TH2,62045,49.9079,-2.8934,2026-06-09 12:00:00,13.1,74.5,10178,13.5,1.39,9.37,262.2,20394,,
TH2,62047,49.9079,-2.8934,2026-06-09 12:00:00,13.1,75.1,10179,13.5,1.45,8.95,266.6,14510,,
TH2,62045,49.9077,-2.894,2026-06-09 11:00:00,13,76,10176,13.46,1.4,9.73,258.9,24209,,
TH2,62047,49.9077,-2.894,2026-06-09 11:00:00,12.9,76.4,10177,13.47,1.45,9.94,256.8,20227,,
TH2,62045,49.9075,-2.8943,2026-06-09 10:00:00,13,77.2,10176,13.43,1.5,9.78,278,20706,,
TH2,62047,49.9075,-2.8943,2026-06-09 10:00:00,13,77.8,10177,13.43,1.45,9.41,273.3,16183,,
TH2,62045,49.9075,-2.8947,2026-06-09 09:00:00,13,77,10178,13.4,1.35,9.13,280.5,24114,,
TH2,62047,49.9075,-2.8947,2026-06-09 09:00:00,13,76.8,10178,13.41,1.33,8.82,270.6,18087,,
TH2,62045,49.9075,-2.8949,2026-06-09 08:00:00,13.3,79.4,10174,13.38,1.29,8.01,265.9,23041,,
TH2,62047,49.9075,-2.8949,2026-06-09 08:00:00,13.2,79.9,10174,13.38,1.26,8.31,257.1,21454,,
TH2,62045,49.9076,-2.8946,2026-06-09 07:00:00,12.3,84.5,10173,13.34,1.13,7.54,266.5,15196,,
TH2,62047,49.9076,-2.8946,2026-06-09 07:00:00,12.3,84.1,10174,13.34,1.22,6.6,259.5,15329,,
TH2,62045,49.9078,-2.8942,2026-06-09 06:00:00,13.4,80.1,10169,13.31,1.44,9.21,264.9,17340,,
TH2,62047,49.9078,-2.8942,2026-06-09 06:00:00,13.3,79.8,10170,13.31,1.35,8.65,259.9,17461,,
TH2,62045,49.908,-2.8936,2026-06-09 05:00:00,13.3,80.2,10166,13.3,1.47,9.22,248.1,14143,,
TH2,62047,49.908,-2.8936,2026-06-09 05:00:00,13.2,80.9,10167,13.3,1.72,8.97,242.5,18196,,
TH2,62045,49.908,-2.8935,2026-06-09 04:00:00,13.1,76.5,10165,13.29,1.32,9.83,248,20038,,
TH2,62047,49.908,-2.8935,2026-06-09 04:00:00,13,77.5,10165,13.3,1.41,9.45,250.8,24663,,
TH2,62045,49.908,-2.8934,2026-06-09 03:00:00,13,79.5,10166,13.31,1.31,8.42,258.7,20155,,
TH2,62047,49.908,-2.8934,2026-06-09 03:00:00,13,79.8,10167,13.31,1.39,8.95,263.7,26508,,
TH2,62045,49.908,-2.8934,2026-06-09 02:00:00,12.9,78.3,10166,13.34,1.33,7.95,257,16722,,
TH2,62047,49.908,-2.8934,2026-06-09 02:00:00,12.9,79,10167,13.34,1.25,8.71,263.1,25867,,
TH2,62045,49.908,-2.8933,2026-06-09 01:00:00,13.1,71.5,10169,13.37,1.33,8.75,261.1,23603,,
TH2,62047,49.908,-2.8933,2026-06-09 01:00:00,13,72.6,10169,13.37,1.31,9.49,268.5,27350,,
TH2,62045,49.9079,-2.8934,2026-06-09 00:00:00,13.1,76,10170,13.38,1.28,8.57,262.1,21081,,
TH2,62047,49.9079,-2.8934,2026-06-09 00:00:00,13,76.6,10171,13.38,1.31,8.39,269.4,29940,,
TH2,62045,49.9079,-2.8934,2026-06-08 23:00:00,13,76.9,10172,13.42,1.3,8.3,261.8,26734,,
TH2,62047,49.9079,-2.8934,2026-06-08 23:00:00,13,77.5,10173,13.42,1.45,9.06,266.4,29139,,
TH2,62045,49.9077,-2.8939,2026-06-08 22:00:00,13,75.9,10176,13.43,1.26,8.49,262.3,22214,,
TH2,62047,49.9077,-2.8939,2026-06-08 22:00:00,12.9,76.2,10176,13.43,1.35,8.36,263.9,26464,,
TH2,62045,49.9075,-2.8942,2026-06-08 21:00:00,13.1,76.3,10176,13.44,1.53,10.05,264.8,21923,,
TH2,62047,49.9075,-2.8942,2026-06-08 21:00:00,13.1,76.5,10177,13.44,1.48,9.63,264.8,25773,,
TH2,62045,49.9075,-2.8945,2026-06-08 20:00:00,13.2,76.5,10175,13.45,1.41,9.86,273.4,18603,,
TH2,62047,49.9075,-2.8945,2026-06-08 20:00:00,13.2,76.5,10177,13.45,1.43,10.09,263.8,21936,,
TH2,62045,49.9075,-2.8945,2026-06-08 19:00:00,13.3,76.5,10170,13.47,1.41,8.85,271.7,19348,,
TH2,62047,49.9075,-2.8945,2026-06-08 19:00:00,13.2,77.1,10171,13.47,1.44,9.73,270.3,21449,,
TH2,62045,49.9076,-2.8943,2026-06-08 18:00:00,13.7,70.1,10170,13.48,1.42,9.58,278,21813,,
TH2,62047,49.9077,-2.8943,2026-06-08 18:00:00,13.6,70.9,10171,13.48,1.33,9.46,266.9,23765,,
TH2,62045,49.9078,-2.8938,2026-06-08 17:00:00,13.6,75.7,10171,13.49,1.44,10.46,271.2,21679,,
TH2,62047,49.9078,-2.8938,2026-06-08 17:00:00,13.5,76.1,10171,13.49,1.46,10.11,264,23173,,
TH2,62045,49.9079,-2.8935,2026-06-08 16:00:00,13.6,76.7,10164,13.54,1.4,9.54,270.8,20622,,
TH2,62047,49.9079,-2.8935,2026-06-08 16:00:00,13.6,77.1,10164,13.54,1.39,9.83,273,23984,,
TH2,62045,49.908,-2.8935,2026-06-08 15:00:00,13.8,72.3,10158,13.54,1.46,9.05,272.3,22769,,
TH2,62047,49.908,-2.8935,2026-06-08 15:00:00,13.8,72.8,10159,13.53,1.37,9.97,279.3,28308,,
TH2,62045,49.908,-2.8934,2026-06-08 14:00:00,13.8,73.4,10155,13.55,1.28,8.73,270.6,27924,,
TH2,62047,49.908,-2.8934,2026-06-08 14:00:00,13.8,73.9,10156,13.55,1.24,8.97,279.5,30629,,
TH2,62045,49.9081,-2.8934,2026-06-08 13:00:00,13.5,74.9,10149,13.56,1.37,9.71,275.2,25726,,
TH2,62047,49.9081,-2.8934,2026-06-08 13:00:00,13.5,75.6,10150,13.55,1.21,9.06,285.1,25973,,
TH2,62045,49.908,-2.8935,2026-06-08 12:00:00,13.2,82.3,10148,13.52,1.13,8.52,280.4,25697,,
TH2,62047,49.908,-2.8935,2026-06-08 12:00:00,13.2,82.5,10149,13.51,1.13,7.89,289.7,31179,,
TH2,62045,49.908,-2.8936,2026-06-08 11:00:00,13,84,10147,13.44,0.82,6.03,314.8,28732,,
TH2,62047,49.908,-2.8936,2026-06-08 11:00:00,13,84.2,10148,13.44,0.86,5.87,324.2,45709,,
TH2,62045,49.9079,-2.894,2026-06-08 10:00:00,13.3,89.9,10140,13.43,1.1,6.48,266.2,25822,,
TH2,62047,49.9079,-2.894,2026-06-08 10:00:00,13.3,90.1,10141,13.43,1.08,6.54,270.8,33273,,
TH2,62045,49.9078,-2.8943,2026-06-08 09:00:00,13.5,90.6,10143,13.42,0.99,6.63,244.5,22367,,
TH2,62047,49.9078,-2.8943,2026-06-08 09:00:00,13.5,90.7,10144,13.42,0.99,5.92,243.9,28202,,
TH2,62045,49.9078,-2.8947,2026-06-08 08:00:00,13.8,86.5,10135,13.41,0.81,4.48,250.2,28761,,
TH2,62047,49.9078,-2.8947,2026-06-08 08:00:00,13.9,85.7,10136,13.41,0.78,4.09,240.7,36836,,
TH2,62045,49.9078,-2.8947,2026-06-08 07:00:00,13.2,90.4,10141,13.42,1.32,8.65,228.4,2826,,
TH2,62047,49.9078,-2.8947,2026-06-08 07:00:00,13.2,90,10142,13.42,1.19,6.62,226.6,4490,,
TH2,62045,49.9078,-2.8947,2026-06-08 06:00:00,13.9,92.7,10138,13.4,0.9,6.43,193.5,11523,,
TH2,62047,49.9078,-2.8947,2026-06-08 06:00:00,13.9,92.8,10138,13.4,0.95,5.48,201.1,13304,,
TH2,62045,49.908,-2.8942,2026-06-08 05:00:00,14,91.3,10141,13.39,1.07,7.24,201.4,12256,,
TH2,62047,49.908,-2.8942,2026-06-08 05:00:00,14,92.1,10142,13.39,1.02,6.03,202.3,14675,,
TH2,62045,49.9082,-2.8938,2026-06-08 04:00:00,14.1,90.6,10146,13.37,1.11,8.4,201.5,13720,,
TH2,62047,49.9082,-2.8938,2026-06-08 04:00:00,14.1,90.9,10146,13.37,1.14,8.11,206.8,16433,,
TH2,62045,49.9082,-2.8936,2026-06-08 03:00:00,14,91,10153,13.37,1.02,6.32,209.5,13134,,
TH2,62047,49.9082,-2.8936,2026-06-08 03:00:00,14,91.4,10154,13.37,1.08,7.42,209.1,16254,,
TH2,62045,49.9082,-2.8936,2026-06-08 02:00:00,14.1,90.4,10158,13.41,1.02,6.05,206.9,13945,,
TH2,62047,49.9082,-2.8936,2026-06-08 02:00:00,14.1,90.6,10159,13.41,1.13,7.44,209.5,18548,,
TH2,62045,49.9082,-2.8936,2026-06-08 01:00:00,14.1,90.8,10164,13.49,0.95,5.4,200.9,13969,,
TH2,62047,49.9082,-2.8936,2026-06-08 01:00:00,14,90.9,10165,13.49,0.82,6.4,198.5,17625,,
TH2,62045,49.9082,-2.8936,2026-06-08 00:00:00,13.9,93.4,10173,13.57,0.85,6.03,192.4,13386,,
TH2,62047,49.9082,-2.8936,2026-06-08 00:00:00,13.9,93.6,10173,13.57,0.79,5.9,186.3,17564,,
TH2,62045,49.9082,-2.8936,2026-06-07 23:00:00,14,92,10177,13.56,0.83,5.49,188.1,14872,,
TH2,62047,49.9082,-2.8936,2026-06-07 23:00:00,14,92,10178,13.56,0.81,5.48,181.8,18600,,
TH2,62045,49.908,-2.8941,2026-06-07 22:00:00,13.9,91.7,10186,13.57,0.73,5.18,197,13940,,
TH2,62047,49.908,-2.8941,2026-06-07 22:00:00,13.9,92.1,10186,13.57,0.78,5.21,197.6,16538,,
TH2,62045,49.9078,-2.8945,2026-06-07 21:00:00,14,90.4,10190,13.62,0.74,5.09,195.2,14496,,
TH2,62047,49.9078,-2.8945,2026-06-07 21:00:00,14,90.2,10191,13.62,0.72,4.93,198,17526,,
TH2,62045,49.9077,-2.8948,2026-06-07 20:00:00,13.9,90.9,10192,13.66,0.69,4.65,182,11590,,
TH2,62047,49.9077,-2.8948,2026-06-07 20:00:00,13.9,91.1,10193,13.66,0.71,4.31,185.4,15346,,
TH2,62045,49.9076,-2.8949,2026-06-07 19:00:00,14.1,90.4,10195,13.7,0.58,4.59,168.6,13594,,
TH2,62047,49.9076,-2.8949,2026-06-07 19:00:00,14.1,90.5,10196,13.7,0.75,5.11,182.1,15512,,
TH2,62045,49.9076,-2.8948,2026-06-07 18:00:00,14.2,89.9,10200,13.68,0.61,4.72,181.6,13555,,
TH2,62047,49.9077,-2.8948,2026-06-07 18:00:00,14.2,89.9,10201,13.69,0.69,4.5,192.9,15670,,
TH2,62045,49.9078,-2.8946,2026-06-07 17:00:00,14.1,90.4,10203,13.69,0.62,4.73,190.2,12866,,
TH2,62047,49.9078,-2.8946,2026-06-07 17:00:00,14.1,90.8,10204,13.69,0.7,4.31,192,15262,,
TH2,62045,49.908,-2.894,2026-06-07 16:00:00,14.2,90.6,10207,13.72,0.61,4.32,211,12081,,
TH2,62047,49.908,-2.894,2026-06-07 16:00:00,14.1,91.6,10208,13.72,0.67,3.79,207.8,13793,,
TH2,62045,49.9081,-2.8937,2026-06-07 15:00:00,14.1,91.8,10212,13.66,0.64,4.18,193.6,10457,,
TH2,62047,49.9081,-2.8937,2026-06-07 15:00:00,14,91.7,10213,13.67,0.72,4.43,198.6,12806,,
TH2,62045,49.9081,-2.8935,2026-06-07 14:00:00,14.1,90.8,10212,13.58,0.71,4.04,215.8,11322,,
TH2,62047,49.9081,-2.8935,2026-06-07 14:00:00,14,91.2,10213,13.59,0.75,4.97,217.3,11992,,
TH2,62045,49.9081,-2.8935,2026-06-07 13:00:00,14.1,90.1,10214,13.6,0.9,3.62,224.4,10658,,
TH2,62047,49.9081,-2.8935,2026-06-07 13:00:00,14.1,90.4,10214,13.6,0.88,6.1,218.3,11302,,
TH2,62045,49.9082,-2.8935,2026-06-07 12:00:00,14,91,10215,13.53,0.97,4.86,209.3,8930,,
TH2,62047,49.9082,-2.8935,2026-06-07 12:00:00,14,91.3,10216,13.54,0.93,6.71,206.9,10064,,
TH2,62045,49.9082,-2.8935,2026-06-07 11:00:00,13.9,91.9,10215,13.47,0.96,5.96,203.6,8032,,
TH2,62047,49.9082,-2.8935,2026-06-07 11:00:00,13.8,92.2,10216,13.49,1.06,6.53,198.4,8479,,
TH2,62045,49.9081,-2.8936,2026-06-07 10:00:00,13.8,91.9,10215,13.41,0.95,5.43,206.4,7907,,
TH2,62047,49.9081,-2.8936,2026-06-07 10:00:00,13.8,92.2,10216,13.41,1,6.42,201.3,7921,,
TH2,62045,49.9078,-2.8943,2026-06-07 09:00:00,13.7,92.3,10212,13.36,0.9,5.91,208.2,7482,,
TH2,62047,49.9078,-2.8943,2026-06-07 09:00:00,13.7,91.6,10213,13.36,0.97,5.71,213.7,8553,,
TH2,62045,49.9077,-2.8945,2026-06-07 08:00:00,13.7,91.9,10212,13.32,0.84,5.79,214.9,7904,,
TH2,62047,49.9077,-2.8945,2026-06-07 08:00:00,13.7,92.3,10213,13.32,0.97,5.48,218.4,8974,,
TH2,62045,49.9077,-2.8948,2026-06-07 07:00:00,13.7,91.7,10210,13.31,0.72,5.28,222.6,7952,,
TH2,62047,49.9077,-2.8948,2026-06-07 07:00:00,13.8,91.7,10211,13.31,0.76,3.78,220.9,8900,,
TH2,62045,49.9077,-2.8949,2026-06-07 06:00:00,13.6,92.6,10208,13.3,0.67,5.13,218.8,9262,,
TH2,62047,49.9077,-2.8949,2026-06-07 06:00:00,13.6,92.6,10209,13.3,0.75,3.13,222,9800,,
TH2,62045,49.9077,-2.8948,2026-06-07 05:00:00,13.6,91.9,10203,13.29,0.7,5.12,229.4,9739,,
TH2,62047,49.9077,-2.8947,2026-06-07 05:00:00,13.6,92,10204,13.29,0.72,3.34,232.8,10640,,
TH2,62045,49.9079,-2.8943,2026-06-07 04:00:00,13.6,91.2,10197,13.29,0.95,6.1,230.5,10998,,
TH2,62047,49.9079,-2.8943,2026-06-07 04:00:00,13.6,90.7,10197,13.29,1.05,5.11,232.4,12375,,
TH2,62045,49.9081,-2.8938,2026-06-07 03:00:00,13.7,89.1,10193,13.29,1.18,7.44,236.3,11631,,
TH2,62047,49.9081,-2.8938,2026-06-07 03:00:00,13.6,89.6,10194,13.29,1.21,7.08,232.6,12785,,
TH2,62045,49.9081,-2.8936,2026-06-07 02:00:00,13.5,89.8,10194,13.3,1.22,7.88,238.2,10571,,
TH2,62047,49.9081,-2.8936,2026-06-07 02:00:00,13.5,89.5,10194,13.3,1.24,7.66,242.7,11248,,
TH2,62045,49.9081,-2.8935,2026-06-07 01:00:00,13.4,87.5,10190,13.3,1.19,7.03,244.5,11673,,
TH2,62047,49.9081,-2.8935,2026-06-07 01:00:00,13.4,88.1,10191,13.3,1.29,7.33,247.5,11682,,
TH2,62045,49.9081,-2.8934,2026-06-07 00:00:00,13.4,83.4,10185,13.31,1.23,7.45,255.7,13048,,
TH2,62047,49.9081,-2.8934,2026-06-07 00:00:00,13.4,83.8,10185,13.31,1.21,7.41,260,13707,,
TH2,62045,49.908,-2.8933,2026-06-06 23:00:00,13.4,80.3,10179,13.31,1.36,8.68,256.8,12454,,
TH2,62047,49.908,-2.8934,2026-06-06 23:00:00,13.4,80.4,10179,13.31,1.49,8.52,261.6,13494,,
TH2,62045,49.908,-2.8933,2026-06-06 22:00:00,13.4,78.2,10175,13.3,1.51,8.4,258,12568,,
TH2,62047,49.908,-2.8933,2026-06-06 22:00:00,13.4,78.6,10176,13.3,1.59,9.91,261.6,13903,,
TH2,62045,49.908,-2.8934,2026-06-06 21:00:00,13.4,76.8,10173,13.32,1.57,10.72,256,12774,,
TH2,62047,49.908,-2.8934,2026-06-06 21:00:00,13.4,76.9,10172,13.32,1.62,10.46,259.8,7589,,
TH2,62045,49.9078,-2.8939,2026-06-06 20:00:00,13.4,81.6,10163,13.35,1.67,10.37,251.8,10215,,
TH2,62047,49.9078,-2.8939,2026-06-06 20:00:00,13.4,82.1,10164,13.35,1.69,9.87,254.2,9620,,
TH2,62045,49.9076,-2.8945,2026-06-06 19:00:00,13.6,78.3,10156,13.34,1.87,11.87,258.6,11097,,
TH2,62047,49.9076,-2.8945,2026-06-06 19:00:00,13.5,78.7,10156,13.34,1.72,11.42,258.6,11470,,
TH2,62045,49.9076,-2.8949,2026-06-06 18:00:00,13.7,78.6,10144,13.32,1.95,12.51,254.9,11424,,
TH2,62047,49.9076,-2.8949,2026-06-06 18:00:00,13.7,79,10145,13.32,1.84,12.81,253.1,10794,,
TH2,62045,49.9077,-2.8949,2026-06-06 17:00:00,13.8,78,10135,13.31,1.83,12.04,252.7,8930,,
TH2,62047,49.9077,-2.8949,2026-06-06 17:00:00,13.7,78.6,10136,13.31,1.95,11.62,251.7,9059,,
TH2,62045,49.9079,-2.8944,2026-06-06 16:00:00,13.9,77.7,10126,13.3,2.09,14.05,252.1,9069,,
TH2,62047,49.9079,-2.8944,2026-06-06 16:00:00,13.8,78.1,10126,13.3,2.19,12.76,249.6,7085,,
TH2,62045,49.9081,-2.8936,2026-06-06 15:00:00,13.9,78.5,10113,13.31,1.98,14.31,256.9,8740,,
TH2,62047,49.9081,-2.8936,2026-06-06 15:00:00,13.9,79.1,10114,13.31,2.29,13.13,255.5,7167,,
TH2,62045,49.9081,-2.8935,2026-06-06 14:00:00,14,77.6,10098,13.3,2.1,14.65,252.1,7949,,
TH2,62047,49.9081,-2.8935,2026-06-06 14:00:00,13.9,78,10099,13.3,2.23,13.8,252.5,7417,,
TH2,62045,49.9081,-2.8934,2026-06-06 13:00:00,13.9,78.1,10081,13.3,2.33,15.12,254.2,5296,,
TH2,62047,49.9081,-2.8934,2026-06-06 13:00:00,13.9,78.6,10081,13.3,2.44,14.91,254.8,3213,,
TH2,62045,49.9081,-2.8934,2026-06-06 12:00:00,13.7,83,10067,13.3,2.29,14.5,248.2,6842,,
TH2,62047,49.9081,-2.8933,2026-06-06 12:00:00,13.8,83.5,10068,13.3,2.28,13.08,252.2,2655,,
TH2,62045,49.9081,-2.8933,2026-06-06 11:00:00,12.6,95.8,10054,13.3,2.36,13.96,243.3,3560,,
TH2,62047,49.9081,-2.8933,2026-06-06 11:00:00,12.7,94.5,10055,13.3,2.53,14.34,244.3,2260,,
TH2,62045,49.9081,-2.8933,2026-06-06 10:00:00,12.4,95.2,10041,13.34,2.49,14.63,228.5,1690,,
TH2,62047,49.9081,-2.8933,2026-06-06 10:00:00,12.6,93,10041,13.34,2.5,15.18,231.8,1893,,
TH2,62045,49.9081,-2.8934,2026-06-06 09:00:00,12.5,93.9,10037,13.4,2.24,14.08,221,1327,,
TH2,62047,49.9081,-2.8934,2026-06-06 09:00:00,12.7,92.7,10037,13.4,2.34,15.41,219.7,1694,,
TH2,62045,49.9081,-2.8938,2026-06-06 08:00:00,13.4,82.2,10039,13.42,2.14,14.58,227.1,6060,,
TH2,62047,49.9081,-2.8938,2026-06-06 08:00:00,13.4,82.3,10040,13.42,2.31,14.46,229,6063,,
TH2,62045,49.9077,-2.8947,2026-06-06 07:00:00,13.9,76.7,10039,13.4,1.56,10.61,214.6,13378,,
TH2,62047,49.9077,-2.8947,2026-06-06 07:00:00,13.8,77.1,10040,13.4,1.82,10.47,212.8,11910,,
TH2,62045,49.9076,-2.895,2026-06-06 06:00:00,13.2,85.2,10037,13.35,1.57,10.23,231.9,11710,,
TH2,62047,49.9076,-2.895,2026-06-06 06:00:00,13.2,84.8,10037,13.35,1.68,9.63,228.7,10565,,
TH2,62045,49.9078,-2.8951,2026-06-06 05:00:00,13.9,88,10035,13.32,1.96,12.26,205,10829,,
TH2,62047,49.9078,-2.8951,2026-06-06 05:00:00,13.9,87.8,10035,13.32,1.84,11.71,206.5,5644,,
TH2,62045,49.9078,-2.8951,2026-06-06 04:00:00,13.8,88.4,10035,13.29,1.86,14.08,174.4,6915,,
TH2,62047,49.9078,-2.8951,2026-06-06 04:00:00,13.8,87.6,10037,13.29,2.1,14.02,181.2,6799,,
TH2,62045,49.908,-2.8946,2026-06-06 03:00:00,13,94.3,10043,13.28,1.99,12.8,162.6,3171,,
TH2,62047,49.908,-2.8946,2026-06-06 03:00:00,13,92.9,10044,13.28,1.97,12.47,163.8,1997,,
TH2,62045,49.9081,-2.8942,2026-06-06 02:00:00,13.6,84.9,10046,13.31,1.84,13.01,152.2,11975,,
TH2,62047,49.9081,-2.8942,2026-06-06 02:00:00,13.6,85,10046,13.31,1.82,13.16,153,12092,,
TH2,62045,49.9081,-2.8938,2026-06-06 01:00:00,13.8,78.1,10063,13.33,1.72,11.77,152.2,15224,,
TH2,62047,49.9081,-2.8938,2026-06-06 01:00:00,13.8,77.7,10063,13.34,1.63,12.14,152.3,17659,,
TH2,62045,49.9081,-2.8937,2026-06-06 00:00:00,13,88.2,10079,13.36,1.57,12.32,170.9,2272,,
TH2,62047,49.9081,-2.8937,2026-06-06 00:00:00,13.1,86.3,10076,13.37,1.64,12.34,176.1,2624,,
TH2,62045,49.9081,-2.8936,2026-06-05 23:00:00,14,80.4,10084,13.42,1.4,11.38,176,21703,,
TH2,62047,49.9081,-2.8936,2026-06-05 23:00:00,14,80.3,10084,13.42,1.3,9.75,160,28856,,
TH2,62045,49.908,-2.8937,2026-06-05 22:00:00,13.5,83.9,10090,13.63,0.97,7.69,154.3,26060,,
TH2,62047,49.908,-2.8937,2026-06-05 22:00:00,13.5,83.4,10091,13.63,0.91,7.33,134.4,29402,,
TH2,62045,49.9079,-2.8938,2026-06-05 21:00:00,13.5,82.7,10098,13.72,0.82,6.2,150.7,29510,,
TH2,62047,49.9079,-2.8938,2026-06-05 21:00:00,13.4,82.8,10099,13.72,0.77,6.08,131.2,37903,,
TH2,62045,49.9077,-2.8943,2026-06-05 20:00:00,13.4,78.9,10104,13.68,0.75,5.35,161.9,31931,,
TH2,62047,49.9077,-2.8943,2026-06-05 20:00:00,13.4,78.7,10105,13.69,0.85,5.41,165.5,41012,,
TH2,62045,49.9076,-2.8948,2026-06-05 19:00:00,13.7,77.1,10111,13.86,1.06,7.54,181.3,7002,,
TH2,62047,49.9076,-2.8948,2026-06-05 19:00:00,13.7,77.6,10112,13.86,1.21,7.68,188.5,5360,,
TH2,62045,49.9074,-2.702,2026-06-05 18:00:00,13.9,77,10116,13.92,0.62,4.92,158.9,25228,,
TH2,62047,49.9074,-2.895,2026-06-05 18:00:00,13.8,77,10117,13.91,0.74,5.52,173.3,28355,,
TH2,62045,49.9074,-2.895,2026-06-05 17:00:00,13.7,77.2,10122,13.84,0.63,4.74,157.9,25922,,
TH2,62047,49.9074,-2.895,2026-06-05 17:00:00,13.7,77.1,10123,13.84,0.73,5.36,173.7,32098,,
TH2,62045,49.9075,-2.8949,2026-06-05 16:00:00,13.7,74.6,10125,13.78,0.71,5.36,165.5,26334,,
TH2,62047,49.9075,-2.8949,2026-06-05 16:00:00,13.8,74.6,10126,13.77,0.82,6.14,181.8,31615,,
TH2,62045,49.9077,-2.8945,2026-06-05 15:00:00,13.8,74.7,10130,13.73,0.66,4.76,198.1,26059,,
TH2,62047,49.9077,-2.8945,2026-06-05 15:00:00,14,73.9,10131,13.74,0.74,3.85,205.1,30466,,
TH2,62045,49.9078,-2.8939,2026-06-05 14:00:00,13.8,69.5,10134,13.74,0.75,4.9,221.3,31650,,
TH2,62047,49.9078,-2.894,2026-06-05 14:00:00,13.9,70.4,10135,13.74,0.74,4.77,217,39683,,
TH2,62045,49.9079,-2.8937,2026-06-05 13:00:00,13.6,73,10137,13.61,0.75,4.82,217.7,32498,,
TH2,62047,49.9079,-2.8937,2026-06-05 13:00:00,13.4,73.4,10138,13.61,0.73,4.81,218.5,37325,,
TH2,62045,49.9079,-2.8935,2026-06-05 12:00:00,13.3,74.8,10137,13.53,0.71,3.1,226.5,25843,,
TH2,62047,49.9079,-2.8935,2026-06-05 12:00:00,13.3,75.2,10137,13.53,0.78,4.48,225,27362,,
TH2,62045,49.9079,-2.8935,2026-06-05 11:00:00,13.1,78,10135,13.43,0.63,2.93,232.5,23591,,
TH2,62047,49.9079,-2.8935,2026-06-05 11:00:00,13.1,78.2,10135,13.44,0.7,3.77,230.2,26306,,
TH2,62045,49.9079,-2.8935,2026-06-05 10:00:00,13.3,73.3,10134,13.44,0.74,3.58,233.6,22386,,
TH2,62047,49.9079,-2.8935,2026-06-05 10:00:00,13.3,73.8,10134,13.44,0.91,4.08,232.9,25884,,
TH2,62045,49.9077,-2.8941,2026-06-05 09:00:00,13.3,76.1,10134,13.36,0.91,4.95,244.4,22861,,
TH2,62047,49.9076,-2.8941,2026-06-05 09:00:00,13.6,75.3,10135,13.37,0.95,5,246.7,21896,,
TH2,62045,49.9074,-2.8946,2026-06-05 08:00:00,13.2,70.3,10132,13.32,0.84,4.94,266.9,22522,,
TH2,62047,49.9074,-2.8946,2026-06-05 08:00:00,13.3,71,10133,13.32,0.91,5.09,272.6,25185,,
TH2,62045,49.9073,-2.895,2026-06-05 07:00:00,13.1,72,10129,13.3,0.96,6.09,273.8,18697,,
TH2,62047,49.9073,-2.8949,2026-06-05 07:00:00,13.1,73.1,10130,13.3,1.06,6.32,274.7,20400,,
TH2,62045,49.9071,-2.8954,2026-06-05 06:00:00,13.3,73.3,10128,13.3,1.21,7.99,279,17622,,
TH2,62047,49.9071,-2.8954,2026-06-05 06:00:00,13.1,73.8,10128,13.3,1.25,8.03,271.4,18743,,
TH2,62045,49.9071,-2.8957,2026-06-05 05:00:00,13,74.6,10122,13.3,1.16,8.24,278.8,16478,,
TH2,62047,49.9071,-2.8957,2026-06-05 05:00:00,13,74.9,10122,13.29,1.27,8.15,271.5,16708,,
TH2,62045,49.9072,-2.8956,2026-06-05 04:00:00,13,73.5,10113,13.29,1.46,8.61,279,16291,,
TH2,62047,49.9072,-2.8956,2026-06-05 04:00:00,13,74.1,10114,13.29,1.32,9.18,281.4,16004,,
TH2,62045,49.9075,-2.895,2026-06-05 03:00:00,12.9,77.8,10114,13.26,1.29,9.63,284.2,15164,,
TH2,62047,49.9075,-2.895,2026-06-05 03:00:00,12.9,78.2,10116,13.26,1.35,8.69,274.7,14569,,
TH2,62045,49.9077,-2.8942,2026-06-05 02:00:00,13.2,76.7,10108,13.23,1.41,9.93,280.7,13884,,
TH2,62047,49.9077,-2.8941,2026-06-05 02:00:00,13.2,77.7,10109,13.23,1.56,9.37,274.5,13161,,
TH2,62045,49.9079,-2.8935,2026-06-05 01:00:00,13.2,79.3,10106,13.23,1.37,9.79,277.6,12568,,
TH2,62047,49.9079,-2.8935,2026-06-05 01:00:00,13.2,79.7,10106,13.23,1.39,9.36,277.9,12155,,
TH2,62045,49.908,-2.8934,2026-06-05 00:00:00,13.2,79.5,10099,13.23,3,9.67,267.6,12392,,
TH2,62047,49.908,-2.8934,2026-06-05 00:00:00,13.2,80.1,10100,13.23,1.5,9.65,270.2,11723,,
TH2,62045,49.908,-2.8933,2026-06-04 23:00:00,13.4,82.1,10095,13.26,1.47,10.04,268.9,11480,,
TH2,62047,49.908,-2.8933,2026-06-04 23:00:00,13.4,82.2,10095,13.26,1.51,9.74,273.9,11002,,
TH2,62045,49.908,-2.8933,2026-06-04 22:00:00,13.6,80.8,10088,13.31,1.47,10.18,266.9,13328,,
TH2,62047,49.908,-2.8933,2026-06-04 22:00:00,13.5,81.1,10089,13.31,1.46,10.22,273.5,12632,,
TH2,62045,49.9079,-2.8933,2026-06-04 21:00:00,13.7,81.1,10080,13.33,1.52,10.53,269.4,12587,,
TH2,62047,49.9079,-2.8933,2026-06-04 21:00:00,13.7,81.4,10080,13.33,1.5,9.93,273.7,13868,,
TH2,62045,49.9077,-2.8933,2026-06-04 20:00:00,13.8,82.3,10072,13.31,1.59,10.5,270.7,11516,,
TH2,62047,49.9077,-2.8933,2026-06-04 20:00:00,13.7,82.4,10073,13.31,1.55,9,274.5,9786,,
TH2,62045,49.9075,-2.8939,2026-06-04 19:00:00,13.7,84.4,10064,13.33,1.56,10.19,263.8,10972,,
TH2,62047,49.9075,-2.8939,2026-06-04 19:00:00,13.7,84.7,10064,13.33,1.57,10.84,266.3,10057,,
TH2,62045,49.9073,-2.8948,2026-06-04 18:00:00,13.4,88.9,10056,13.33,1.71,10.45,267,9630,,
TH2,62047,49.9073,-2.8948,2026-06-04 18:00:00,13.4,89.4,10057,13.33,1.77,10.16,268.1,9221,,
TH2,62045,49.9072,-2.8954,2026-06-04 17:00:00,13.8,86,10050,13.32,1.62,10.63,262.3,10423,,
TH2,62047,49.9072,-2.8954,2026-06-04 17:00:00,13.7,86.1,10050,13.32,1.65,10.71,260,10990,,
TH2,62045,49.9073,-2.8954,2026-06-04 16:00:00,13.6,83.3,10047,13.34,1.65,10.87,260.5,13930,,
TH2,62047,49.9073,-2.8954,2026-06-04 16:00:00,13.5,83.9,10049,13.33,1.66,10.74,256.1,13897,,
TH2,62045,49.9075,-2.8949,2026-06-04 15:00:00,13.9,79.9,10038,13.33,1.82,12.52,260.7,14668,,
TH2,62047,49.9075,-2.8949,2026-06-04 15:00:00,13.9,80.3,10039,13.33,1.93,10.98,257.7,13936,,
TH2,62045,49.9078,-2.8941,2026-06-04 14:00:00,13.9,82.4,10035,13.28,1.82,12.61,261,10176,,
TH2,62047,49.9078,-2.8942,2026-06-04 14:00:00,13.8,82.6,10036,13.28,1.84,11.96,258.4,8839,,
TH2,62045,49.908,-2.8935,2026-06-04 13:00:00,13.7,82.9,10028,13.25,2.06,13.51,264.2,10090,,
TH2,62047,49.908,-2.8935,2026-06-04 13:00:00,13.7,83.2,10028,13.25,2.27,13.4,260.7,11202,,
TH2,62045,49.908,-2.8934,2026-06-04 12:00:00,13.9,80.1,10018,13.25,1.94,12.77,253.2,9403,,
TH2,62047,49.908,-2.8934,2026-06-04 12:00:00,13.9,80.6,10018,13.25,2.1,13.26,254.8,7825,,
TH2,62045,49.9081,-2.8934,2026-06-04 11:00:00,14,80.3,10012,13.29,1.79,11.16,251.3,10524,,
TH2,62047,49.9081,-2.8934,2026-06-04 11:00:00,13.9,80.8,10013,13.28,1.82,11.57,254,,,
TH2,62045,49.9081,-2.8934,2026-06-04 10:00:00,13.8,79.9,10003,13.31,1.45,9.55,249.3,11211,,
TH2,62047,49.9081,-2.8934,2026-06-04 10:00:00,13.8,80.2,10004,13.31,1.53,9.64,252.1,,,
TH2,62045,49.908,-2.8933,2026-06-04 09:00:00,13.4,83.6,9999,13.24,1.62,9.62,254.4,2452,,
TH2,62047,49.908,-2.8933,2026-06-04 09:00:00,13.4,83.1,10000,13.24,1.59,9.93,258.8,,,
TH2,62045,49.908,-2.8933,2026-06-04 08:00:00,13.7,83,9994,13.27,1.74,10.28,257.3,11640,,
TH2,62047,49.908,-2.8933,2026-06-04 08:00:00,13.7,83,9995,13.27,1.69,10.3,259.7,,,
TH2,62045,49.9079,-2.8937,2026-06-04 07:00:00,13.8,81.9,9989,13.28,1.41,9.35,245.3,11054,,
TH2,62047,49.9079,-2.8937,2026-06-04 07:00:00,13.7,82.5,9989,13.28,1.64,9.93,248.2,,,
TH2,62045,49.9077,-2.8943,2026-06-04 06:00:00,13.2,90.1,9984,13.29,1.66,10.85,248.7,1949,,
TH2,62047,49.9077,-2.8943,2026-06-04 06:00:00,13.2,89.6,9986,13.29,1.76,10.69,247.1,,,
TH2,62045,49.9075,-2.895,2026-06-04 05:00:00,13.7,86.1,9981,13.25,1.67,10.31,249.1,10728,,
TH2,62047,49.9075,-2.895,2026-06-04 05:00:00,13.6,86.3,9980,13.25,1.7,10.29,244.2,,,
TH2,62045,49.9076,-2.8953,2026-06-04 04:00:00,13.8,86.8,9979,13.2,1.64,10.69,245.4,10326,,
TH2,62047,49.9076,-2.8953,2026-06-04 04:00:00,13.7,87.2,9981,13.2,1.58,8.61,245.5,,,
TH2,62045,49.9077,-2.8951,2026-06-04 03:00:00,13.4,86.8,9982,13.24,1.6,9.74,235.6,12042,,
TH2,62047,49.9077,-2.8951,2026-06-04 03:00:00,13.4,87.4,9983,13.24,1.73,8.29,236.2,,,
TH2,62045,49.9079,-2.8947,2026-06-04 02:00:00,14,85,9985,13.27,1.81,12.13,234.9,10125,,
TH2,62047,49.9079,-2.8947,2026-06-04 02:00:00,13.9,86,9986,13.27,1.78,10.16,236.7,,,
TH2,62045,49.9082,-2.8938,2026-06-04 01:00:00,14,88.6,9992,13.27,1.8,11.25,233.1,9775,,
TH2,62047,49.9082,-2.8938,2026-06-04 01:00:00,14,88.5,9992,13.27,1.89,11.44,232.2,,,
TH2,62045,49.9082,-2.8936,2026-06-04 00:00:00,12.8,95.2,9998,13.27,1.64,11.04,254.7,1915,,
TH2,62047,49.9082,-2.8936,2026-06-04 00:00:00,12.8,95,9999,13.27,1.75,11,256.8,,,
TH2,62045,49.9082,-2.8935,2026-06-03 23:00:00,14.1,89,10001,13.28,1.85,10.79,225.2,7402,,
TH2,62047,49.9082,-2.8935,2026-06-03 23:00:00,14.1,89.1,10002,13.28,1.77,11.39,227.6,,,
TH2,62045,49.9081,-2.8934,2026-06-03 22:00:00,14.3,87,10004,13.27,1.84,11.58,224.6,6468,,
TH2,62047,49.9081,-2.8934,2026-06-03 22:00:00,14.3,88.1,10005,13.27,1.92,9.52,230.1,,,
TH2,62045,49.9081,-2.8933,2026-06-03 21:00:00,13.9,91.6,10007,13.28,1.42,8.97,231.7,7696,,
TH2,62047,49.9081,-2.8933,2026-06-03 21:00:00,13.8,92,10008,13.28,1.43,7.7,233.2,,,
TH2,62045,49.908,-2.8933,2026-06-03 20:00:00,14.2,89.4,10012,13.35,1.4,8.74,226.7,7295,,
TH2,62047,49.908,-2.8933,2026-06-03 20:00:00,14.2,88.9,10012,13.35,1.5,8.85,230.5,,,
TH2,62045,49.908,-2.8934,2026-06-03 19:00:00,14.3,88,10013,13.4,1.66,9.95,237.6,6463,,
TH2,62047,49.908,-2.8934,2026-06-03 19:00:00,14.3,88.1,10014,13.4,1.72,10.67,238,6714,,
TH2,62045,49.9078,-2.8941,2026-06-03 18:00:00,14.7,85.7,10019,13.43,1.83,12.38,232.5,7553,,
TH2,62047,49.9078,-2.8941,2026-06-03 18:00:00,14.7,85.7,10021,13.43,1.77,12.07,230.4,7763,,
TH2,62045,49.9075,-2.8948,2026-06-03 17:00:00,14.6,86,10022,13.46,1.56,10.26,240,7994,,
TH2,62047,49.9075,-2.8948,2026-06-03 17:00:00,14.6,86.6,10023,13.46,1.82,9.88,237.6,8493,,
TH2,62045,49.9075,-2.895,2026-06-03 16:00:00,14.6,87.9,10024,13.33,1.95,11.9,231.5,4497,,
TH2,62047,49.9075,-2.8951,2026-06-03 16:00:00,14.6,87.7,10025,13.33,1.97,10.38,228,4086,,
TH2,62045,49.9077,-2.895,2026-06-03 15:00:00,14.8,84.5,10026,13.25,1.68,10.7,237.1,6217,,
TH2,62047,49.9077,-2.895,2026-06-03 15:00:00,14.8,85,10028,13.25,1.55,8.71,236,7813,,
TH2,62045,49.9078,-2.8947,2026-06-03 14:00:00,15,84.6,10034,13.23,1.62,10.65,232.1,8490,,
TH2,62047,49.9078,-2.8947,2026-06-03 14:00:00,15,84.4,10036,13.22,1.58,8.56,232.1,8819,,
TH2,62045,49.9081,-2.8938,2026-06-03 13:00:00,15.1,82,10032,13.26,1.84,10.38,243.4,9112,,
TH2,62047,49.9081,-2.8938,2026-06-03 13:00:00,15.1,82.1,10033,13.26,1.9,10.08,242.5,9978,,
TH2,62045,49.9081,-2.8935,2026-06-03 12:00:00,14.9,86.9,10032,13.35,1.45,9.42,248.2,10093,,
TH2,62047,49.9081,-2.8935,2026-06-03 12:00:00,14.9,86.4,10032,13.35,1.53,8.93,251,10771,,
TH2,62045,49.9081,-2.8934,2026-06-03 11:00:00,14.8,97.1,10031,13.22,1.72,9.69,225.6,3391,,
TH2,62047,49.9081,-2.8934,2026-06-03 11:00:00,14.8,96.8,10032,13.22,1.76,11.01,226.7,5578,,
TH2,62045,49.9082,-2.8934,2026-06-03 10:00:00,14.3,98.1,10035,13.22,1.84,11.65,207.6,3011,,
TH2,62047,49.9082,-2.8934,2026-06-03 10:00:00,14.4,97,10035,13.22,1.88,12.32,205.7,1171,,
TH2,62045,49.9081,-2.8934,2026-06-03 09:00:00,13.8,98.1,10043,13.32,1.79,13.54,197.5,1834,,
TH2,62047,49.9081,-2.8934,2026-06-03 09:00:00,13.8,97.1,10043,13.32,1.67,12.42,189.1,1800,,
TH2,62045,49.908,-2.8933,2026-06-03 08:00:00,13.8,94.9,10051,13.6,1.63,11.7,195.3,1721,,
TH2,62047,49.908,-2.8933,2026-06-03 08:00:00,13.8,94.7,10052,13.59,1.74,11.84,204.9,1922,,
TH2,62045,49.9076,-2.8941,2026-06-03 07:00:00,13.7,92.1,10063,13.44,1.44,8.23,206.9,11465,,
TH2,62047,49.9076,-2.8941,2026-06-03 07:00:00,13.7,92.1,10064,13.45,1.37,9.26,200,13988,,
TH2,62045,49.9073,-2.8948,2026-06-03 06:00:00,14.1,87.6,10074,13.45,1.27,8.15,221,15482,,
TH2,62047,49.9073,-2.8948,2026-06-03 06:00:00,14.1,87.3,10074,13.45,1.26,8.14,222.2,15049,,
TH2,62045,49.9071,-2.8954,2026-06-03 05:00:00,13.9,89.4,10081,13.53,0.98,6.27,227,19647,,
TH2,62047,49.9071,-2.8954,2026-06-03 05:00:00,13.8,90,10082,13.53,0.95,5.35,222.6,20873,,
TH2,62045,49.9071,-2.8955,2026-06-03 04:00:00,14.1,86.3,10087,13.67,1.03,7.19,232.8,21702,,
TH2,62047,49.9071,-2.8955,2026-06-03 04:00:00,14,86.8,10087,13.67,0.89,5.51,232.8,23565,,
TH2,62045,49.9071,-2.8956,2026-06-03 03:00:00,14.2,85.7,10098,13.71,0.78,5.31,236.2,22522,,
TH2,62047,49.9071,-2.8955,2026-06-03 03:00:00,14.1,86,10099,13.71,0.78,3.81,238.4,25269,,
TH2,62045,49.9074,-2.8948,2026-06-03 02:00:00,13.8,88.5,10101,13.47,0.74,3.81,262.4,21072,,
TH2,62047,49.9074,-2.8948,2026-06-03 02:00:00,13.8,88.7,10102,13.47,0.89,5.51,257.2,28936,,
TH2,62045,49.9077,-2.8941,2026-06-03 01:00:00,14.5,76.9,10106,13.37,1.16,7.5,267.4,29309,,
TH2,62047,49.9077,-2.8941,2026-06-03 01:00:00,14.4,78,10108,13.37,1.14,7.15,262.1,39219,,
TH2,62045,49.9078,-2.8936,2026-06-03 00:00:00,14.2,84.1,10110,13.38,1.15,7.61,259.2,21715,,
TH2,62047,49.9079,-2.8936,2026-06-03 00:00:00,14.2,84.4,10111,13.38,1.17,6.87,255.4,25767,,
TH2,62045,49.9079,-2.8935,2026-06-02 23:00:00,14,88.6,10107,13.38,0.88,5.42,264.4,19891,,
TH2,62047,49.9079,-2.8935,2026-06-02 23:00:00,13.9,88.8,10108,13.38,1,5.25,272.2,23568,,
TH2,62045,49.9079,-2.8934,2026-06-02 22:00:00,14.2,86.4,10107,13.51,1.2,8.19,260,18572,,
TH2,62047,49.9079,-2.8934,2026-06-02 22:00:00,14.2,86.9,10108,13.51,1.25,6.81,266.6,15810,,
TH2,62045,49.9079,-2.8933,2026-06-02 21:00:00,14.3,87.7,10106,13.72,1.04,7.12,256.5,14926,,
TH2,62047,49.9079,-2.8933,2026-06-02 21:00:00,14.3,88.5,10107,13.72,1.17,6.23,262.4,13049,,
TH2,62045,49.9079,-2.8933,2026-06-02 20:00:00,14.3,88.4,10098,13.92,1.32,7.91,263.3,11910,,
TH2,62047,49.9079,-2.8933,2026-06-02 20:00:00,14.2,88.6,10098,13.92,1.26,8.37,268.6,14463,,
TH2,62045,49.9076,-2.8934,2026-06-02 19:00:00,14.4,86.4,10094,13.81,1.41,8.29,265.9,12726,,
TH2,62047,49.9076,-2.8934,2026-06-02 19:00:00,14.4,86.5,10094,13.81,1.51,9.27,269.1,11618,,
TH2,62045,49.9073,-2.894,2026-06-02 18:00:00,14.5,84.5,10089,13.74,1.59,9.89,261.8,12956,,
TH2,62047,49.9073,-2.894,2026-06-02 18:00:00,14.5,84.9,10089,13.74,1.55,10.44,264.2,13985,,
TH2,62045,49.907,-2.8945,2026-06-02 17:00:00,14.7,84.1,10090,13.75,1.48,10,267.5,13161,,
TH2,62047,49.907,-2.8945,2026-06-02 17:00:00,14.6,84.6,10091,13.75,1.71,9.75,265.3,14027,,
TH2,62045,49.907,-2.8949,2026-06-02 16:00:00,14.7,82.9,10082,13.81,1.58,11.66,274.1,14141,,
TH2,62047,49.9069,-2.8949,2026-06-02 16:00:00,14.7,83.2,10083,13.81,1.59,11.41,270.6,14289,,
TH2,62045,49.907,-2.895,2026-06-02 15:00:00,14.8,85.5,10083,13.89,1.42,10.26,271.6,11066,,
TH2,62047,49.907,-2.895,2026-06-02 15:00:00,14.6,86.3,10086,13.89,1.42,10.15,267,12043,,
TH2,62045,49.9073,-2.8946,2026-06-02 14:00:00,14.8,85,10076,13.96,1.61,10.64,265.2,11424,,
TH2,62047,49.9073,-2.8946,2026-06-02 14:00:00,14.7,85.4,10077,13.97,1.63,10.75,261.5,14876,,
TH2,62045,49.9075,-2.894,2026-06-02 13:00:00,14.8,84.4,10074,13.88,1.67,11.54,263.3,12614,,
TH2,62047,49.9075,-2.894,2026-06-02 13:00:00,14.7,84.8,10076,13.87,1.78,11.23,257.1,14474,,
TH2,62045,49.9078,-2.8935,2026-06-02 12:00:00,14.8,82.7,10069,13.66,1.66,11.37,258.4,14043,,
TH2,62047,49.9078,-2.8935,2026-06-02 12:00:00,14.8,82.8,10070,13.67,1.72,10.18,259.5,14316,,
TH2,62045,49.9079,-2.8934,2026-06-02 11:00:00,14.5,84.6,10067,13.91,1.38,7.99,262.6,16745,,
TH2,62047,49.9079,-2.8934,2026-06-02 11:00:00,14.5,84.6,10067,13.92,1.49,9.26,266.3,22112,,
TH2,62045,49.9079,-2.8934,2026-06-02 10:00:00,13.4,89.4,10062,14.03,1.25,7.68,261.1,14894,,
TH2,62047,49.9079,-2.8934,2026-06-02 10:00:00,13.4,89.3,10063,14.02,1.35,8.98,266.5,16642,,
TH2,62045,49.9079,-2.8933,2026-06-02 09:00:00,13.8,88,10061,14.08,1.49,10.23,281.4,22080,,
TH2,62047,49.9079,-2.8933,2026-06-02 09:00:00,13.7,88.6,10064,14.09,1.36,9.46,285.9,22373,,
TH2,62045,49.9079,-2.8933,2026-06-02 08:00:00,14,86.1,10057,14.13,0.91,6.02,263.6,18105,,
TH2,62047,49.9079,-2.8933,2026-06-02 08:00:00,14,85.9,10058,14.13,1.04,6.56,270.6,20178,,
TH2,62045,49.9078,-2.8936,2026-06-02 07:00:00,14.5,85.8,10055,13.9,1.05,7.22,261.7,12839,,
TH2,62047,49.9078,-2.8936,2026-06-02 07:00:00,14.4,86.1,10055,13.9,1.19,7.3,268.9,14683,,
TH2,62045,49.9076,-2.8942,2026-06-02 06:00:00,14.5,86.1,10051,14.09,1.29,8.37,268.7,12722,,
TH2,62047,49.9076,-2.8942,2026-06-02 06:00:00,14.5,86.6,10052,14.09,1.39,8.38,269.2,15060,,
TH2,62045,49.9073,-2.8949,2026-06-02 05:00:00,14.7,92,10049,14.16,0.95,6.4,259.9,9888,,
TH2,62047,49.9073,-2.8949,2026-06-02 05:00:00,14.7,91.7,10050,14.15,0.97,6.28,251.8,10246,,
TH2,62045,49.9073,-2.8952,2026-06-02 04:00:00,14.7,91.5,10054,14.01,0.55,2.64,253.6,11465,,
TH2,62047,49.9073,-2.8952,2026-06-02 04:00:00,14.7,91.5,10054,14.01,0.67,3.92,246.8,12300,,
TH2,62045,49.9073,-2.8953,2026-06-02 03:00:00,14.7,93.9,10053,14.32,0.78,6.19,272.4,10789,,
TH2,62047,49.9073,-2.8953,2026-06-02 03:00:00,14.8,93.1,10054,14.32,0.86,5.25,263.6,11370,,
TH2,62045,49.9074,-2.8951,2026-06-02 02:00:00,14.9,95.6,10058,14.47,0.78,5.99,265,12258,,
TH2,62047,49.9074,-2.8951,2026-06-02 02:00:00,14.9,94.9,10060,14.47,0.92,5.13,256.5,12841,,
TH2,62045,49.9077,-2.8946,2026-06-02 01:00:00,15.1,97.9,10064,14.42,0.93,6.95,246.2,3996,,
TH2,62047,49.9077,-2.8946,2026-06-02 01:00:00,15.1,97.8,10065,14.42,1.07,6.29,239.4,3598,,
TH2,62045,49.908,-2.8939,2026-06-02 00:00:00,15.2,97.9,10069,14.32,0.95,6.34,216.2,595,,
TH2,62047,49.908,-2.8939,2026-06-02 00:00:00,15.2,97.6,10069,14.32,0.93,6.29,210.4,1278,,
TH2,62045,49.9081,-2.8936,2026-06-01 23:00:00,15.2,97.7,10077,14.42,0.96,6.76,204.7,13077,,
TH2,62047,49.9081,-2.8936,2026-06-01 23:00:00,15.2,97.2,10077,14.42,1.03,7.28,204,18901,,
TH2,62045,49.9081,-2.8935,2026-06-01 22:00:00,15.3,98.6,10085,14.64,1.04,6.95,201.4,9331,,
TH2,62047,49.9081,-2.8935,2026-06-01 22:00:00,15.3,97.2,10086,14.64,1.16,7.84,207,1973,,
TH2,62045,49.9081,-2.8934,2026-06-01 21:00:00,15.4,96.9,10094,14.65,1.15,7.69,204.8,9420,,
TH2,62047,49.9081,-2.8934,2026-06-01 21:00:00,15.4,96.7,10094,14.65,1.19,7.9,199.2,13208,,
TH2,62045,49.9081,-2.8934,2026-06-01 20:00:00,15.4,96.1,10095,14.41,1.01,7.63,190,10702,,
TH2,62047,49.9081,-2.8934,2026-06-01 20:00:00,15.4,96.2,10096,14.41,1.14,8.6,204.2,9840,,
TH2,62045,49.908,-2.8935,2026-06-01 19:00:00,15.6,95.6,10102,14.45,1.18,5.78,218.8,7003,,
TH2,62047,49.908,-2.8935,2026-06-01 19:00:00,15.6,95.2,10102,14.45,1.2,8.1,216.2,6825,,
TH2,62045,49.9078,-2.8939,2026-06-01 18:00:00,15.7,93.9,10110,14.77,1.14,6.25,216,9080,,
TH2,62047,49.9078,-2.8939,2026-06-01 18:00:00,15.7,93.5,10110,14.77,1.07,7.83,214.3,11044,,
TH2,62045,49.9076,-2.8946,2026-06-01 17:00:00,15.5,92.5,10119,14.68,0.83,5.08,198,3964,,
TH2,62047,49.9076,-2.8946,2026-06-01 17:00:00,15.5,92.8,10120,14.68,0.86,5.21,199.4,4826,,
TH2,62045,49.9074,-2.895,2026-06-01 16:00:00,15.4,92,10126,14.75,0.65,4.35,188.2,12444,,
TH2,62047,49.9074,-2.895,2026-06-01 16:00:00,15.4,91.6,10127,14.75,0.68,2.85,191,13571,,
TH2,62045,49.9074,-2.8952,2026-06-01 15:00:00,15.5,89.5,10134,14.77,0.8,6.33,172.6,13892,,
TH2,62047,49.9074,-2.8952,2026-06-01 15:00:00,15.7,88.4,10134,14.76,0.96,6.68,185,15217,,
TH2,62045,49.9075,-2.8952,2026-06-01 14:00:00,15.3,90.6,10143,14.56,0.87,6.37,172.4,13187,,
TH2,62047,49.9075,-2.8951,2026-06-01 14:00:00,15.5,90,10144,14.56,0.94,7.04,184.6,14564,,
TH2,62045,49.9076,-2.8949,2026-06-01 13:00:00,15.2,92.1,10150,14.45,0.82,6.26,190.1,8827,,
TH2,62047,49.9076,-2.8949,2026-06-01 13:00:00,15.4,91.6,10150,14.46,0.97,5.88,199,11878,,
TH2,62045,49.9079,-2.8942,2026-06-01 12:00:00,15.3,90.8,10156,14.38,0.97,6.85,203.5,13115,,
TH2,62047,49.9079,-2.8942,2026-06-01 12:00:00,15.3,90.9,10157,14.38,0.97,5.53,204.2,14530,,
TH2,62045,49.908,-2.8938,2026-06-01 11:00:00,15.1,90.9,10157,14.38,1.17,6.86,195.3,14063,,
TH2,62047,49.908,-2.8938,2026-06-01 11:00:00,15.1,91.2,10158,14.37,1.03,7.45,193.1,15768,,
TH2,62045,49.908,-2.8937,2026-06-01 10:00:00,15,91.9,10159,14.35,1.04,6.02,197,12602,,
TH2,62047,49.908,-2.8937,2026-06-01 10:00:00,14.9,92.4,10160,14.35,0.96,7.13,193.1,13269,,
TH2,62045,49.908,-2.8936,2026-06-01 09:00:00,15.1,92.1,10164,14.63,0.81,5.44,198.5,12890,,
TH2,62047,49.908,-2.8936,2026-06-01 09:00:00,15,92.6,10165,14.63,0.74,5.6,194.4,13386,,
TH2,62045,49.908,-2.8936,2026-06-01 08:00:00,15.2,91.3,10168,14.89,0.6,2.67,218.5,15219,,
TH2,62047,49.908,-2.8936,2026-06-01 08:00:00,15.1,91.5,10168,14.89,0.81,4.68,211.9,14672,,
TH2,62045,49.9078,-2.894,2026-06-01 07:00:00,15.2,88.6,10170,14.65,0.61,2.83,234.3,17962,,
TH2,62047,49.9078,-2.894,2026-06-01 07:00:00,15.2,88.8,10170,14.65,0.73,4.24,227.6,21202,,
TH2,62045,49.9075,-2.8947,2026-06-01 06:00:00,15,87.9,10173,14.15,0.71,3.92,234.4,14845,,
TH2,62047,49.9075,-2.8947,2026-06-01 06:00:00,15,88.4,10173,14.15,0.68,4.55,239.1,17018,,
TH2,62045,49.9073,-2.8951,2026-06-01 05:00:00,14.8,91,10172,13.98,0.73,4.73,222.8,12338,,
TH2,62047,49.9073,-2.8951,2026-06-01 05:00:00,14.8,91.4,10173,13.98,0.72,4.36,227.9,13675,,
TH2,62045,49.9072,-2.8955,2026-06-01 04:00:00,14.9,92.2,10175,14.24,0.55,3.38,217.7,12077,,
TH2,62047,49.9072,-2.8955,2026-06-01 04:00:00,14.8,92.2,10176,14.23,0.43,2.16,220.5,13518,,
TH2,62045,49.9071,-2.8956,2026-06-01 03:00:00,15.1,90.3,10181,14.59,0.53,3.33,232.3,12796,,
TH2,62047,49.9071,-2.8956,2026-06-01 03:00:00,15,90.8,10181,14.59,0.55,2.46,232.4,14244,,
TH2,62045,49.9071,-2.8956,2026-06-01 02:00:00,15.2,90.8,10184,14.77,0.63,4.58,244.1,12665,,
TH2,62047,49.9071,-2.8956,2026-06-01 02:00:00,15.1,91.2,10185,14.77,0.67,3.93,240.4,13756,,
TH2,62045,49.9074,-2.8951,2026-06-01 01:00:00,15.2,90.2,10190,14.68,0.6,4.12,255.6,13710,,
TH2,62047,49.9074,-2.8951,2026-06-01 01:00:00,15.1,90.6,10191,14.68,0.6,3.52,247.9,15439,,
TH2,62045,49.9077,-2.8945,2026-06-01 00:00:00,15.1,92.4,10192,14.55,0.62,4.49,262.8,12438,,
TH2,62047,49.9077,-2.8945,2026-06-01 00:00:00,15.1,92.6,10193,14.56,0.66,4.03,254.1,14513,,
TH2,62045,49.9079,-2.8939,2026-05-31 23:00:00,15.2,91.1,10192,14.5,0.73,5.19,256.9,13287,,
TH2,62047,49.9079,-2.8939,2026-05-31 23:00:00,15.1,91.3,10192,14.5,0.78,4.53,257.2,15376,,
TH2,62045,49.9079,-2.8937,2026-05-31 22:00:00,15.2,90.6,10196,14.51,0.8,5.7,260.1,13654,,
TH2,62047,49.9079,-2.8937,2026-05-31 22:00:00,15.2,90.9,10197,14.51,0.86,5.72,269.6,15204,,
TH2,62045,49.908,-2.8936,2026-05-31 21:00:00,15.3,91,10195,14.84,0.81,5.65,256.6,12350,,
TH2,62047,49.9079,-2.8936,2026-05-31 21:00:00,15.2,91.1,10196,14.84,0.75,5.63,265.9,14029,,
TH2,62045,49.9079,-2.8936,2026-05-31 20:00:00,15.4,88.9,10195,14.95,0.95,6.7,258.9,13923,,
TH2,62047,49.9079,-2.8936,2026-05-31 20:00:00,15.4,89.1,10195,14.94,0.87,6.69,268.2,15909,,
TH2,62045,49.9079,-2.8937,2026-05-31 19:00:00,15.5,89.1,10192,14.74,0.82,5.06,253,9793,,
TH2,62047,49.9079,-2.8937,2026-05-31 19:00:00,15.5,89,10193,14.75,0.84,5.81,260.5,14766,,
TH2,62045,49.9077,-2.8941,2026-05-31 18:00:00,15.4,89.3,10191,14.49,0.88,5.55,254.4,10720,,
TH2,62047,49.9077,-2.8941,2026-05-31 18:00:00,15.4,89.2,10192,14.49,0.87,6.62,259.5,13238,,
TH2,62045,49.9074,-2.8948,2026-05-31 17:00:00,15.5,89.1,10191,14.48,1.07,6.55,250,12284,,
TH2,62047,49.9074,-2.8948,2026-05-31 17:00:00,15.5,88.7,10192,14.48,1.09,6.96,255.8,14607,,
TH2,62045,49.9072,-2.8953,2026-05-31 16:00:00,15.6,86.8,10195,14.33,1.12,7.27,258,14726,,
TH2,62047,49.9072,-2.8952,2026-05-31 16:00:00,15.4,87.8,10196,14.33,1.03,6.88,248.2,13895,,
TH2,62045,49.9071,-2.8955,2026-05-31 15:00:00,15.8,85.6,10199,14.42,0.83,6.26,258.6,14869,,
TH2,62047,49.9071,-2.8955,2026-05-31 15:00:00,15.4,87.7,10200,14.42,0.84,5.01,250.5,16322,,
TH2,62045,49.9071,-2.8956,2026-05-31 14:00:00,16,85.4,10200,14.95,0.77,6.13,268,14771,,
TH2,62047,49.9071,-2.8956,2026-05-31 14:00:00,15.5,87.6,10202,14.95,0.86,5.04,260.1,15998,,
TH2,62045,49.9074,-2.8951,2026-05-31 13:00:00,15.7,85.3,10198,14.75,0.88,6.58,269.7,16481,,
TH2,62047,49.9074,-2.8951,2026-05-31 13:00:00,15.3,87.6,10200,14.75,0.87,5.73,262.5,17737,,
TH2,62045,49.9078,-2.8945,2026-05-31 12:00:00,15.6,85,10198,14.94,0.82,6.27,270.1,17946,,
TH2,62047,49.9078,-2.8945,2026-05-31 12:00:00,15.3,86.5,10199,14.93,0.88,6.02,257.4,19044,,
TH2,62045,49.908,-2.894,2026-05-31 11:00:00,15.1,87.9,10194,14.97,0.71,4.74,260.5,17545,,
TH2,62047,49.908,-2.894,2026-05-31 11:00:00,15.1,87.6,10194,14.97,0.82,4.77,265.1,20720,,
TH2,62045,49.9081,-2.8937,2026-05-31 10:00:00,15.1,88.8,10193,14.96,0.8,4.69,274.4,18176,,
TH2,62047,49.9081,-2.8937,2026-05-31 10:00:00,15.1,88.5,10194,14.95,0.73,4.56,284.8,21147,,
TH2,62045,49.9082,-2.8936,2026-05-31 09:00:00,15.2,86.6,10191,14.93,0.77,5.87,262.7,22304,,
TH2,62047,49.9082,-2.8937,2026-05-31 09:00:00,15.2,86.7,10192,14.93,0.72,5.49,272.6,27604,,
TH2,62045,49.9082,-2.8936,2026-05-31 08:00:00,15.3,87.6,10188,15.21,0.91,7.27,279.3,22821,,
TH2,62047,49.9082,-2.8936,2026-05-31 08:00:00,15.3,87.6,10189,15.22,0.85,6.55,288.7,27248,,
TH2,62045,49.9082,-2.8938,2026-05-31 07:00:00,15.2,87.4,10178,14.74,0.77,6.23,287.5,24235,,
TH2,62047,49.9081,-2.8939,2026-05-31 07:00:00,15.1,88,10179,14.74,0.74,5.75,299.2,26064,,
TH2,62045,49.9078,-2.8946,2026-05-31 06:00:00,15,97.1,10178,13.92,0.74,5.95,267.7,16090,,
TH2,62047,49.9078,-2.8946,2026-05-31 06:00:00,15,97,10179,13.92,0.7,5.23,276.7,21546,,
TH2,62045,49.9076,-2.895,2026-05-31 05:00:00,15,98.5,10178,13.72,0.74,5.67,246.6,1796,,
TH2,62047,49.9076,-2.895,2026-05-31 05:00:00,15,97.9,10178,13.72,0.87,5.64,258.4,2267,,
TH2,62045,49.9074,-2.8955,2026-05-31 04:00:00,15.1,96.1,10179,13.89,0.63,4.8,237.6,2441,,
TH2,62047,49.9074,-2.8955,2026-05-31 04:00:00,15.1,95.8,10180,13.88,0.68,3.79,233.5,5625,,
TH2,62045,49.9073,-2.8958,2026-05-31 03:00:00,15.3,94.1,10179,13.81,0.73,5.83,254.1,11221,,
TH2,62047,49.9073,-2.8958,2026-05-31 03:00:00,15.3,93.9,10180,13.81,0.79,5.05,246.9,14144,,
TH2,62045,49.9073,-2.8959,2026-05-31 02:00:00,15.5,92.3,10182,14.93,0.66,5.05,263.6,13696,,
TH2,62047,49.9073,-2.8959,2026-05-31 02:00:00,15.5,92.2,10183,14.94,0.74,4.02,255.4,17482,,
TH2,62045,49.9073,-2.8958,2026-05-31 01:00:00,15.5,90.7,10188,15.4,0.61,4.05,272,14898,,
TH2,62047,49.9073,-2.8958,2026-05-31 01:00:00,15.5,90.4,10189,15.4,0.62,3.13,265.1,18660,,
TH2,62045,49.9077,-2.895,2026-05-31 00:00:00,15.4,88.4,10189,15.03,0.7,5.49,283.2,17259,,
TH2,62047,49.9077,-2.895,2026-05-31 00:00:00,15.4,88.1,10190,15.03,0.83,5.66,271.7,21313,,
TH2,62045,49.908,-2.8943,2026-05-30 23:00:00,15.6,86.6,10193,15.49,0.88,6.87,287.9,16788,,
TH2,62047,49.908,-2.8943,2026-05-30 23:00:00,15.6,86.2,10193,15.49,0.92,6.78,270.9,20735,,
TH2,62045,49.9082,-2.8939,2026-05-30 22:00:00,15.7,87.6,10192,15.5,0.88,5.46,281.4,15747,,
TH2,62047,49.9082,-2.8939,2026-05-30 22:00:00,15.7,87.6,10193,15.5,0.87,6.07,279.5,18879,,
TH2,62045,49.9083,-2.8938,2026-05-30 21:00:00,16,85,10189,15.77,0.98,7.11,268.3,16777,,
TH2,62047,49.9083,-2.8938,2026-05-30 21:00:00,16,85,10189,15.78,0.99,7.23,276.6,19402,,
TH2,62045,49.9083,-2.8937,2026-05-30 20:00:00,16.1,84.5,10184,15.81,1.03,8.02,262.3,16676,,
TH2,62047,49.9083,-2.8937,2026-05-30 20:00:00,16.1,84.6,10185,15.81,0.95,7.85,271.5,20055,,
TH2,62045,49.9084,-2.894,2026-05-30 19:00:00,16.1,83.3,10184,15.86,1.05,8.3,261.7,12273,,
TH2,62047,49.9084,-2.894,2026-05-30 19:00:00,16.1,83.2,10185,15.86,0.95,7.71,271.7,21275,,
TH2,62045,49.9081,-2.8945,2026-05-30 18:00:00,16.2,78.5,10187,15.68,1.03,7.79,262.8,26825,,
TH2,62047,49.9081,-2.8945,2026-05-30 18:00:00,16.2,78.8,10187,15.69,0.99,7.03,272.4,41606,,
TH2,62045,49.908,-2.8947,2026-05-30 17:00:00,16.1,80.2,10191,15.13,0.79,6.18,256.1,30728,,
TH2,62047,49.908,-2.8947,2026-05-30 17:00:00,16.1,80.3,10191,15.14,0.71,5.65,266.1,48590,,
TH2,62045,49.9078,-2.8951,2026-05-30 16:00:00,16.2,80.9,10194,15.06,0.66,4.72,268.9,31995,,
TH2,62047,49.9078,-2.8951,2026-05-30 16:00:00,16.1,81.7,10194,15.03,0.64,4.68,260.5,53690,,
TH2,62045,49.9077,-2.8954,2026-05-30 15:00:00,16.9,75.7,10197,15.34,0.45,3.41,267.5,36082,,
TH2,62047,49.9077,-2.8954,2026-05-30 15:00:00,16.1,79,10198,15.37,0.47,3.15,260.6,55039,,
TH2,62045,49.9076,-2.8955,2026-05-30 14:00:00,16.7,74.6,10206,15.84,0.53,3.87,287.5,41538,,
TH2,62047,49.9076,-2.8955,2026-05-30 14:00:00,16.1,77.3,10207,15.92,0.61,4.11,275.7,66565,,
TH2,62045,49.9077,-2.8956,2026-05-30 13:00:00,16.6,73.5,10206,15.87,0.42,3.22,306.2,38151,,
TH2,62047,49.9077,-2.8956,2026-05-30 13:00:00,15.7,77.1,10206,15.94,0.46,3.59,289.8,65448,,
TH2,62045,49.9077,-2.8956,2026-05-30 12:00:00,16.2,73.2,10208,15.84,0.5,4.18,327.8,38631,,
TH2,62047,49.9077,-2.8956,2026-05-30 12:00:00,15.5,75.9,10208,15.86,0.54,3.98,311.3,75000,,
TH2,62045,49.9079,-2.8952,2026-05-30 11:00:00,15.7,75.1,10207,15.65,0.52,4.1,352.3,35663,,
TH2,62047,49.9079,-2.8952,2026-05-30 11:00:00,15.2,77.3,10207,15.65,0.46,3.37,340.1,50468,,
TH2,62045,49.908,-2.8947,2026-05-30 10:00:00,15,78.8,10208,15.34,0.72,5.16,339.4,31915,,
TH2,62047,49.908,-2.8947,2026-05-30 10:00:00,14.9,79.2,10208,15.33,0.72,5.26,344,47097,,
TH2,62045,49.9081,-2.8945,2026-05-30 09:00:00,15,80.9,10211,15.4,0.62,5.14,333.4,31961,,
TH2,62047,49.9081,-2.8945,2026-05-30 09:00:00,15.2,79.8,10211,15.4,0.73,6.04,346.1,48738,,
TH2,62045,49.9082,-2.8945,2026-05-30 08:00:00,15,77.4,10210,15.49,0.58,4.81,342,30492,,
TH2,62047,49.9082,-2.8945,2026-05-30 08:00:00,15.1,76.9,10210,15.49,0.71,5.69,353.3,47568,,
TH2,62045,49.9082,-2.8944,2026-05-30 07:00:00,14.8,78.8,10208,15.31,0.61,4.54,348.9,26615,,
TH2,62047,49.9082,-2.8944,2026-05-30 07:00:00,15,78.1,10209,15.31,0.67,5.3,359.6,33976,,
TH2,62045,49.9082,-2.8945,2026-05-30 06:00:00,14.6,76.8,10208,15.18,0.53,3.86,3,33096,,
TH2,62047,49.9082,-2.8946,2026-05-30 06:00:00,14.9,75.9,10208,15.19,0.51,3.23,12.4,47664,,
TH2,62045,49.908,-2.8948,2026-05-30 05:00:00,14.3,81.1,10210,14.83,0.49,3.66,10,34314,,
TH2,62047,49.908,-2.8948,2026-05-30 05:00:00,14.3,81.2,10211,14.83,0.44,1.96,15.4,47881,,
TH2,62045,49.9078,-2.8952,2026-05-30 04:00:00,14.3,80.2,10214,14.76,0.59,4.33,21.7,33136,,
TH2,62047,49.9078,-2.8952,2026-05-30 04:00:00,14.2,81.1,10214,14.52,0.59,4.12,30,46438,,
TH2,62045,49.9077,-2.8954,2026-05-30 03:00:00,15,74.1,10217,15.16,0.49,2.11,25.1,36435,,
TH2,62047,49.9078,-2.8954,2026-05-30 03:00:00,14.9,74.4,10218,15.16,0.6,4.5,16.1,59563,,
TH2,62045,49.9077,-2.8955,2026-05-30 02:00:00,15.6,71.6,10221,15.5,0.66,3.37,7.7,38089,,
TH2,62047,49.9077,-2.8955,2026-05-30 02:00:00,15.6,71.9,10221,15.52,0.56,4.55,10.7,66479,,
TH2,62045,49.9077,-2.8956,2026-05-30 01:00:00,15.8,77.9,10221,15.66,0.62,4.42,11.7,28762,,
TH2,62047,49.9077,-2.8956,2026-05-30 01:00:00,15.8,78.1,10221,15.7,0.51,4.3,10.9,43057,,
TH2,62045,49.9077,-2.8957,2026-05-30 00:00:00,15.7,92.7,10226,15.67,0.58,4.92,1,13738,,
TH2,62047,49.9077,-2.8957,2026-05-30 00:00:00,15.7,92.4,10226,15.67,0.45,3.79,351.4,18595,,
TH2,62045,49.908,-2.8952,2026-05-29 23:00:00,15.9,90.7,10229,15.85,0.52,4.25,354.6,15632,,
TH2,62047,49.908,-2.8952,2026-05-29 23:00:00,15.9,90.4,10229,15.85,0.41,3.48,342,19409,,
TH2,62045,49.9081,-2.8948,2026-05-29 22:00:00,16.2,85.9,10229,16.08,0.54,4.12,327.5,20668,,
TH2,62047,49.9081,-2.8948,2026-05-29 22:00:00,16.2,85.7,10229,16.09,0.44,3.5,320.5,25926,,
TH2,62045,49.9082,-2.8946,2026-05-29 21:00:00,16,90.6,10228,16.09,0.49,3.94,316.6,17284,,
TH2,62047,49.9082,-2.8946,2026-05-29 21:00:00,15.9,90.5,10229,16.1,0.54,4.3,329.7,21889,,
TH2,62045,49.9082,-2.8945,2026-05-29 20:00:00,15.9,86,10227,15.97,0.46,3.99,305.1,24280,,
TH2,62047,49.9082,-2.8945,2026-05-29 20:00:00,15.9,86.3,10228,15.97,0.48,3.9,318.8,32813,,
TH2,62045,49.9083,-2.8945,2026-05-29 19:00:00,16.1,86.2,10227,15.91,0.45,3.73,312.5,13530,,
TH2,62047,49.9083,-2.8945,2026-05-29 19:00:00,16.2,85.9,10228,16.01,0.44,3.86,326.9,33058,,
TH2,62045,49.9083,-2.8945,2026-05-29 18:00:00,16.2,85.8,10229,16.05,0.42,3.11,286.3,10943,,
TH2,62047,49.9083,-2.8945,2026-05-29 18:00:00,16.2,85.9,10230,16.18,0.38,2.97,299.5,31355,,
TH2,62045,49.9081,-2.8947,2026-05-29 17:00:00,16.2,86,10230,15.73,0.28,2.01,281,19459,,
TH2,62047,49.9081,-2.8947,2026-05-29 17:00:00,16.2,86.1,10231,15.76,0.25,1.82,289.3,27331,,
TH2,62045,49.908,-2.8949,2026-05-29 16:00:00,16.2,86.6,10237,15.66,0.24,1.07,205.1,20957,,
TH2,62047,49.908,-2.8949,2026-05-29 16:00:00,16,87.3,10238,15.7,0.23,1.12,208.5,22346,,
TH2,62045,49.9078,-2.8951,2026-05-29 15:00:00,15.9,87.9,10238,15.74,0.62,5.34,316.9,18764,,
TH2,62047,49.9078,-2.8951,2026-05-29 15:00:00,15.7,89,10239,15.76,0.5,4.2,308.3,20154,,
TH2,62045,49.9077,-2.8953,2026-05-29 14:00:00,16.7,84,10242,15.61,0.33,2.37,312.6,19860,,
TH2,62047,49.9078,-2.8953,2026-05-29 14:00:00,15.8,88.5,10242,15.67,0.34,2.24,297.5,19295,,
TH2,62045,49.9077,-2.8954,2026-05-29 13:00:00,16.1,87.5,10243,15.77,0.4,1.37,315.7,18676,,
TH2,62047,49.9077,-2.8954,2026-05-29 13:00:00,15.8,90.1,10244,15.81,0.36,1.19,305.3,19124,,
TH2,62045,49.9078,-2.8955,2026-05-29 12:00:00,15.9,89.3,10240,15.59,0.46,3.45,354,15811,,
TH2,62047,49.9078,-2.8955,2026-05-29 12:00:00,15.5,90.9,10240,15.62,0.36,2.75,341.9,14675,,
TH2,62045,49.9079,-2.8952,2026-05-29 11:00:00,16.1,86.9,10243,15.76,0.31,1.56,353.4,19352,,
TH2,62047,49.9079,-2.8952,2026-05-29 11:00:00,15.6,90.1,10243,15.8,0.29,1.53,349.8,18077,,
TH2,62045,49.9081,-2.8948,2026-05-29 10:00:00,15.5,90.1,10245,15.57,0.38,1.98,277.3,17181,,
TH2,62047,49.9081,-2.8948,2026-05-29 10:00:00,15.6,89.5,10246,15.54,0.39,1.89,289.7,20906,,
TH2,62045,49.9082,-2.8946,2026-05-29 09:00:00,15.4,89.9,10239,15.59,0.45,3.18,290,18600,,
TH2,62047,49.9082,-2.8946,2026-05-29 09:00:00,15.5,89.4,10240,15.6,0.47,3.29,303.8,24920,,
TH2,62045,49.9082,-2.8945,2026-05-29 08:00:00,15.4,90.6,10235,15.6,0.52,4.2,290.6,19379,,
TH2,62047,49.9082,-2.8945,2026-05-29 08:00:00,15.4,90.6,10236,15.6,0.47,3.84,302.8,26246,,
TH2,62045,49.9083,-2.8945,2026-05-29 07:00:00,15.1,91.1,10229,15.25,0.46,3.87,292.4,22795,,
TH2,62047,49.9083,-2.8945,2026-05-29 07:00:00,15.1,91.2,10230,15.25,0.44,3.57,304.5,31093,,
TH2,62045,49.9082,-2.8945,2026-05-29 06:00:00,15.1,90.8,10224,15.54,0.46,3.79,316.2,17363,,
TH2,62047,49.9082,-2.8945,2026-05-29 06:00:00,15,90.9,10225,15.54,0.52,3.92,330.2,21087,,
TH2,62045,49.9081,-2.8946,2026-05-29 05:00:00,15,90.8,10216,15.03,0.34,2.54,330.4,17935,,
TH2,62047,49.9081,-2.8946,2026-05-29 05:00:00,15,91.2,10217,15.03,0.42,2.82,341.3,22850,,
TH2,62045,49.908,-2.8949,2026-05-29 04:00:00,15.1,89.8,10215,14.95,0.51,3.73,320.9,18820,,
TH2,62047,49.908,-2.895,2026-05-29 04:00:00,15,90.1,10216,14.94,0.57,3.71,331.2,21698,,
TH2,62045,49.9078,-2.8952,2026-05-29 03:00:00,15.3,92.1,10212,14.93,0.44,2.93,336.3,14084,,
TH2,62047,49.9078,-2.8952,2026-05-29 03:00:00,15.3,92.2,10213,14.92,0.48,2.81,328.4,17143,,
TH2,62045,49.9077,-2.8954,2026-05-29 02:00:00,15.7,85.5,10212,15.19,0.67,5.51,338.5,20045,,
TH2,62047,49.9077,-2.8954,2026-05-29 02:00:00,15.7,85.4,10212,15.2,0.58,4.61,325.3,24422,,
TH2,62045,49.9077,-2.8956,2026-05-29 01:00:00,15.9,89.9,10211,15.68,0.72,6.18,323.5,14243,,
TH2,62047,49.9077,-2.8955,2026-05-29 01:00:00,15.9,89.6,10212,15.68,0.7,5.83,306.5,16160,,
TH2,62045,49.9077,-2.8956,2026-05-29 00:00:00,16.1,90,10210,15.56,0.71,6.03,295.8,14603,,
TH2,62047,49.9077,-2.8956,2026-05-29 00:00:00,16.2,89.5,10211,15.57,0.78,6.74,279.9,17022,,
TH2,62045,49.9079,-2.8954,2026-05-28 23:00:00,16.1,90.8,10209,15.84,0.58,4.59,276.1,14219,,
TH2,62047,49.9079,-2.8954,2026-05-28 23:00:00,16.2,90.3,10210,15.84,0.53,3.86,270.5,16433,,
TH2,62045,49.9081,-2.8949,2026-05-28 22:00:00,16,93.8,10212,15.92,0.59,4.71,290,9797,,
TH2,62047,49.9081,-2.8949,2026-05-28 22:00:00,16.1,93.4,10212,15.92,0.62,5.2,271.4,11432,,
TH2,62045,49.9082,-2.8945,2026-05-28 21:00:00,16.1,93.9,10211,15.44,0.54,2.89,275.6,10173,,
TH2,62047,49.9082,-2.8945,2026-05-28 21:00:00,16.1,94,10211,15.73,0.44,3.31,275.1,11914,,
TH2,62045,49.9083,-2.8944,2026-05-28 20:00:00,16,95.3,10206,15.89,0.37,2.33,259.4,8124,,
TH2,62047,49.9083,-2.8944,2026-05-28 20:00:00,15.9,95.5,10207,15.89,0.33,2.29,271.2,9637,,
TH2,62045,49.9084,-2.8944,2026-05-28 19:00:00,15.8,97.3,10204,16.25,0.6,4.85,281.6,4031,,
TH2,62047,49.9084,-2.8944,2026-05-28 19:00:00,15.8,97,10204,16.29,0.53,4.19,289.7,4406,,
TH2,62045,49.9084,-2.8944,2026-05-28 18:00:00,17.2,93,10201,16.53,0.61,5.17,272,9427,,
TH2,62047,49.9084,-2.8944,2026-05-28 18:00:00,17.2,92.5,10201,16.88,0.55,4.51,280.4,12427,,
TH2,62045,49.9083,-2.8945,2026-05-28 17:00:00,18.6,81.1,10199,16.09,0.49,3.3,256.3,17387,,
TH2,62047,49.9083,-2.8945,2026-05-28 17:00:00,18.6,81.1,10199,16.41,0.45,3.07,267.1,20528,,
TH2,62045,49.9081,-2.8948,2026-05-28 16:00:00,19.2,74.7,10199,15.91,0.24,1.38,224.7,18396,,
TH2,62047,49.9081,-2.8948,2026-05-28 16:00:00,19.1,74.6,10199,16.4,0.34,2.38,214,21696,,
TH2,62045,49.908,-2.8951,2026-05-28 15:00:00,17.6,88.2,10202,15.55,0.37,2.43,227,13073,,
TH2,62047,49.908,-2.8951,2026-05-28 15:00:00,17.5,88,10202,15.98,0.34,2.38,239.5,15519,,
TH2,62045,49.9079,-2.8954,2026-05-28 14:00:00,17.5,85.3,10200,15.62,0.54,4.63,149.8,15386,,
TH2,62047,49.9079,-2.8954,2026-05-28 14:00:00,17.9,83.5,10201,15.59,0.61,4.86,162.2,17918,,
TH2,62045,49.9078,-2.8955,2026-05-28 13:00:00,17.7,86.3,10205,15.14,0.42,2.11,157.6,13354,,
TH2,62047,49.9078,-2.8955,2026-05-28 13:00:00,17.1,88.2,10206,15.49,0.4,2.16,195.5,9373,,
TH2,62045,49.9078,-2.8956,2026-05-28 12:00:00,17.2,90.4,10204,15.33,0.37,2.97,167.2,9914,,
TH2,62047,49.9078,-2.8956,2026-05-28 12:00:00,17.5,88.4,10204,15.43,0.45,3.33,180.3,12077,,
TH2,62045,49.9079,-2.8955,2026-05-28 11:00:00,17.1,91.3,10205,15.14,0.4,2.98,153.6,9231,,
TH2,62047,49.9079,-2.8955,2026-05-28 11:00:00,17.3,90.1,10206,15.24,0.45,3.32,169.2,11940,,
TH2,62045,49.908,-2.8952,2026-05-28 10:00:00,17.1,91.6,10207,15.23,0.34,2.54,170.6,6685,,
TH2,62047,49.908,-2.8952,2026-05-28 10:00:00,17.5,89.2,10208,15.22,0.4,2.61,182.3,8426,,
TH2,62045,49.9081,-2.8948,2026-05-28 09:00:00,16.8,89.8,10208,15.14,0.17,0.78,49.3,9273,,
TH2,62047,49.9082,-2.8948,2026-05-28 09:00:00,16.8,90,10209,15.12,0.19,0.9,57,9372,,
TH2,62045,49.9082,-2.8946,2026-05-28 08:00:00,16.7,88.7,10200,15.13,0.38,2.49,142.1,11246,,
TH2,62047,49.9082,-2.8946,2026-05-28 08:00:00,16.7,88.6,10200,15.14,0.36,2.5,134.6,11776,,
TH2,62045,49.9083,-2.8945,2026-05-28 07:00:00,16.7,88.4,10194,15.08,0.61,4.27,179.2,10710,,
TH2,62047,49.9083,-2.8945,2026-05-28 07:00:00,16.6,88.8,10195,15.09,0.53,3.73,172.1,10660,,
TH2,62045,49.9083,-2.8945,2026-05-28 06:00:00,15.9,93.7,10190,14.89,0.53,4.09,175.7,10200,,
TH2,62047,49.9083,-2.8945,2026-05-28 06:00:00,15.6,94.5,10190,14.89,0.48,3.41,161.1,8539,,
TH2,62045,49.9083,-2.8945,2026-05-28 05:00:00,15.1,95.5,10184,14.7,0.49,3.56,152,9662,,
TH2,62047,49.9083,-2.8945,2026-05-28 05:00:00,15.1,95.2,10185,14.71,0.43,3.4,134.4,12621,,
TH2,62045,49.9082,-2.8947,2026-05-28 04:00:00,15.2,95.2,10183,14.43,0.36,2.38,148.2,9700,,
TH2,62047,49.9081,-2.8947,2026-05-28 04:00:00,15.2,95.1,10184,14.43,0.32,2.38,134.7,13229,,
TH2,62045,49.908,-2.895,2026-05-28 03:00:00,15.8,93.5,10184,14.72,0.53,3.16,182.7,10507,,
TH2,62047,49.908,-2.895,2026-05-28 03:00:00,15.8,93.3,10185,14.72,0.6,3.4,179.3,14339,,
TH2,62045,49.9079,-2.8955,2026-05-28 02:00:00,15.6,91.6,10183,14.73,0.52,3.52,137.5,10188,,
TH2,62047,49.9079,-2.8955,2026-05-28 02:00:00,15.5,91.8,10184,14.73,0.48,3.22,143.5,11678,,
TH2,62045,49.9079,-2.8956,2026-05-28 01:00:00,15.9,89.2,10181,14.71,0.65,5.31,114,10104,,
TH2,62047,49.9079,-2.8956,2026-05-28 01:00:00,15.8,89.4,10182,14.71,0.66,5.04,130,11178,,
TH2,62045,49.9078,-2.8957,2026-05-28 00:00:00,15.5,89.7,10187,14.14,0.59,4.71,102,8354,,
TH2,62047,49.9078,-2.8957,2026-05-28 00:00:00,15.4,89.9,10187,14.14,0.56,4.21,115.4,9330,,
TH2,62045,49.9078,-2.8957,2026-05-27 23:00:00,15.5,89.7,10191,14.75,0.71,5.31,97.1,7065,,
TH2,62047,49.9078,-2.8957,2026-05-27 23:00:00,15.4,89.6,10192,14.75,0.61,4.75,109.9,7711,,
TH2,62045,49.908,-2.8956,2026-05-27 22:00:00,15.9,88.1,10197,14.71,0.5,3.47,103.8,7218,,
TH2,62047,49.908,-2.8956,2026-05-27 22:00:00,15.9,88.1,10198,14.71,0.48,3.16,116.8,7648,,
TH2,62045,49.9081,-2.8953,2026-05-27 21:00:00,16.5,84.9,10196,15,0.88,5.51,131.3,7859,,
TH2,62047,49.9081,-2.8953,2026-05-27 21:00:00,16.4,85.2,10196,15,0.78,5.44,145.8,8225,,
TH2,62045,49.9083,-2.8951,2026-05-27 20:00:00,16.4,84.8,10186,15.03,1.13,8.33,102.1,8023,,
TH2,62047,49.9083,-2.8951,2026-05-27 20:00:00,16.3,84.7,10186,15.03,1.08,7.84,91,8412,,
TH2,62045,49.9083,-2.8949,2026-05-27 19:00:00,16.6,83.6,10188,14.89,1.12,9.28,107.2,7749,,
TH2,62047,49.9083,-2.8949,2026-05-27 19:00:00,16.5,83.9,10188,14.89,1.18,9.51,88,7880,,
TH2,62045,49.9083,-2.8948,2026-05-27 18:00:00,16.7,82.7,10189,15.09,1.03,8.72,104.8,7769,,
TH2,62047,49.9083,-2.8948,2026-05-27 18:00:00,16.5,83.7,10191,15.1,1.14,9.35,87.3,7579,,
TH2,62045,49.9083,-2.8947,2026-05-27 17:00:00,17,81.1,10191,15.07,1.03,8.44,105,8585,,
TH2,62047,49.9083,-2.8947,2026-05-27 17:00:00,16.6,82.5,10193,15.07,1.09,9.03,87.8,7660,,
TH2,62045,49.9083,-2.8948,2026-05-27 16:00:00,16.6,82.1,10194,15.24,1.03,8.58,104,9057,,
TH2,62047,49.9083,-2.8948,2026-05-27 16:00:00,16.3,83.6,10195,15.24,1.12,9.26,86.8,8749,,
TH2,62045,49.9081,-2.8951,2026-05-27 15:00:00,16.2,84.2,10200,14.41,1.05,8.51,100.7,11128,,
TH2,62047,49.9081,-2.8951,2026-05-27 15:00:00,15.8,85.6,10200,14.41,1.05,8.38,82.4,10570,,
TH2,62045,49.9079,-2.8955,2026-05-27 14:00:00,16.2,83.5,10203,14.34,1.04,5.95,93.1,12497,,
TH2,62047,49.9079,-2.8955,2026-05-27 14:00:00,16.1,83.6,10203,14.32,1.04,7.31,98.1,13039,,
TH2,62045,49.9078,-2.8956,2026-05-27 13:00:00,16,83.4,10206,14.65,1,7.24,80.3,14549,,
TH2,62047,49.9078,-2.8956,2026-05-27 13:00:00,15.9,83.4,10206,14.65,0.98,7.48,94.9,14786,,
TH2,62045,49.9078,-2.8957,2026-05-27 12:00:00,16.1,84.2,10211,15.18,1,7.73,79.9,12578,,
TH2,62047,49.9078,-2.8957,2026-05-27 12:00:00,16.1,84.3,10212,15.19,0.96,7.49,94.4,12932,,
TH2,62045,49.9077,-2.8957,2026-05-27 11:00:00,15.9,86.8,10215,15.06,0.89,7.54,80.9,12310,,
TH2,62047,49.9078,-2.8957,2026-05-27 11:00:00,15.9,86.7,10215,15.05,0.82,6.96,94.7,11753,,
TH2,62045,49.9078,-2.8957,2026-05-27 10:00:00,16.1,85.9,10218,15.49,0.79,6.24,82.9,11197,,
TH2,62047,49.9078,-2.8957,2026-05-27 10:00:00,16.2,85.7,10219,15.49,0.75,5.7,97.2,11856,,
TH2,62045,49.908,-2.8953,2026-05-27 09:00:00,15.9,86.2,10217,15.09,0.97,6.94,71.1,13049,,
TH2,62047,49.908,-2.8953,2026-05-27 09:00:00,15.9,86.3,10218,15.1,0.84,6.67,85.4,12812,,
TH2,62045,49.9081,-2.895,2026-05-27 08:00:00,16.1,85.7,10218,15.17,0.87,5.75,77,14697,,
TH2,62047,49.9081,-2.895,2026-05-27 08:00:00,15.9,86.7,10218,15.18,0.76,6.16,72.2,15587,,
TH2,62045,49.9082,-2.8948,2026-05-27 07:00:00,17.4,81.4,10215,15.04,0.7,6.14,86.4,23617,,
TH2,62047,49.9082,-2.8948,2026-05-27 07:00:00,17.1,82.5,10217,15.07,0.75,6.05,72.9,15949,,
TH2,62045,49.9083,-2.8947,2026-05-27 06:00:00,17.3,81.8,10212,15.56,0.66,5.47,108.8,23012,,
TH2,62047,49.9083,-2.8947,2026-05-27 06:00:00,17.2,82.2,10213,15.55,0.71,6.09,90.3,28254,,
TH2,62045,49.9083,-2.8946,2026-05-27 05:00:00,16.4,84.2,10212,15.31,0.64,5.08,85,22434,,
TH2,62047,49.9083,-2.8947,2026-05-27 05:00:00,16.4,84,10213,15.38,0.7,4.33,75.9,29477,,
TH2,62045,49.9082,-2.8946,2026-05-27 04:00:00,16.4,83,10210,15.43,0.58,4.63,93.9,23687,,
TH2,62047,49.9082,-2.8946,2026-05-27 04:00:00,16.5,82.4,10211,15.43,0.62,4.68,81.4,31192,,
TH2,62045,49.908,-2.895,2026-05-27 03:00:00,16.5,80.1,10212,15.32,0.67,5.09,94.8,27386,,
TH2,62047,49.908,-2.895,2026-05-27 03:00:00,16.5,79.5,10213,15.32,0.69,5.59,76.3,35328,,
TH2,62045,49.9079,-2.8953,2026-05-27 02:00:00,16.8,76.5,10215,15.25,0.81,3.93,89.6,29768,,
TH2,62047,49.9079,-2.8952,2026-05-27 02:00:00,16.8,76.7,10216,15.3,0.66,5.26,87.2,42753,,
TH2,62045,49.9078,-2.8954,2026-05-27 01:00:00,17.1,77.6,10220,15.5,0.77,6,81.2,28640,,
TH2,62047,49.9078,-2.8954,2026-05-27 01:00:00,17,77.7,10221,15.5,0.68,5.45,93.9,40669,,
TH2,62045,49.9077,-2.8955,2026-05-27 00:00:00,16.8,79.7,10226,15.28,0.67,5.14,70.2,29273,,
TH2,62047,49.9077,-2.8955,2026-05-27 00:00:00,16.7,79.9,10227,15.29,0.59,4.59,81.3,41082,,
TH2,62045,49.9077,-2.8955,2026-05-26 23:00:00,17.3,75.9,10229,15.73,0.63,5.68,82.5,31470,,
TH2,62047,49.9077,-2.8955,2026-05-26 23:00:00,17.3,76.3,10230,15.75,0.59,4.98,94.3,47061,,
TH2,62045,49.9078,-2.8955,2026-05-26 22:00:00,17.1,79,10232,15.7,0.64,5.1,73.3,30324,,
TH2,62047,49.9078,-2.8955,2026-05-26 22:00:00,17.1,79.1,10232,15.71,0.55,4.62,86.7,43614,,
TH2,62045,49.9079,-2.8953,2026-05-26 21:00:00,17.4,78.4,10231,15.92,0.67,5.71,82.8,31125,,
TH2,62047,49.9079,-2.8953,2026-05-26 21:00:00,17.4,78.4,10232,15.95,0.63,5.04,94.5,42742,,
TH2,62045,49.908,-2.8949,2026-05-26 20:00:00,17,82.8,10230,15.61,0.58,4.5,62.7,27037,,
TH2,62047,49.908,-2.8949,2026-05-26 20:00:00,17,83.1,10230,15.61,0.57,4.5,75,35336,,
TH2,62045,49.9081,-2.8947,2026-05-26 19:00:00,17.4,80.3,10229,15.72,0.59,4.69,81.8,24489,,
TH2,62047,49.9081,-2.8947,2026-05-26 19:00:00,17.3,80.2,10230,15.72,0.62,3.84,72.2,30612,,
TH2,62045,49.9082,-2.8946,2026-05-26 18:00:00,17.1,83.9,10233,16.14,0.56,4.35,80.4,17823,,
TH2,62047,49.9082,-2.8946,2026-05-26 18:00:00,17,84.5,10234,16.16,0.56,3.08,73.8,19877,,
TH2,62045,49.9082,-2.8946,2026-05-26 17:00:00,17,85.5,10234,16.13,0.39,3.15,58,12164,,
TH2,62047,49.9082,-2.8946,2026-05-26 17:00:00,17.2,84.5,10235,16.15,0.44,2.8,51.1,19570,,
TH2,62045,49.9082,-2.8946,2026-05-26 16:00:00,17.8,80.3,10235,15.73,0.4,2.97,74.1,22997,,
TH2,62047,49.9082,-2.8946,2026-05-26 16:00:00,17.7,80.8,10236,15.78,0.41,2.72,63.8,25848,,
TH2,62045,49.9081,-2.8947,2026-05-26 15:00:00,18.4,77.3,10240,15.85,0.44,3.38,98.3,20956,,
TH2,62047,49.9081,-2.8947,2026-05-26 15:00:00,17.7,80.4,10242,15.87,0.5,3.58,85.8,24453,,
TH2,62045,49.9079,-2.895,2026-05-26 14:00:00,17.7,80.8,10246,15.72,0.49,3.89,101.8,18921,,
TH2,62047,49.9079,-2.895,2026-05-26 14:00:00,17.1,83.5,10247,15.75,0.5,3.8,84.8,21317,,
TH2,62045,49.9078,-2.8953,2026-05-26 13:00:00,16.5,87.4,10251,15.52,0.55,2.84,80.1,17452,,
TH2,62047,49.9078,-2.8953,2026-05-26 13:00:00,16.4,87.6,10251,15.74,0.53,3.53,86,17308,,
TH2,62045,49.9077,-2.8954,2026-05-26 12:00:00,16.3,88.6,10256,15.51,0.46,3.27,53,16358,,
TH2,62047,49.9077,-2.8954,2026-05-26 12:00:00,16.3,88.8,10257,15.69,0.49,3.63,67.6,16073,,
TH2,62045,49.9077,-2.8955,2026-05-26 11:00:00,15.8,91,10260,14.96,0.39,2.96,43,15112,,
TH2,62047,49.9077,-2.8955,2026-05-26 11:00:00,15.7,91.1,10260,15.14,0.44,3.48,52.3,13521,,
TH2,62045,49.9077,-2.8955,2026-05-26 10:00:00,15.9,91.1,10260,15.21,0.45,2.96,50.8,13352,,
TH2,62047,49.9077,-2.8955,2026-05-26 10:00:00,15.9,91,10260,15.35,0.51,3.6,61.7,12057,,
TH2,62045,49.9078,-2.8954,2026-05-26 09:00:00,15.7,91.6,10261,14.89,0.41,3.23,52.8,12855,,
TH2,62047,49.9078,-2.8954,2026-05-26 09:00:00,15.7,91.4,10261,14.99,0.45,3.73,56.7,10853,,
TH2,62045,49.908,-2.8951,2026-05-26 08:00:00,15.6,92,10261,14.82,0.43,1.98,37.1,8718,,
TH2,62047,49.908,-2.8951,2026-05-26 08:00:00,15.6,91.5,10262,14.86,0.39,2.57,41,10141,,
TH2,62045,49.9081,-2.8948,2026-05-26 07:00:00,15.5,91.5,10260,14.74,0.39,2.95,29.8,9563,,
TH2,62047,49.9081,-2.8948,2026-05-26 07:00:00,15.9,89.9,10261,14.73,0.44,2.42,36.7,11395,,
TH2,62045,49.9081,-2.8946,2026-05-26 06:00:00,15.4,91.3,10259,14.68,0.41,3.14,35.4,9348,,
TH2,62047,49.9081,-2.8947,2026-05-26 06:00:00,15.9,89.1,10260,14.68,0.41,1.95,37.9,10716,,
TH2,62045,49.9082,-2.8946,2026-05-26 05:00:00,15.4,91.4,10257,14.65,0.4,3.08,12.4,8936,,
TH2,62047,49.9082,-2.8946,2026-05-26 05:00:00,15.5,90.5,10257,14.65,0.45,1.94,15.5,9178,,
TH2,62045,49.9082,-2.8946,2026-05-26 04:00:00,17.9,85.9,10255,14.64,0.36,1.64,23.4,15291,,
TH2,62047,49.9082,-2.8946,2026-05-26 04:00:00,17.8,86.2,10256,14.64,0.42,1.59,21.2,15773,,
TH2,62045,49.9082,-2.8946,2026-05-26 03:00:00,16,89.3,10254,14.34,0.41,2.69,130.4,13799,,
TH2,62047,49.9082,-2.8946,2026-05-26 03:00:00,16.1,88.9,10255,14.37,0.45,2.86,111.2,15178,,
TH2,62045,49.908,-2.8949,2026-05-26 02:00:00,17.1,86.9,10255,14.52,0.74,5.76,137.1,14726,,
TH2,62047,49.908,-2.8948,2026-05-26 02:00:00,17.3,85.8,10256,14.52,0.69,5.66,116.7,16833,,
TH2,62045,49.9079,-2.8952,2026-05-26 01:00:00,15.9,88.3,10259,14.62,0.56,3.65,123.5,13454,,
TH2,62047,49.9079,-2.8952,2026-05-26 01:00:00,15.9,87.9,10260,14.62,0.52,3.52,115.1,13550,,
TH2,62045,49.9078,-2.8954,2026-05-26 00:00:00,15.9,87.4,10261,14.62,0.66,5.23,102.3,12340,,
TH2,62047,49.9078,-2.8954,2026-05-26 00:00:00,15.8,87.6,10262,14.63,0.69,5.11,118.8,13058,,
TH2,62045,49.9077,-2.8955,2026-05-25 23:00:00,15.7,87.8,10266,14.46,0.64,5.43,98.8,11923,,
TH2,62047,49.9077,-2.8955,2026-05-25 23:00:00,15.7,88,10266,14.47,0.59,4.94,113,12148,,
TH2,62045,49.9077,-2.8956,2026-05-25 22:00:00,15.8,87.1,10267,14.19,0.65,5.46,98.7,12036,,
TH2,62047,49.9077,-2.8956,2026-05-25 22:00:00,15.7,87.4,10268,14.18,0.6,4.78,110.5,12425,,
TH2,62045,49.9078,-2.8956,2026-05-25 21:00:00,16,87,10269,14.97,0.62,5.01,87,11861,,
TH2,62047,49.9078,-2.8956,2026-05-25 21:00:00,15.9,87,10270,14.97,0.56,4.52,100.5,12166,,
TH2,62045,49.9079,-2.8953,2026-05-25 20:00:00,16.4,85.9,10268,14.67,0.6,4.93,81.8,12166,,
TH2,62047,49.9079,-2.8953,2026-05-25 20:00:00,16.4,85.9,10268,14.67,0.58,4.49,95.8,12517,,
TH2,62045,49.908,-2.8951,2026-05-25 19:00:00,16.4,87.1,10266,14.54,0.79,5.51,77.7,9999,,
TH2,62047,49.908,-2.8951,2026-05-25 19:00:00,16.4,86.9,10267,14.55,0.75,5.67,88,10483,,
TH2,62045,49.9081,-2.8948,2026-05-25 18:00:00,17,84,10268,14.69,0.73,5.91,78.1,9777,,
TH2,62047,49.9081,-2.8948,2026-05-25 18:00:00,16.8,85.5,10269,14.69,0.8,5.82,65.2,9457,,
TH2,62045,49.9082,-2.8947,2026-05-25 17:00:00,16.8,84.5,10269,14.74,0.69,5.51,88.3,8709,,
TH2,62047,49.9082,-2.8947,2026-05-25 17:00:00,16.4,86.8,10270,14.74,0.78,5.3,77.2,7856,,
TH2,62045,49.9082,-2.8946,2026-05-25 16:00:00,16.6,83.9,10271,15.12,0.72,6.01,90.5,8115,,
TH2,62047,49.9082,-2.8946,2026-05-25 16:00:00,16.2,85.9,10273,15.12,0.83,5.74,80.6,7643,,
TH2,62045,49.9082,-2.8946,2026-05-25 15:00:00,16.3,85.3,10274,14.39,0.78,6.38,87.6,6615,,
TH2,62047,49.9081,-2.8946,2026-05-25 15:00:00,15.9,86.9,10276,14.41,0.83,5.28,78.6,6492,,
TH2,62045,49.9081,-2.8947,2026-05-25 14:00:00,15.7,87.3,10276,14.63,0.62,4.86,70.4,6273,,
TH2,62047,49.9081,-2.8947,2026-05-25 14:00:00,15.9,86.6,10278,14.63,0.66,4.35,62,6048,,
TH2,62045,49.908,-2.895,2026-05-25 13:00:00,15.8,86.9,10279,14.72,0.67,5.63,83.5,5464,,
TH2,62047,49.9079,-2.8951,2026-05-25 13:00:00,15.5,88.6,10281,14.71,0.75,5.26,72,4944,,
TH2,62045,49.9078,-2.8953,2026-05-25 12:00:00,15.1,90.1,10283,14.56,0.63,3.86,77,5422,,
TH2,62047,49.9078,-2.8953,2026-05-25 12:00:00,15,90.5,10284,14.57,0.56,4.29,80.4,3952,,
TH2,62045,49.9078,-2.8954,2026-05-25 11:00:00,14.9,91.1,10287,14.4,0.7,5.84,77.6,3980,,
TH2,62047,49.9078,-2.8954,2026-05-25 11:00:00,14.9,91,10288,14.41,0.62,5.15,89.5,3509,,
TH2,62045,49.9077,-2.8955,2026-05-25 10:00:00,15,91.5,10288,14.32,0.66,5.5,62.7,3994,,
TH2,62047,49.9077,-2.8955,2026-05-25 10:00:00,15,91.4,10288,14.34,0.59,4.92,76.1,3276,,
TH2,62045,49.9077,-2.8955,2026-05-25 09:00:00,15.2,90.7,10289,13.67,0.64,5.54,74,3910,,
TH2,62047,49.9077,-2.8955,2026-05-25 09:00:00,15.2,90.6,10289,13.69,0.6,4.94,87.7,3254,,
TH2,62045,49.9079,-2.8953,2026-05-25 08:00:00,15.3,90.4,10288,14.25,0.69,5.97,77.1,4110,,
TH2,62047,49.9079,-2.8953,2026-05-25 08:00:00,15.3,90.4,10289,14.27,0.61,5.32,91.7,3365,,
TH2,62045,49.908,-2.8951,2026-05-25 07:00:00,15.6,88.8,10286,14.29,0.74,5.81,76.5,5170,,
TH2,62047,49.908,-2.8951,2026-05-25 07:00:00,15.6,88.9,10287,14.29,0.65,5.38,90.6,4556,,
TH2,62045,49.9081,-2.8949,2026-05-25 06:00:00,15.7,87.3,10283,14.24,0.79,5.18,84.5,6910,,
TH2,62047,49.9081,-2.8949,2026-05-25 06:00:00,15.6,87.7,10283,14.25,0.7,5.44,91.6,6204,,
TH2,62045,49.9081,-2.8947,2026-05-25 05:00:00,15.6,87.5,10282,14.35,0.76,6.11,93.4,7902,,
TH2,62047,49.9081,-2.8947,2026-05-25 05:00:00,15.7,87.4,10283,14.35,0.82,6.55,77.7,8179,,
TH2,62045,49.9082,-2.8946,2026-05-25 04:00:00,15.4,86.2,10282,14.48,0.57,4.75,97.1,11871,,
TH2,62047,49.9082,-2.8946,2026-05-25 04:00:00,15.5,85.9,10283,14.48,0.63,4.45,86.9,11794,,
TH2,62045,49.9082,-2.8946,2026-05-25 03:00:00,15.3,86.2,10281,13.85,0.59,4.78,87.7,11768,,
TH2,62047,49.9082,-2.8946,2026-05-25 03:00:00,15.4,85.8,10282,13.84,0.6,3.96,79.1,11956,,
TH2,62045,49.9081,-2.8946,2026-05-25 02:00:00,15.4,85.7,10282,14.07,0.6,4.78,72.2,14233,,
TH2,62047,49.9081,-2.8946,2026-05-25 02:00:00,15.3,86.3,10283,14.07,0.63,4.46,63.1,14117,,
TH2,62045,49.9081,-2.8948,2026-05-25 01:00:00,15.1,85.2,10286,14.05,0.51,4.1,93.9,18787,,
TH2,62047,49.9081,-2.8948,2026-05-25 01:00:00,15.2,84.7,10287,14.05,0.49,3.74,84.8,20575,,
TH2,62045,49.9079,-2.8951,2026-05-25 00:00:00,15.6,84.1,10286,13.31,0.67,4.99,97.3,19271,,
TH2,62047,49.9079,-2.8951,2026-05-25 00:00:00,15.7,83.7,10287,13.31,0.63,4.83,83,22110,,
TH2,62045,49.9078,-2.8953,2026-05-24 23:00:00,15.7,84.1,10287,13.5,0.75,6.29,88.2,18517,,
TH2,62047,49.9078,-2.8953,2026-05-24 23:00:00,15.6,84.4,10287,13.52,0.68,5.68,100.8,19513,,
TH2,62045,49.9077,-2.8954,2026-05-24 22:00:00,15.6,86,10287,13.92,0.75,6.26,84.9,15126,,
TH2,62047,49.9077,-2.8954,2026-05-24 22:00:00,15.6,86.1,10288,13.92,0.64,5.48,96.6,15502,,
TH2,62045,49.9077,-2.8954,2026-05-24 21:00:00,15.7,86.2,10288,14.54,0.71,5.58,71.4,14655,,
TH2,62047,49.9077,-2.8954,2026-05-24 21:00:00,15.7,86.5,10289,14.55,0.62,4.97,83.3,15280,,
TH2,62045,49.9077,-2.8954,2026-05-24 20:00:00,15.6,87.4,10284,14.33,0.61,5.24,71.5,13774,,
TH2,62047,49.9077,-2.8954,2026-05-24 20:00:00,15.6,87.6,10285,14.36,0.53,4.64,85.8,14064,,
TH2,62045,49.9079,-2.8952,2026-05-24 19:00:00,15.9,86.3,10285,14.16,0.64,5.21,70.5,13721,,
TH2,62047,49.9079,-2.8952,2026-05-24 19:00:00,15.9,86.3,10286,14.24,0.57,4.73,85,12197,,
TH2,62045,49.908,-2.895,2026-05-24 18:00:00,15.9,87,10285,14.56,0.67,5.04,70.3,13110,,
TH2,62047,49.908,-2.895,2026-05-24 18:00:00,15.9,86.8,10286,14.55,0.65,4.68,81.9,13122,,
TH2,62045,49.908,-2.8948,2026-05-24 17:00:00,16.1,86,10287,14.52,0.54,4.12,69.7,9318,,
TH2,62047,49.908,-2.8948,2026-05-24 17:00:00,15.8,87.1,10288,14.53,0.53,3.15,65.8,13282,,
TH2,62045,49.9081,-2.8946,2026-05-24 16:00:00,15.5,88.4,10289,14.31,0.47,3.52,67.9,14518,,
TH2,62047,49.9081,-2.8947,2026-05-24 16:00:00,15.6,88,10290,14.36,0.5,3.1,58.8,14808,,
TH2,62045,49.9081,-2.8946,2026-05-24 15:00:00,15.2,89.5,10292,14.43,0.38,2.78,52.8,14188,,
TH2,62047,49.9081,-2.8946,2026-05-24 15:00:00,15.5,88.3,10293,14.44,0.4,2.41,46.6,16208,,
TH2,62045,49.9081,-2.8946,2026-05-24 14:00:00,14.8,90.3,10292,14.17,0.45,3.13,58.2,15284,,
TH2,62047,49.9081,-2.8946,2026-05-24 14:00:00,15.2,88.2,10294,14.2,0.4,2.53,54.6,16984,,
TH2,62045,49.908,-2.8946,2026-05-24 13:00:00,14.5,89.8,10295,13.91,0.47,3.42,60.5,16146,,
TH2,62047,49.908,-2.8946,2026-05-24 13:00:00,14.9,88.1,10296,13.92,0.51,2.75,56.9,18076,,
TH2,62045,49.9079,-2.895,2026-05-24 12:00:00,14.4,88.3,10298,13.64,0.52,3.84,58.4,23551,,
TH2,62047,49.9079,-2.895,2026-05-24 12:00:00,14.6,87.8,10299,13.64,0.55,3.27,52.7,27561,,
TH2,62045,49.9078,-2.8952,2026-05-24 11:00:00,14.2,88.8,10302,13.42,0.61,3.99,55.6,25683,,
TH2,62047,49.9078,-2.8952,2026-05-24 11:00:00,14.2,89.1,10302,13.42,0.57,3.66,61.3,33705,,
TH2,62045,49.9077,-2.8953,2026-05-24 10:00:00,14,90.1,10303,13.29,0.56,2.54,38.2,32763,,
TH2,62047,49.9077,-2.8953,2026-05-24 10:00:00,14,90.2,10304,13.37,0.48,3.28,42.2,33441,,
TH2,62045,49.9077,-2.8954,2026-05-24 09:00:00,14.1,89.5,10302,13.52,0.38,2.63,45.8,30477,,
TH2,62047,49.9077,-2.8954,2026-05-24 09:00:00,14.1,89.4,10303,13.57,0.41,3.17,52.3,36380,,
TH2,62045,49.9077,-2.8955,2026-05-24 08:00:00,14.3,88.3,10301,13.57,0.39,1.89,45,17964,,
TH2,62047,49.9077,-2.8955,2026-05-24 08:00:00,14.2,88.5,10302,13.63,0.41,3.1,36.1,43856,,
TH2,62045,49.9077,-2.8955,2026-05-24 07:00:00,14.3,87.6,10299,13.51,0.42,1.72,23.1,31088,,
TH2,62047,49.9077,-2.8955,2026-05-24 07:00:00,14.3,88.1,10300,13.56,0.42,3.23,25.7,42306,,
TH2,62045,49.9078,-2.8952,2026-05-24 06:00:00,14.4,89.4,10296,13.35,0.54,3.68,11.1,27656,,
TH2,62047,49.9079,-2.8952,2026-05-24 06:00:00,14.2,90.3,10297,13.43,0.43,3.3,9.7,31669,,
TH2,62045,49.908,-2.8949,2026-05-24 05:00:00,14,91.8,10292,13.62,0.42,2.73,10.3,27541,,
TH2,62047,49.908,-2.8949,2026-05-24 05:00:00,14,91.4,10293,13.67,0.4,2.65,15.1,33507,,
TH2,62045,49.908,-2.8947,2026-05-24 04:00:00,14.1,91.8,10290,13.72,0.31,2.23,17.8,28239,,
TH2,62047,49.908,-2.8947,2026-05-24 04:00:00,14,92.2,10291,13.73,0.33,1.92,22.3,34475,,
TH2,62045,49.9081,-2.8946,2026-05-24 03:00:00,14.3,90.6,10289,13.75,0.32,2.22,21.1,30449,,
TH2,62047,49.9081,-2.8946,2026-05-24 03:00:00,14.2,91.1,10289,13.75,0.3,1.12,23.9,38873,,
TH2,62045,49.9081,-2.8946,2026-05-24 02:00:00,14.5,88.4,10287,13.78,0.42,3,12.8,37365,,
TH2,62047,49.9081,-2.8946,2026-05-24 02:00:00,14.4,88.9,10287,13.93,0.45,1.74,13.5,51003,,
TH2,62045,49.9081,-2.8945,2026-05-24 01:00:00,14.7,89.6,10285,13.84,0.46,3.65,358,31802,,
TH2,62047,49.9081,-2.8945,2026-05-24 01:00:00,14.5,91,10286,13.92,0.54,3.9,8.7,42247,,
TH2,62045,49.908,-2.8947,2026-05-24 00:00:00,14.3,94.8,10285,13.72,0.33,2.82,326.9,19461,,
TH2,62047,49.908,-2.8947,2026-05-24 00:00:00,14.2,95.1,10286,13.89,0.4,2.98,339.6,29782,,
TH2,62045,49.9079,-2.895,2026-05-23 23:00:00,14.3,95.4,10287,13.72,0.3,1.92,315.9,16413,,
TH2,62047,49.9079,-2.895,2026-05-23 23:00:00,14.3,95.5,10287,13.83,0.32,1.65,322.5,24156,,
TH2,62045,49.9078,-2.8952,2026-05-23 22:00:00,14.4,95.4,10288,13.89,0.27,1.56,331.1,15224,,
TH2,62047,49.9078,-2.8952,2026-05-23 22:00:00,14.4,95.1,10289,14.01,0.28,1.63,331.8,23942,,
TH2,62045,49.9077,-2.8954,2026-05-23 21:00:00,14.4,95.5,10288,14.23,0.31,2.19,327.2,15814,,
TH2,62047,49.9077,-2.8954,2026-05-23 21:00:00,14.5,95.5,10289,14.25,0.3,2,314.2,22390,,
TH2,62045,49.9077,-2.8954,2026-05-23 20:00:00,14.6,94.4,10285,14.01,0.29,2.05,325.3,14706,,
TH2,62047,49.9077,-2.8954,2026-05-23 20:00:00,14.6,94.8,10286,14.11,0.28,1.83,311.2,18488,,
TH2,62045,49.9077,-2.8955,2026-05-23 19:00:00,15.2,91.1,10282,13.77,0.26,1.61,291.3,22418,,
TH2,62047,49.9077,-2.8955,2026-05-23 19:00:00,15,92.6,10283,14.04,0.28,1.51,282.2,21482,,
TH2,62045,49.9078,-2.8954,2026-05-23 18:00:00,15.4,89.1,10283,13.3,0.24,1.66,277.4,28277,,
TH2,62047,49.9078,-2.8954,2026-05-23 18:00:00,15.1,90.3,10284,13.64,0.27,1.34,273.3,29777,,
TH2,62045,49.908,-2.8949,2026-05-23 17:00:00,15.3,89,10283,13.97,0.31,1.75,256.9,26030,,
TH2,62047,49.908,-2.8949,2026-05-23 17:00:00,15.2,89.7,10284,14.2,0.3,1.34,252.3,18862,,
TH2,62045,49.9081,-2.8946,2026-05-23 16:00:00,15,89.5,10285,13.68,0.3,1.72,291.7,25315,,
TH2,62047,49.9081,-2.8946,2026-05-23 16:00:00,15,89.8,10285,13.8,0.32,1.83,298.5,28186,,
TH2,62045,49.9081,-2.8945,2026-05-23 15:00:00,14.7,89,10284,13.52,0.26,2.03,332.2,21127,,
TH2,62047,49.9081,-2.8945,2026-05-23 15:00:00,15.1,87.7,10285,13.57,0.32,2.14,342.5,31494,,
TH2,62045,49.9082,-2.8945,2026-05-23 14:00:00,14.2,90.9,10285,13.77,0.35,2.63,319.7,16308,,
TH2,62047,49.9081,-2.8945,2026-05-23 14:00:00,14.4,90.2,10286,13.91,0.43,2.7,332.3,24524,,
TH2,62045,49.9082,-2.8944,2026-05-23 13:00:00,13.9,91.5,10283,13.58,0.24,1.53,346.7,14183,,
TH2,62047,49.9082,-2.8945,2026-05-23 13:00:00,14.4,89.1,10285,13.64,0.29,1.65,347.9,20057,,
TH2,62045,49.9081,-2.8944,2026-05-23 12:00:00,13.5,93.1,10282,13.24,0.37,2.85,326,17945,,
TH2,62047,49.9081,-2.8944,2026-05-23 12:00:00,13.6,92.5,10283,13.26,0.46,2.97,338.3,29104,,
TH2,62045,49.9079,-2.8948,2026-05-23 11:00:00,13.2,93.8,10282,13.01,0.46,3.44,338.3,17742,,
TH2,62047,49.9079,-2.8948,2026-05-23 11:00:00,13.4,93,10283,13.02,0.53,3.8,351.4,27395,,
TH2,62045,49.9078,-2.8951,2026-05-23 10:00:00,13.2,92.8,10282,12.79,0.51,3.7,337,17325,,
TH2,62047,49.9078,-2.8951,2026-05-23 10:00:00,13.2,93.4,10283,12.81,0.55,3.41,341.5,17085,,
TH2,62045,49.9077,-2.8952,2026-05-23 09:00:00,13.3,92,10279,12.67,0.72,5,344.7,21681,,
TH2,62047,49.9077,-2.8952,2026-05-23 09:00:00,13.1,93.6,10279,12.7,0.65,4.76,341,20365,,
TH2,62045,49.9077,-2.8954,2026-05-23 08:00:00,13.6,91.8,10273,12.77,0.64,5.46,354.6,14022,,
TH2,62047,49.9077,-2.8954,2026-05-23 08:00:00,13.2,93.8,10273,12.76,0.54,4.4,344.1,19437,,
TH2,62045,49.9076,-2.8955,2026-05-23 07:00:00,13.7,91.5,10266,13.05,0.67,5.69,353.6,16203,,
TH2,62047,49.9076,-2.8955,2026-05-23 07:00:00,13.3,93.6,10266,13.05,0.56,4.54,342.6,18095,,
TH2,62045,49.9077,-2.8956,2026-05-23 06:00:00,13.6,92,10262,12.73,0.56,4.51,3.5,13845,,
TH2,62047,49.9077,-2.8955,2026-05-23 06:00:00,13.4,93.3,10262,12.74,0.46,3.72,352.8,15258,,
TH2,62045,49.9078,-2.8952,2026-05-23 05:00:00,13.4,93.3,10258,12.68,0.62,5.16,345.8,8595,,
TH2,62047,49.9078,-2.8952,2026-05-23 05:00:00,13.4,93.4,10259,12.68,0.56,4.68,329.6,10064,,
TH2,62045,49.908,-2.8947,2026-05-23 04:00:00,13.3,93.9,10251,12.88,0.55,3.56,318.4,9341,,
TH2,62047,49.908,-2.8947,2026-05-23 04:00:00,13.3,94,10251,12.88,0.54,3.66,312.7,10730,,
TH2,62045,49.9081,-2.8945,2026-05-23 03:00:00,13.3,91.2,10246,12.88,0.48,3.09,286,14651,,
TH2,62047,49.9081,-2.8945,2026-05-23 03:00:00,13.3,91.5,10247,12.88,0.51,2.94,291.7,16903,,
TH2,62045,49.9082,-2.8944,2026-05-23 02:00:00,13.7,88.1,10240,12.97,0.56,4.12,313,16983,,
TH2,62047,49.9082,-2.8944,2026-05-23 02:00:00,13.7,88.6,10241,12.98,0.51,3.98,325.8,18410,,
TH2,62045,49.9082,-2.8943,2026-05-23 01:00:00,13.7,93.2,10240,12.9,0.98,7.91,296.7,9182,,
TH2,62047,49.9082,-2.8943,2026-05-23 01:00:00,13.7,93.3,10240,12.9,0.9,7.34,309,9132,,
TH2,62045,49.9083,-2.8944,2026-05-23 00:00:00,14.4,89.9,10226,13.11,0.45,3.16,171.4,13779,,
TH2,62047,49.9082,-2.8944,2026-05-23 00:00:00,14.4,89.7,10226,13.12,0.36,2.77,156.9,15862,,
TH2,62045,49.9082,-2.8945,2026-05-22 23:00:00,14.2,90.8,10223,13.15,0.5,3.2,132.8,13247,,
TH2,62047,49.9082,-2.8945,2026-05-22 23:00:00,14.2,90.5,10224,13.2,0.61,3.44,115.9,14834,,
TH2,62045,49.908,-2.8948,2026-05-22 22:00:00,14.4,90.7,10226,12.97,0.58,3.97,89.9,11511,,
TH2,62047,49.908,-2.8948,2026-05-22 22:00:00,14.4,90.6,10227,12.97,0.57,3.45,79.8,12264,,
TH2,62045,49.9078,-2.8952,2026-05-22 21:00:00,14.2,91.1,10232,12.87,0.53,3.03,61.6,10781,,
TH2,62047,49.9078,-2.8952,2026-05-22 21:00:00,14.1,92.1,10233,12.86,0.56,2.6,66.7,11072,,
TH2,62045,49.9077,-2.8954,2026-05-22 20:00:00,14.1,93.9,10230,12.97,0.44,2.21,44.4,8304,,
TH2,62047,49.9077,-2.8954,2026-05-22 20:00:00,14.1,94.3,10230,13,0.51,3.25,44.1,9657,,
TH2,62045,49.9077,-2.8955,2026-05-22 19:00:00,14.3,94.7,10229,13.65,0.45,1.91,16,11106,,
TH2,62047,49.9077,-2.8955,2026-05-22 19:00:00,14.3,94.8,10230,13.61,0.52,3.51,19.8,11966,,
TH2,62045,49.9077,-2.8956,2026-05-22 18:00:00,14.3,93.9,10229,13.66,0.58,3.76,13.4,18278,,
TH2,62047,49.9077,-2.8956,2026-05-22 18:00:00,14.2,94,10230,13.72,0.51,3.74,13.8,12307,,
TH2,62045,49.9078,-2.8956,2026-05-22 17:00:00,14.3,92.8,10234,13.46,0.6,4.82,7.5,24236,,
TH2,62047,49.9078,-2.8956,2026-05-22 17:00:00,13.9,94.7,10234,13.53,0.5,3.93,356.2,20381,,
TH2,62045,49.908,-2.895,2026-05-22 16:00:00,13.8,95.1,10234,13.72,0.58,3.37,15.3,22142,,
TH2,62047,49.908,-2.895,2026-05-22 16:00:00,13.6,95.6,10234,13.74,0.54,3.63,13.9,14387,,
TH2,62045,49.9081,-2.8946,2026-05-22 15:00:00,13.4,96.7,10234,13.64,0.59,4.21,9.4,23628,,
TH2,62047,49.9081,-2.8946,2026-05-22 15:00:00,13.2,95.7,10235,13.62,0.58,4.12,3.5,12584,,
TH2,62045,49.9082,-2.8945,2026-05-22 14:00:00,12.7,97.5,10232,13.58,0.43,2.63,8.1,11628,,
TH2,62047,49.9082,-2.8945,2026-05-22 14:00:00,13.1,95.3,10234,13.54,0.46,2.54,15.5,27927,,
TH2,62045,49.9082,-2.8944,2026-05-22 13:00:00,12.1,98.3,10234,13.19,0.36,2.11,4.8,1333,,
TH2,62047,49.9082,-2.8944,2026-05-22 13:00:00,12.4,97.1,10235,13.34,0.39,1.94,6.2,2052,,
TH2,62045,49.9083,-2.8944,2026-05-22 12:00:00,11.7,98.3,10237,13.31,0.4,2.79,323.4,585,,
TH2,62047,49.9083,-2.8944,2026-05-22 12:00:00,11.8,98.1,10238,13.38,0.44,3.11,335.8,1072,,
TH2,62045,49.9082,-2.8944,2026-05-22 11:00:00,11.7,98.1,10238,13.1,0.48,3.59,310.3,180,,
TH2,62047,49.9082,-2.8944,2026-05-22 11:00:00,11.7,97.9,10238,13.15,0.46,3.6,323.3,282,,
TH2,62045,49.9081,-2.8946,2026-05-22 10:00:00,11.9,97.3,10237,12.87,0.55,4.15,298.9,256,,
TH2,62047,49.9081,-2.8946,2026-05-22 10:00:00,11.9,97,10238,12.91,0.54,3.86,310.3,509,,
TH2,62045,49.9079,-2.8951,2026-05-22 09:00:00,13.7,91.3,10235,12.66,0.47,2.29,211.8,12704,,
TH2,62047,49.9079,-2.8951,2026-05-22 09:00:00,13.5,91.6,10236,12.63,0.47,2.27,210.4,10029,,
TH2,62045,49.9078,-2.8954,2026-05-22 08:00:00,14,89.6,10236,12.58,0.49,2.9,193.5,11821,,
TH2,62047,49.9078,-2.8954,2026-05-22 08:00:00,13.6,91.4,10237,12.58,0.46,2.62,183,12591,,
TH2,62045,49.9077,-2.8956,2026-05-22 07:00:00,13.7,91,10231,12.64,0.43,3.4,164.9,13151,,
TH2,62047,49.9078,-2.8956,2026-05-22 07:00:00,14.1,88.5,10233,12.65,0.51,3.81,179.1,15157,,
TH2,62045,49.9077,-2.8957,2026-05-22 06:00:00,14.1,88.7,10229,12.62,0.56,4.28,157.5,15618,,
TH2,62047,49.9077,-2.8957,2026-05-22 06:00:00,14.3,87.9,10230,12.62,0.68,4.99,172,16846,,
TH2,62045,49.9078,-2.8957,2026-05-22 05:00:00,13.8,90.5,10229,12.6,0.58,4.8,144.4,13376,,
TH2,62047,49.9078,-2.8957,2026-05-22 05:00:00,13.8,91.1,10229,12.59,0.61,5.07,163.2,13681,,
TH2,62045,49.908,-2.895,2026-05-22 04:00:00,14,90.1,10227,12.68,0.57,4.79,134.5,12851,,
TH2,62047,49.908,-2.895,2026-05-22 04:00:00,14,90.4,10227,12.68,0.61,4.79,152.6,13067,,
TH2,62045,49.9082,-2.8945,2026-05-22 03:00:00,14,90.6,10223,12.63,0.68,4.96,140.8,11551,,
TH2,62047,49.9082,-2.8945,2026-05-22 03:00:00,14,90.6,10224,12.63,0.69,4.79,133.4,12206,,
TH2,62045,49.9083,-2.8942,2026-05-22 02:00:00,13.9,90.6,10225,12.62,0.67,4.9,146.2,11874,,
TH2,62047,49.9083,-2.8942,2026-05-22 02:00:00,14,90.3,10226,12.62,0.64,4.79,132.5,12841,,
TH2,62045,49.9083,-2.8941,2026-05-22 01:00:00,13.6,91.5,10225,12.76,0.59,4.57,145.2,11547,,
TH2,62047,49.9083,-2.8941,2026-05-22 01:00:00,13.6,91.2,10226,12.76,0.66,4.94,125.6,12320,,
TH2,62045,49.9084,-2.8941,2026-05-22 00:00:00,13.5,90.6,10227,12.62,0.61,5,143.2,11164,,
TH2,62047,49.9084,-2.8941,2026-05-22 00:00:00,13.6,90.4,10228,12.61,0.63,5.03,122.9,11623,,
TH2,62045,49.9084,-2.8941,2026-05-21 23:00:00,13.7,88.7,10229,12.62,0.73,5.88,130.8,12405,,
TH2,62047,49.9084,-2.8941,2026-05-21 23:00:00,13.8,88.4,10230,12.62,0.83,6.31,111.4,12844,,
TH2,62045,49.908,-2.8948,2026-05-21 22:00:00,14,86,10230,12.76,0.85,6.88,119.7,13631,,
TH2,62047,49.908,-2.8948,2026-05-21 22:00:00,14,85.8,10232,12.76,0.95,7.34,104.5,14132,,
TH2,62045,49.9078,-2.8951,2026-05-21 21:00:00,14.1,83.2,10232,12.62,0.99,7.51,113.3,15752,,
TH2,62047,49.9078,-2.8951,2026-05-21 21:00:00,14.2,82.8,10234,12.62,1.03,7.69,99.6,15961,,
TH2,62045,49.9076,-2.8957,2026-05-21 20:00:00,13.8,86.3,10227,12.63,1.17,8.63,89,14725,,
TH2,62047,49.9076,-2.8957,2026-05-21 20:00:00,13.7,86.4,10228,12.63,1.16,8.28,94.5,15131,,
TH2,62045,49.9076,-2.8958,2026-05-21 19:00:00,13.7,87.5,10235,12.7,0.93,7.23,76.8,15152,,
TH2,62047,49.9076,-2.8958,2026-05-21 19:00:00,13.7,87.5,10236,12.7,0.85,6.57,90.4,12737,,
TH2,62045,49.9075,-2.8958,2026-05-21 18:00:00,13.9,86.4,10238,13.41,1.02,8.15,76,16543,,
TH2,62047,49.9075,-2.8958,2026-05-21 18:00:00,13.9,86.5,10239,13.43,0.91,7.45,90,13037,,
TH2,62045,49.9075,-2.8959,2026-05-21 17:00:00,14.2,85,10244,13.44,0.85,6.74,72.1,17430,,
TH2,62047,49.9075,-2.8959,2026-05-21 17:00:00,14.1,85.3,10245,13.47,0.79,6.36,87.7,18186,,
TH2,62045,49.9076,-2.8959,2026-05-21 16:00:00,13.9,88.8,10246,13.34,0.61,4.31,70.2,13704,,
TH2,62047,49.9076,-2.8959,2026-05-21 16:00:00,13.8,89.3,10246,13.6,0.73,5.13,82.2,12209,,
TH2,62045,49.9078,-2.8954,2026-05-21 15:00:00,14.1,90.3,10251,13.58,0.6,3.05,71.3,11639,,
TH2,62047,49.9078,-2.8954,2026-05-21 15:00:00,14.1,90.3,10251,13.85,0.52,3.32,79.9,9864,,
TH2,62045,49.9079,-2.895,2026-05-21 14:00:00,14,91.1,10253,13.51,0.51,3.32,93.7,11125,,
TH2,62047,49.9079,-2.895,2026-05-21 14:00:00,14,91.9,10254,13.67,0.52,3.11,99.6,8375,,
TH2,62045,49.908,-2.8948,2026-05-21 13:00:00,14.2,87.6,10257,13.22,0.38,2.4,109.6,11570,,
TH2,62047,49.908,-2.8948,2026-05-21 13:00:00,13.9,90,10258,13.42,0.36,2.14,99.9,10356,,
TH2,62045,49.908,-2.8947,2026-05-21 12:00:00,14.1,88.8,10257,13.2,0.42,3.12,131.6,11777,,
TH2,62047,49.908,-2.8947,2026-05-21 12:00:00,13.6,91.5,10258,13.3,0.48,3.14,115,9326,,
TH2,62045,49.908,-2.8947,2026-05-21 11:00:00,13.9,88.5,10261,12.95,0.42,3.24,160.3,13543,,
TH2,62047,49.908,-2.8947,2026-05-21 11:00:00,13.5,90.6,10261,13.08,0.47,3.04,141.3,11212,,
TH2,62045,49.908,-2.8946,2026-05-21 10:00:00,13.7,89.1,10261,12.78,0.4,3.06,168.4,13713,,
TH2,62047,49.908,-2.8947,2026-05-21 10:00:00,13.2,91.6,10261,12.9,0.39,2.8,149.6,10548,,
TH2,62045,49.9079,-2.8948,2026-05-21 09:00:00,13.6,88.4,10260,12.65,0.41,2.94,172.7,15106,,
TH2,62047,49.9079,-2.8948,2026-05-21 09:00:00,13.1,91.2,10261,12.68,0.45,2.7,153.8,11746,,
TH2,62045,49.9077,-2.8952,2026-05-21 08:00:00,13.4,89.2,10265,12.51,0.54,3.58,178.1,15406,,
TH2,62047,49.9077,-2.8952,2026-05-21 08:00:00,13.1,90.9,10265,12.52,0.47,3.38,168.4,12365,,
TH2,62045,49.9076,-2.8956,2026-05-21 07:00:00,13.1,91.2,10262,12.49,0.53,3.72,201.4,10720,,
TH2,62047,49.9076,-2.8956,2026-05-21 07:00:00,13.1,90.6,10263,12.48,0.5,2.91,197.5,13836,,
TH2,62045,49.9075,-2.8958,2026-05-21 06:00:00,13,91.4,10259,12.49,0.56,4.08,198.3,12330,,
TH2,62047,49.9075,-2.8958,2026-05-21 06:00:00,13.1,91,10260,12.49,0.58,2.48,201.1,12778,,
TH2,62045,49.9075,-2.8959,2026-05-21 05:00:00,13,90.9,10258,12.49,0.53,4.14,187.2,12449,,
TH2,62047,49.9075,-2.8959,2026-05-21 05:00:00,13,91.3,10259,12.49,0.57,4.03,198,11463,,
TH2,62045,49.9076,-2.8959,2026-05-21 04:00:00,13,91,10256,12.47,0.55,4.36,174.7,11188,,
TH2,62047,49.9077,-2.8959,2026-05-21 04:00:00,13,91.3,10257,12.47,0.65,4.99,190.7,10888,,
TH2,62045,49.9079,-2.895,2026-05-21 03:00:00,13.1,89.1,10256,12.47,0.67,5.63,176.3,12741,,
TH2,62047,49.9079,-2.895,2026-05-21 03:00:00,13,89.5,10257,12.48,0.79,6.47,193,12155,,
TH2,62045,49.9081,-2.8943,2026-05-21 02:00:00,13.1,89.6,10260,12.48,0.7,5.15,187.6,11306,,
TH2,62047,49.9081,-2.8943,2026-05-21 02:00:00,13,90.1,10261,12.48,0.71,4.62,194.4,10907,,
TH2,62045,49.9082,-2.8938,2026-05-21 01:00:00,13,90.4,10259,12.5,0.93,6.46,183.6,10326,,
TH2,62047,49.9082,-2.8938,2026-05-21 01:00:00,13,90.6,10259,12.5,0.91,6.53,175.4,9752,,
TH2,62045,49.9082,-2.8936,2026-05-21 00:00:00,13,91.3,10258,12.46,0.65,5.02,179.4,11749,,
TH2,62047,49.9082,-2.8936,2026-05-21 00:00:00,12.9,91.5,10258,12.46,0.56,4.4,163,11712,,
TH2,62045,49.9083,-2.8936,2026-05-20 23:00:00,12.8,91.9,10256,12.47,0.51,3.94,182.4,11275,,
TH2,62047,49.9083,-2.8936,2026-05-20 23:00:00,12.8,92.1,10257,12.47,0.44,3.36,168.4,11989,,
TH2,62045,49.9083,-2.8935,2026-05-20 22:00:00,13,89.6,10255,12.52,0.4,2.35,199.2,12405,,
TH2,62047,49.9083,-2.8935,2026-05-20 22:00:00,13,89.7,10255,12.52,0.36,2.46,198.1,13605,,
TH2,62045,49.9082,-2.8935,2026-05-20 21:00:00,13.1,90.1,10250,12.49,0.56,2.7,244.9,11518,,
TH2,62047,49.9082,-2.8935,2026-05-20 21:00:00,13.1,90.3,10251,12.49,0.57,4.18,238.5,12304,,
TH2,62045,49.9078,-2.8947,2026-05-20 20:00:00,13.3,89,10248,12.52,0.58,2.77,249.1,11086,,
TH2,62047,49.9078,-2.8947,2026-05-20 20:00:00,13.3,89.1,10248,12.52,0.54,3.96,244,11123,,
TH2,62045,49.9076,-2.8951,2026-05-20 19:00:00,13.3,90.2,10246,12.49,0.61,3.98,241.7,9242,,
TH2,62047,49.9076,-2.8951,2026-05-20 19:00:00,13.2,90.4,10247,12.5,0.67,4.13,234.1,8995,,
TH2,62045,49.9075,-2.8956,2026-05-20 18:00:00,13.4,89.7,10244,12.52,0.71,4.68,240.2,8422,,
TH2,62047,49.9075,-2.8955,2026-05-20 18:00:00,13.3,90.1,10245,12.53,0.7,4.21,232.4,7912,,
TH2,62045,49.9075,-2.8958,2026-05-20 17:00:00,13.3,90.8,10242,12.59,0.59,4.4,234.1,7036,,
TH2,62047,49.9075,-2.8958,2026-05-20 17:00:00,13.4,90.1,10243,12.59,0.58,2.96,238.2,6389,,
TH2,62045,49.9075,-2.8958,2026-05-20 16:00:00,13.5,89,10239,12.58,0.77,5.9,238.3,7671,,
TH2,62047,49.9075,-2.8958,2026-05-20 16:00:00,13.8,87.2,10240,12.58,0.78,3.61,245.7,7167,,
TH2,62045,49.9078,-2.8953,2026-05-20 15:00:00,13.5,86.8,10235,12.52,0.99,7.06,226.4,9122,,
TH2,62047,49.9078,-2.8953,2026-05-20 15:00:00,13.7,85.6,10236,12.52,1.14,4.53,232,7804,,
TH2,62045,49.908,-2.8944,2026-05-20 14:00:00,13.6,83.7,10232,12.51,1.07,7.08,233.2,10086,,
TH2,62047,49.908,-2.8944,2026-05-20 14:00:00,13.6,83.5,10233,12.5,1.12,6.22,234.6,9129,,
TH2,62045,49.9082,-2.8937,2026-05-20 13:00:00,13.4,87.6,10228,12.49,1.21,7.78,232.3,7908,,
TH2,62047,49.9082,-2.8937,2026-05-20 13:00:00,13.3,87.8,10228,12.49,1.2,7.86,235.1,7175,,
TH2,62045,49.9082,-2.8936,2026-05-20 12:00:00,13.3,88.3,10220,12.48,1.04,6.26,233.7,7258,,
TH2,62047,49.9082,-2.8936,2026-05-20 12:00:00,13.3,89,10221,12.48,1.08,7.45,236.2,6573,,
TH2,62045,49.9082,-2.8935,2026-05-20 11:00:00,13.3,89.6,10211,12.45,1.39,6.6,239.2,6074,,
TH2,62047,49.9082,-2.8935,2026-05-20 11:00:00,13.3,89.9,10212,12.45,1.29,8.97,234.2,5503,,
TH2,62045,49.9082,-2.8934,2026-05-20 10:00:00,12.8,94.6,10202,12.47,1.34,5.82,246.7,4015,,
TH2,62047,49.9082,-2.8934,2026-05-20 10:00:00,12.8,94.8,10203,12.46,1.23,9.01,237.8,3317,,
TH2,62045,49.9081,-2.8933,2026-05-20 09:00:00,12.8,96,10194,12.45,1.23,5.85,243.8,2976,,
TH2,62047,49.9081,-2.8934,2026-05-20 09:00:00,12.8,96,10195,12.45,1.27,8.75,236.4,2369,,
TH2,62045,49.908,-2.8938,2026-05-20 08:00:00,13.2,92.5,10185,12.44,1.4,7.83,240,4517,,
TH2,62047,49.908,-2.8938,2026-05-20 08:00:00,13.2,92.7,10186,12.44,1.38,9.61,241.2,4699,,
TH2,62045,49.9076,-2.895,2026-05-20 07:00:00,12.7,96.3,10180,12.43,1.23,7.48,235.5,4363,,
TH2,62047,49.9076,-2.895,2026-05-20 07:00:00,12.7,96.2,10181,12.43,1.13,7.51,234.2,4675,,
TH2,62045,49.9073,-2.8956,2026-05-20 06:00:00,12.9,91.7,10173,12.42,1.48,8.4,247.2,5750,,
TH2,62047,49.9073,-2.8956,2026-05-20 06:00:00,12.9,91.9,10174,12.42,1.25,8.31,244.1,4846,,
TH2,62045,49.9073,-2.8961,2026-05-20 05:00:00,13,89.7,10166,12.43,1.17,7.32,250.5,6688,,
TH2,62047,49.9073,-2.8961,2026-05-20 05:00:00,12.9,89.7,10166,12.43,1.08,7.3,246.4,6009,,
TH2,62045,49.9074,-2.8962,2026-05-20 04:00:00,13,90.6,10158,12.44,1.11,7.91,248,6095,,
TH2,62047,49.9074,-2.8962,2026-05-20 04:00:00,12.9,91,10159,12.45,1.06,5.89,250.3,5434,,
TH2,62045,49.9075,-2.896,2026-05-20 03:00:00,13,91,10151,12.43,1.24,8.36,238.8,6604,,
TH2,62047,49.9075,-2.896,2026-05-20 03:00:00,12.9,91.8,10151,12.43,1.05,4.95,245.2,5782,,
TH2,62045,49.9078,-2.8951,2026-05-20 02:00:00,13,90.5,10143,12.43,1.53,9.9,234,6959,,
TH2,62047,49.9078,-2.8951,2026-05-20 02:00:00,12.9,91,10144,12.43,1.39,7.7,236.3,5999,,
TH2,62045,49.9081,-2.8941,2026-05-20 01:00:00,13.1,89.6,10140,12.43,1.52,10.27,226.6,5824,,
TH2,62047,49.9081,-2.8941,2026-05-20 01:00:00,13.1,89.8,10141,12.43,1.5,9.74,232.4,5060,,
TH2,62045,49.9081,-2.8936,2026-05-20 00:00:00,13.2,88.3,10132,12.44,1.57,10.08,232.6,5653,,
TH2,62047,49.9081,-2.8935,2026-05-20 00:00:00,13.1,88.6,10132,12.44,1.72,10.22,234.8,5101,,
TH2,62045,49.9082,-2.8935,2026-05-19 23:00:00,13.1,89.2,10129,12.43,1.62,9.93,233.7,6065,,
TH2,62047,49.9082,-2.8935,2026-05-19 23:00:00,13.1,89.8,10130,12.44,1.54,8.97,238.3,3805,,
TH2,62045,49.9081,-2.8934,2026-05-19 22:00:00,13.2,89,10124,12.45,1.4,9,232.4,5992,,
TH2,62047,49.9082,-2.8934,2026-05-19 22:00:00,13.1,89.6,10125,12.45,1.53,8.03,233.9,4447,,
TH2,62045,49.9081,-2.8933,2026-05-19 21:00:00,13,87.3,10118,12.47,1.39,6.42,227.8,5812,,
TH2,62047,49.9081,-2.8933,2026-05-19 21:00:00,13,87.6,10119,12.47,1.4,9.41,224.6,7557,,
TH2,62045,49.9079,-2.8933,2026-05-19 20:00:00,13,89,10112,12.46,1.47,5.96,236.1,6007,,
TH2,62047,49.9079,-2.8933,2026-05-19 20:00:00,13,89.3,10112,12.46,1.36,9.88,230.4,8505,,
TH2,62045,49.9078,-2.8936,2026-05-19 19:00:00,13.3,87.3,10108,12.43,1.6,9.08,227.9,6756,,
TH2,62047,49.9078,-2.8936,2026-05-19 19:00:00,13.3,87.7,10108,12.43,1.49,10.61,225,8377,,
TH2,62045,49.9074,-2.895,2026-05-19 18:00:00,13.5,86.6,10108,12.43,1.68,11.13,232.4,7337,,
TH2,62047,49.9074,-2.895,2026-05-19 18:00:00,13.4,87,10108,12.43,1.68,11.27,229.3,7374,,
TH2,62045,49.9072,-2.8959,2026-05-19 17:00:00,13.6,87.8,10104,12.44,1.41,9.77,235.3,6278,,
TH2,62047,49.9072,-2.8959,2026-05-19 17:00:00,13.5,88.2,10106,12.44,1.49,9.33,233.1,5763,,
TH2,62045,49.9072,-2.8962,2026-05-19 16:00:00,13.5,88.3,10100,12.52,1.3,7.85,223.1,6274,,
TH2,62047,49.9072,-2.8962,2026-05-19 16:00:00,13.4,88.5,10101,12.52,1.25,7.7,220.7,5709,,
TH2,62045,49.9073,-2.8962,2026-05-19 15:00:00,13.5,86.4,10097,12.51,1.16,8.89,221.8,9389,,
TH2,62047,49.9073,-2.8962,2026-05-19 15:00:00,13.6,86.1,10098,12.51,1.19,5.25,226.4,7486,,
TH2,62045,49.9077,-2.8952,2026-05-19 14:00:00,13.3,88.8,10094,12.47,1.34,9.56,212.7,8068,,
TH2,62047,49.9077,-2.8952,2026-05-19 14:00:00,13.5,88.5,10095,12.47,1.35,8.72,214.6,6656,,
TH2,62045,49.9079,-2.8945,2026-05-19 13:00:00,13.5,89.2,10092,12.48,1.36,9.38,213,7962,,
TH2,62047,49.908,-2.8945,2026-05-19 13:00:00,13.5,89,10093,12.48,1.28,8.68,218.2,7538,,
TH2,62045,49.9081,-2.8938,2026-05-19 12:00:00,13.3,90.8,10090,12.44,1.51,10.04,214.8,8366,,
TH2,62047,49.9081,-2.8938,2026-05-19 12:00:00,13.2,90.3,10090,12.43,1.48,10.15,219.4,7867,,
TH2,62045,49.9081,-2.8936,2026-05-19 11:00:00,13.2,91.1,10082,12.42,1.45,8.56,209.4,6634,,
TH2,62047,49.9081,-2.8936,2026-05-19 11:00:00,13.2,91,10082,12.42,1.51,10.06,208.5,6302,,
TH2,62045,49.908,-2.8934,2026-05-19 10:00:00,13.1,91.3,10077,12.44,1.25,9.71,202.4,7204,,
TH2,62047,49.908,-2.8934,2026-05-19 10:00:00,13.1,91.9,10078,12.44,1.37,9.6,215.6,4791,,
TH2,62045,49.908,-2.8933,2026-05-19 09:00:00,13.2,90.5,10074,12.46,1.36,8.64,209.6,6151,,
TH2,62047,49.908,-2.8933,2026-05-19 09:00:00,13.2,91.6,10075,12.46,1.33,9.37,211,7133,,
TH2,62045,49.9079,-2.8933,2026-05-19 08:00:00,13.2,91,10072,12.41,1.22,7.41,218.8,6468,,
TH2,62047,49.9079,-2.8934,2026-05-19 08:00:00,13.1,91.1,10072,12.41,1.19,8.59,219,8633,,
TH2,62045,49.9076,-2.8944,2026-05-19 07:00:00,13.1,92.6,10068,12.38,1.27,7.45,221,7413,,
TH2,62047,49.9076,-2.8944,2026-05-19 07:00:00,13,92.8,10068,12.39,1.13,8.25,216.9,8673,,
TH2,62045,49.9073,-2.8957,2026-05-19 06:00:00,13.1,95,10063,12.38,1.32,9.06,225.6,10396,,
TH2,62047,49.9073,-2.8958,2026-05-19 06:00:00,13,95,10064,12.38,1.27,8.84,223.9,9714,,
TH2,62045,49.907,-2.8968,2026-05-19 05:00:00,12.4,96.9,10060,12.38,1.39,9.5,190,8324,,
TH2,62047,49.907,-2.8968,2026-05-19 05:00:00,12.4,96.9,10061,12.38,1.43,9.2,192.4,9169,,
TH2,62045,49.907,-2.897,2026-05-19 04:00:00,12.3,95.9,10067,12.37,1.65,11.66,179.3,2270,,
TH2,62047,49.907,-2.897,2026-05-19 04:00:00,12.3,95.1,10066,12.37,1.78,11.71,183,7371,,
TH2,62045,49.907,-2.8971,2026-05-19 03:00:00,12.1,95,10062,12.4,1.61,12.57,163.9,2778,,
TH2,62047,49.907,-2.897,2026-05-19 03:00:00,12,95.9,10063,12.4,1.75,13.55,180.5,2282,,
TH2,62045,49.9073,-2.8963,2026-05-19 02:00:00,12.2,91.9,10073,12.39,1.74,12.83,180.1,3481,,
TH2,62047,49.9074,-2.8963,2026-05-19 02:00:00,12.2,92.4,10074,12.39,1.78,13.19,179.9,1340,,
TH2,62045,49.9077,-2.8949,2026-05-19 01:00:00,12.3,90.1,10079,12.39,1.7,13.23,167.3,7942,,
TH2,62047,49.9077,-2.8949,2026-05-19 01:00:00,12.3,90.5,10080,12.39,1.86,13.37,181.7,9293,,
TH2,62045,49.9079,-2.8944,2026-05-19 00:00:00,12.5,88.9,10085,12.39,1.64,10.97,170,15117,,
TH2,62047,49.9079,-2.8944,2026-05-19 00:00:00,12.4,89.3,10086,12.39,1.53,10.84,176.2,18317,,
TH2,62045,49.9079,-2.8939,2026-05-18 23:00:00,12.1,89.4,10094,12.39,1.59,10.05,175.7,13184,,
TH2,62047,49.9079,-2.8939,2026-05-18 23:00:00,12.1,89.7,10095,12.39,1.59,11.07,174.5,15549,,
TH2,62045,49.9079,-2.8937,2026-05-18 22:00:00,11.9,91.9,10105,12.4,1.52,12.11,185.5,7329,,
TH2,62047,49.9079,-2.8937,2026-05-18 22:00:00,11.9,91.2,10103,12.4,1.26,10.34,173,11485,,
TH2,62045,49.9079,-2.8936,2026-05-18 21:00:00,11.8,91.5,10108,12.41,1.51,12.27,192.1,5313,,
TH2,62047,49.9078,-2.8936,2026-05-18 21:00:00,11.9,89.9,10106,12.41,1.26,10.33,176.6,10139,,
TH2,62045,49.9078,-2.8935,2026-05-18 20:00:00,12,88.5,10111,12.4,1.22,10.04,191.7,5081,,
TH2,62047,49.9078,-2.8935,2026-05-18 20:00:00,12.1,87.1,10110,12.4,1.04,8.67,174.9,11140,,
TH2,62045,49.9076,-2.8939,2026-05-18 19:00:00,11.9,86.9,10113,12.38,1.07,8.84,195.2,7193,,
TH2,62047,49.9076,-2.8939,2026-05-18 19:00:00,12.1,85.3,10112,12.37,0.93,7.55,179.9,19797,,
TH2,62045,49.9073,-2.8949,2026-05-18 18:00:00,12.3,84.5,10118,12.39,1.26,9.32,189.5,20253,,
TH2,62047,49.9073,-2.8949,2026-05-18 18:00:00,12.2,84.5,10117,12.38,1.08,8.24,173.3,26800,,
TH2,62045,49.907,-2.8957,2026-05-18 17:00:00,12.3,80.3,10121,12.39,1.04,7.74,177.3,18536,,
TH2,62047,49.907,-2.8957,2026-05-18 17:00:00,12.2,80.4,10122,12.39,1.08,7.12,181,20737,,
TH2,62045,49.9069,-2.8961,2026-05-18 16:00:00,12.4,78.5,10124,12.39,0.94,7.07,177.1,25335,,
TH2,62047,49.9069,-2.8961,2026-05-18 16:00:00,12.4,78.3,10125,12.39,1,7.12,188.7,31141,,
TH2,62045,49.9069,-2.8963,2026-05-18 15:00:00,12.4,73.5,10125,12.41,1.06,8.18,185.5,26801,,
TH2,62047,49.9069,-2.8962,2026-05-18 15:00:00,12.7,72.9,10126,12.41,1.19,8.73,198.6,28882,,
TH2,62045,49.9071,-2.8959,2026-05-18 14:00:00,12,73.3,10129,12.42,1.09,8.54,188.6,27266,,
TH2,62047,49.9071,-2.8959,2026-05-18 14:00:00,12.1,73.8,10130,12.42,1.23,9.15,201,29692,,
TH2,62045,49.9074,-2.8951,2026-05-18 13:00:00,10.4,84.2,10134,12.4,1,7.39,219.6,5384,,
TH2,62047,49.9074,-2.8951,2026-05-18 13:00:00,10.4,85.8,10135,12.4,1.08,5.19,228.8,3548,,
TH2,62045,49.9077,-2.8944,2026-05-18 12:00:00,12.3,64.8,10132,12.39,1.37,9.59,193.8,28320,,
TH2,62047,49.9077,-2.8944,2026-05-18 12:00:00,12.3,65.4,10133,12.39,1.36,9.61,198.2,45446,,
TH2,62045,49.9078,-2.8938,2026-05-18 11:00:00,12.2,76.7,10134,12.37,1.3,8.16,208.4,22493,,
TH2,62047,49.9077,-2.8938,2026-05-18 11:00:00,12.2,77.1,10134,12.37,1.35,8.12,214.1,27362,,
TH2,62045,49.9077,-2.8936,2026-05-18 10:00:00,12.2,76,10130,12.38,1.24,5.81,218.1,18559,,
TH2,62047,49.9077,-2.8936,2026-05-18 10:00:00,12.2,76.6,10131,12.38,1.08,8.57,213.6,31260,,
TH2,62045,49.9077,-2.8935,2026-05-18 09:00:00,12.2,73,10127,12.4,1.29,5.43,220.1,14634,,
TH2,62047,49.9077,-2.8935,2026-05-18 09:00:00,12.1,73.6,10128,12.4,1.14,8.77,216.5,39670,,
TH2,62045,49.9077,-2.8935,2026-05-18 08:00:00,12,65.7,10125,12.38,0.89,3.57,242.5,25397,,
TH2,62047,49.9077,-2.8935,2026-05-18 08:00:00,12,66.5,10126,12.38,0.91,6.65,231.3,56331,,
TH2,62045,49.9075,-2.8936,2026-05-18 07:00:00,11.4,71.3,10125,12.35,1.03,5.15,260.6,29721,,
TH2,62047,49.9075,-2.8936,2026-05-18 07:00:00,11.3,72.2,10126,12.35,0.98,6.25,264.1,53296,,
TH2,62045,49.9071,-2.8943,2026-05-18 06:00:00,11.3,70.7,10122,12.36,1.39,8.79,271.3,21480,,
TH2,62047,49.9071,-2.8944,2026-05-18 06:00:00,11.2,71.1,10122,12.36,1.25,9.96,277.7,53702,,
TH2,62045,49.9069,-2.8955,2026-05-18 05:00:00,9.8,83.2,10125,12.38,0.47,2.3,297.8,22173,,
TH2,62047,49.9069,-2.8955,2026-05-18 05:00:00,9.8,83.4,10125,12.38,0.44,2.49,302.1,31642,,
TH2,62045,49.9068,-2.896,2026-05-18 04:00:00,11.1,65.5,10123,12.37,0.9,6.34,241.7,31779,,
TH2,62047,49.9068,-2.896,2026-05-18 04:00:00,11.1,65.4,10124,12.37,0.92,5.42,235.8,51944,,
TH2,62045,49.9067,-2.8962,2026-05-18 03:00:00,10.2,76.9,10128,12.37,0.89,6.23,233.3,28034,,
TH2,62047,49.9067,-2.8962,2026-05-18 03:00:00,10.1,78.6,10128,12.37,0.68,3.81,240.1,29288,,
TH2,62045,49.9068,-2.8963,2026-05-18 02:00:00,9.6,80.2,10136,12.38,1.02,8.14,299.4,5770,,
TH2,62047,49.9068,-2.8963,2026-05-18 02:00:00,9.7,78.3,10138,12.38,1.11,8.13,289.9,7041,,
TH2,62045,49.907,-2.8958,2026-05-18 01:00:00,11,72.9,10135,12.4,0.96,7.47,295,15560,,
TH2,62047,49.907,-2.8958,2026-05-18 01:00:00,11,72.2,10137,12.4,1.03,7.16,286.3,19202,,
TH2,62045,49.9074,-2.8947,2026-05-18 00:00:00,10.8,71.2,10136,12.38,1.09,7.74,275.4,13315,,
TH2,62047,49.9074,-2.8947,2026-05-18 00:00:00,10.8,71.5,10138,12.38,1.19,6.85,267,18132,,
TH2,62045,49.9076,-2.8938,2026-05-17 23:00:00,10.5,75,10135,12.37,1.15,8.44,273.1,6373,,
TH2,62047,49.9076,-2.8938,2026-05-17 23:00:00,10.5,77.5,10136,12.37,1.24,7.72,277.7,13921,,
TH2,62045,49.9077,-2.8936,2026-05-17 22:00:00,10.3,81.6,10134,12.38,1.26,9.24,285.2,2050,,
TH2,62047,49.9077,-2.8936,2026-05-17 22:00:00,10.2,82.5,10134,12.38,1.21,8.68,291,4112,,
TH2,62045,49.9077,-2.8935,2026-05-17 21:00:00,11.9,75.7,10129,12.41,1.11,7.61,263.1,21778,,
TH2,62047,49.9077,-2.8935,2026-05-17 21:00:00,11.8,76.2,10129,12.41,1.04,7.83,273,35117,,
TH2,62045,49.9077,-2.8935,2026-05-17 20:00:00,12,72.7,10124,12.39,1.18,7.86,258.5,17725,,
TH2,62047,49.9077,-2.8935,2026-05-17 20:00:00,12,73.4,10125,12.39,1.12,8.25,268.4,26916,,
TH2,62045,49.9076,-2.8935,2026-05-17 19:00:00,11.8,77.3,10122,12.38,1.05,7.76,274.5,18767,,
TH2,62047,49.9076,-2.8935,2026-05-17 19:00:00,11.8,77.9,10123,12.38,0.99,7.26,284.8,27990,,
TH2,62045,49.9074,-2.8936,2026-05-17 18:00:00,11.9,75.9,10122,12.39,1.19,6.4,261.2,15799,,
TH2,62047,49.9074,-2.8936,2026-05-17 18:00:00,11.9,76.5,10122,12.39,1.07,8.37,263.5,22498,,
TH2,62045,49.9071,-2.8944,2026-05-17 17:00:00,12.1,75.7,10122,12.41,1.22,6.69,263.4,20000,,
TH2,62047,49.9071,-2.8944,2026-05-17 17:00:00,12,76.4,10123,12.41,1.2,8.66,262.4,29024,,
TH2,62045,49.9068,-2.8952,2026-05-17 16:00:00,12,76,10127,12.41,1.38,9.49,272.4,20719,,
TH2,62047,49.9068,-2.8952,2026-05-17 16:00:00,11.9,76.5,10127,12.41,1.35,9.38,260.8,27683,,
TH2,62045,49.9068,-2.8957,2026-05-17 15:00:00,12.3,78.1,10130,12.41,1.12,8.16,271,19040,,
TH2,62047,49.9068,-2.8957,2026-05-17 15:00:00,12.1,79.2,10132,12.41,1.08,7.03,261.9,25216,,
TH2,62045,49.9068,-2.8959,2026-05-17 14:00:00,12.2,74.8,10132,12.47,1.03,8.02,270.6,22184,,
TH2,62047,49.9068,-2.8959,2026-05-17 14:00:00,12.1,75.7,10134,12.47,1.05,6.86,262.5,30308,,
TH2,62045,49.9069,-2.8958,2026-05-17 13:00:00,12.1,74,10132,12.54,0.83,6.59,269.9,21785,,
TH2,62047,49.9069,-2.8958,2026-05-17 13:00:00,12.1,74.6,10133,12.54,0.87,5.54,262.9,29828,,
TH2,62045,49.9072,-2.8948,2026-05-17 12:00:00,12.2,76.6,10132,12.58,0.75,5.66,269.7,23314,,
TH2,62047,49.9073,-2.8948,2026-05-17 12:00:00,12.1,77.8,10133,12.59,0.73,4.51,262.5,34785,,
TH2,62045,49.9075,-2.894,2026-05-17 11:00:00,11.9,74.3,10130,12.48,0.76,5.43,277.1,27781,,
TH2,62047,49.9075,-2.894,2026-05-17 11:00:00,11.6,75.6,10130,12.48,0.74,5.31,271.9,44408,,
TH2,62045,49.9076,-2.8937,2026-05-17 10:00:00,11.7,67.8,10126,12.43,0.78,5.47,295.8,33063,,
TH2,62047,49.9076,-2.8937,2026-05-17 10:00:00,11.7,69.1,10127,12.43,0.75,5.26,306.9,51697,,
TH2,62045,49.9077,-2.8936,2026-05-17 09:00:00,11.6,74.8,10122,12.42,0.67,5.19,299.3,28221,,
TH2,62047,49.9077,-2.8936,2026-05-17 09:00:00,11.6,75.5,10122,12.42,0.64,4.75,309.6,41889,,
TH2,62045,49.9077,-2.8936,2026-05-17 08:00:00,11.6,74.8,10115,12.39,0.79,6.11,312.1,28591,,
TH2,62047,49.9077,-2.8936,2026-05-17 08:00:00,11.6,75.7,10115,12.39,0.75,5.89,325.2,36818,,
TH2,62045,49.9077,-2.8935,2026-05-17 07:00:00,11.8,77.6,10110,12.36,0.8,6.61,299.8,24151,,
TH2,62047,49.9077,-2.8936,2026-05-17 07:00:00,11.8,78.3,10110,12.36,0.75,6.04,310.1,29262,,
TH2,62045,49.9075,-2.894,2026-05-17 06:00:00,11.8,83.9,10106,12.36,0.87,6.71,288.1,15543,,
TH2,62047,49.9075,-2.894,2026-05-17 06:00:00,11.8,84.3,10106,12.36,0.86,6.15,297.9,20018,,
TH2,62045,49.9072,-2.8949,2026-05-17 05:00:00,11.7,81.6,10103,12.38,0.95,6.32,282.6,16772,,
TH2,62047,49.9072,-2.8949,2026-05-17 05:00:00,11.7,82.1,10103,12.38,0.97,6.62,290.6,21746,,
TH2,62045,49.9069,-2.8955,2026-05-17 04:00:00,11.6,81.2,10101,12.38,1.09,7.02,279.7,18338,,
TH2,62047,49.9069,-2.8955,2026-05-17 04:00:00,11.6,81.9,10102,12.38,1.14,7.57,272.6,24551,,
TH2,62045,49.9068,-2.8961,2026-05-17 03:00:00,11.7,81.6,10104,12.37,0.99,7.45,289.5,18962,,
TH2,62047,49.9068,-2.8961,2026-05-17 03:00:00,11.6,81.6,10105,12.38,1.03,7.54,276.2,25039,,
TH2,62045,49.9068,-2.8963,2026-05-17 02:00:00,11.6,79.5,10104,12.36,0.9,7.32,289.4,19774,,
TH2,62047,49.9068,-2.8963,2026-05-17 02:00:00,11.6,79.6,10106,12.36,1.01,6.62,281.8,27184,,
TH2,62045,49.9069,-2.8963,2026-05-17 01:00:00,11.7,77.4,10105,12.38,1.04,7.76,292.5,21968,,
TH2,62047,49.9069,-2.8963,2026-05-17 01:00:00,11.7,77.6,10107,12.38,1.13,6.61,285.5,28718,,
TH2,62045,49.9072,-2.8957,2026-05-17 00:00:00,11.9,76.8,10105,12.39,1.07,7.78,289.5,20255,,
TH2,62047,49.9072,-2.8957,2026-05-17 00:00:00,11.9,77.3,10107,12.38,1.08,6.41,282.5,25832,,
TH2,62045,49.9076,-2.8943,2026-05-16 23:00:00,12,77.4,10106,12.41,1.07,8.58,290.5,20927,,
TH2,62047,49.9076,-2.8943,2026-05-16 23:00:00,12,77.6,10108,12.41,1.15,8.19,279.1,27208,,
TH2,62045,49.9078,-2.8937,2026-05-16 22:00:00,11.7,82.8,10105,12.42,1.13,6.97,275.4,22212,,
TH2,62047,49.9078,-2.8937,2026-05-16 22:00:00,11.6,83.1,10105,12.42,1.13,7.66,278.3,30974,,
TH2,62045,49.9079,-2.8936,2026-05-16 21:00:00,11.7,91.2,10100,12.42,0.85,5.56,253.1,19305,,
TH2,62047,49.9079,-2.8936,2026-05-16 21:00:00,11.6,91.7,10100,12.42,1,7.02,255.9,36051,,
TH2,62045,49.9079,-2.8935,2026-05-16 20:00:00,12,87.9,10096,12.4,1.04,6.41,252,19496,,
TH2,62047,49.9079,-2.8936,2026-05-16 20:00:00,11.9,88.4,10096,12.4,1.11,7.98,256.1,39847,,
TH2,62045,49.9079,-2.8935,2026-05-16 19:00:00,12.1,85.8,10092,12.4,0.9,6.11,251.1,16711,,
TH2,62047,49.9079,-2.8935,2026-05-16 19:00:00,12,86.2,10093,12.39,1.07,8.06,248,44408,,
TH2,62045,49.9077,-2.8936,2026-05-16 18:00:00,12.1,81.7,10091,12.39,1,6.08,253.3,15139,,
TH2,62047,49.9077,-2.8936,2026-05-16 18:00:00,12,82.2,10091,12.39,1.11,8.58,247.1,38770,,
TH2,62045,49.9074,-2.8943,2026-05-16 17:00:00,12.2,82.9,10091,12.42,1.05,5.18,255.6,22954,,
TH2,62047,49.9074,-2.8943,2026-05-16 17:00:00,12.2,83.4,10092,12.42,1.07,7.75,246.6,41608,,
TH2,62045,49.9071,-2.8953,2026-05-16 16:00:00,12.1,85.3,10094,12.43,1.15,7.09,240.4,22116,,
TH2,62047,49.9071,-2.8953,2026-05-16 16:00:00,12,86,10095,12.44,1.21,8.15,240.9,31044,,
TH2,62045,49.9069,-2.8959,2026-05-16 15:00:00,11.9,84.9,10097,12.41,1.14,8.76,259.4,15543,,
TH2,62047,49.9069,-2.8959,2026-05-16 15:00:00,11.9,86.2,10098,12.41,1.24,8.36,252.1,18274,,
TH2,62045,49.9069,-2.8963,2026-05-16 14:00:00,12,83.9,10101,12.41,0.88,6.83,259.8,16934,,
TH2,62047,49.9069,-2.8963,2026-05-16 14:00:00,12,84.3,10102,12.41,0.97,5.87,253.2,22499,,
TH2,62045,49.9069,-2.8964,2026-05-16 13:00:00,12.3,84.2,10101,12.41,0.87,6.8,255.2,22719,,
TH2,62047,49.9069,-2.8964,2026-05-16 13:00:00,12.5,83.9,10102,12.41,0.81,5.63,253.6,29487,,
TH2,62045,49.9071,-2.8959,2026-05-16 12:00:00,12.3,87.2,10101,12.39,0.84,6.54,250.8,23084,,
TH2,62047,49.9071,-2.8959,2026-05-16 12:00:00,12.4,87.2,10102,12.39,0.78,4.99,253.4,26513,,
TH2,62045,49.9073,-2.8954,2026-05-16 11:00:00,11.2,91.5,10102,12.4,0.79,3.31,250.5,25977,,
TH2,62047,49.9073,-2.8954,2026-05-16 11:00:00,11.2,91.9,10103,12.4,0.57,2.19,258,60211,,
TH2,62045,49.9075,-2.895,2026-05-16 10:00:00,10.3,87.6,10101,12.39,0.9,6.95,209.7,16245,,
TH2,62047,49.9075,-2.895,2026-05-16 10:00:00,10.2,88,10102,12.39,0.86,6.6,223.3,29947,,
TH2,62045,49.9076,-2.8956,2026-05-16 09:00:00,11.3,76.2,10094,11.26,0.4,1.38,231.5,23986,,
TH2,62047,49.9076,-2.8956,2026-05-16 09:00:00,11.3,76.9,10095,11.34,0.38,1.45,212.1,41148,,
TH2,62045,49.9076,-2.8956,2026-05-16 08:00:00,12,75.8,10093,12.71,0.3,1.23,218.6,27862,,
TH2,62047,49.9076,-2.8956,2026-05-16 08:00:00,12,76.2,10094,12.29,0.29,1.2,154.5,46329,,
TH2,62045,49.9068,-2.8914,2026-05-16 07:00:00,11.7,75.8,10090,11.77,0.34,1.3,306.3,26418,,
TH2,62047,49.9068,-2.8914,2026-05-16 07:00:00,11.7,76.5,10091,11.5,0.34,1.44,3.5,45271,,
TH2,62045,49.907,-2.8882,2026-05-16 06:00:00,10.5,80.1,10089,9.7,0.3,1.95,280.1,22984,,
TH2,62047,49.907,-2.8882,2026-05-16 06:00:00,10.6,79.2,10089,9.92,0.28,1.63,275.1,36943,,
TH2,62045,49.907,-2.8879,2026-05-16 05:00:00,11.2,76.5,10088,11.31,0.81,6.88,287.1,26616,,
TH2,62047,49.907,-2.8879,2026-05-16 05:00:00,11.2,77.2,10090,11.25,0.77,4.32,283.2,45005,,
TH2,62045,49.907,-2.8879,2026-05-16 04:00:00,10.7,71.8,10088,10.69,0.43,1.92,316,36719,,
TH2,62047,49.907,-2.8879,2026-05-16 04:00:00,10.7,72.1,10089,10.75,0.48,2.32,302.8,75000,,
TH2,62045,49.9069,-2.8877,2026-05-16 03:00:00,10.7,74.8,10093,10.72,0.59,3.26,331.9,30068,,
TH2,62047,49.9069,-2.8877,2026-05-16 03:00:00,10.7,75.5,10094,10.69,0.58,3.36,342.1,54501,,
TH2,62045,49.9066,-2.8875,2026-05-16 02:00:00,10.6,76.8,10099,10.62,1.05,8.47,326.9,27281,,
TH2,62047,49.9066,-2.8875,2026-05-16 02:00:00,10.6,77.4,10097,10.63,0.91,7.04,315.4,48232,,
TH2,62045,49.9069,-2.888,2026-05-16 01:00:00,10.6,73.6,10100,10.6,0.98,8.01,329.7,28510,,
TH2,62047,49.9069,-2.888,2026-05-16 01:00:00,10.6,73.9,10099,10.62,0.96,7.12,317.6,56350,,
TH2,62045,49.9068,-2.8882,2026-05-16 00:00:00,10.4,71.5,10103,10.4,1.35,10.79,338.2,28837,,
TH2,62047,49.9068,-2.8882,2026-05-16 00:00:00,10.4,71.3,10101,10.45,1.16,9.25,325.9,58416,,
TH2,62045,49.9069,-2.888,2026-05-15 23:00:00,10.5,68.3,10102,10.38,1.28,8.39,328.7,29320,,
TH2,62047,49.9069,-2.888,2026-05-15 23:00:00,10.4,68.5,10100,10.47,1.05,6.6,315,57878,,
TH2,62045,49.9069,-2.8876,2026-05-15 22:00:00,10.9,63.7,10097,10.85,1.12,7.32,340.4,31668,,
TH2,62047,49.9069,-2.8876,2026-05-15 22:00:00,10.9,65.1,10098,10.9,0.98,6.88,352.9,58281,,
TH2,62045,49.9066,-2.8876,2026-05-15 21:00:00,11.4,60.1,10093,11.37,1.11,8.92,342.5,32155,,
TH2,62047,49.9066,-2.8876,2026-05-15 21:00:00,11.4,61.2,10094,11.45,1.05,8.2,355.8,59060,,
TH2,62045,49.9069,-2.8875,2026-05-15 20:00:00,11.7,58.4,10086,11.65,1.29,10.51,330.9,31943,,
TH2,62047,49.9069,-2.8875,2026-05-15 20:00:00,11.7,59.4,10087,11.73,1.18,9.71,339.7,60406,,
TH2,62045,49.9078,-3.0404,2026-05-15 19:00:00,12.1,58.6,10086,12.05,1.26,10.24,321.9,26957,,
TH2,62047,49.9078,-3.0404,2026-05-15 19:00:00,11.8,59.3,10086,12.04,1.39,11.37,313.1,48482,,
TH2,62045,49.9095,-3.355,2026-05-15 18:00:00,12.2,57.8,10088,14.77,1.11,8.69,296.9,26394,,
TH2,62047,49.9095,-3.355,2026-05-15 18:00:00,11.6,60.5,10088,12,1.26,9.94,293.7,47184,,
TH2,62045,49.9134,-3.6752,2026-05-15 17:00:00,12.2,59,10093,14.62,1.23,9.5,306.6,27627,,
TH2,62047,49.9134,-3.6752,2026-05-15 17:00:00,11.5,61.8,10093,11.82,1.4,10.87,301.4,49552,,
TH2,62045,49.917,-3.992,2026-05-15 16:00:00,12.3,56.7,10095,14.59,1.08,8.76,304.8,26564,,
TH2,62047,49.917,-3.992,2026-05-15 16:00:00,11.5,60.1,10095,11.76,1.18,9.95,299.6,53325,,
TH2,62045,49.9246,-4.2973,2026-05-15 15:00:00,12.2,57.3,10100,14.1,1.22,9.36,312.8,27819,,
TH2,62047,49.9246,-4.2973,2026-05-15 15:00:00,11.4,60.1,10100,11.67,1.33,10.56,306.8,51449,,
TH2,62045,49.9227,-4.5887,2026-05-15 14:00:00,12.3,58.9,10107,15.36,1.19,9.39,322.3,28082,,
TH2,62047,49.9227,-4.5887,2026-05-15 14:00:00,11.2,61.8,10107,11.69,1.33,10.26,313.5,51590,,
TH2,62045,49.927,-4.8671,2026-05-15 13:00:00,11.9,57.4,10110,13.82,1.09,9.2,341.6,26041,,
TH2,62047,49.927,-4.8671,2026-05-15 13:00:00,11.2,60,10109,11.6,1.19,9.07,328.8,53956,,
TH2,62045,49.9291,-5.1337,2026-05-15 12:00:00,11.9,64.8,10112,12.33,1.13,7.82,310.3,26148,,
TH2,62047,49.9291,-5.1337,2026-05-15 12:00:00,11.4,67.1,10112,11.82,1.14,8.59,305.5,43651,,
TH2,62045,50.0246,-5.358,2026-05-15 11:00:00,11.8,62.4,10114,11.75,0.86,7,339.9,24948,,
TH2,62047,50.0246,-5.358,2026-05-15 11:00:00,10.8,66.2,10115,11.51,0.97,7.74,336.7,44791,,
TH2,62045,50.0772,-5.4371,2026-05-15 10:00:00,10.9,70.2,10115,11.67,1.22,9.86,344.9,25347,,
TH2,62047,50.0772,-5.4371,2026-05-15 10:00:00,10.5,72.2,10113,10.89,1.07,8.21,330.3,44047,,
TH2,62045,50.1042,-5.5264,2026-05-15 09:00:00,11.3,67.1,10109,12.79,1.23,5.95,333.1,25101,,
TH2,62047,50.1042,-5.5264,2026-05-15 09:00:00,10.8,69.1,10109,11.44,1.06,5.22,327.9,41034,,
TH2,62045,50.1035,-5.5256,2026-05-15 08:00:00,11.1,66.8,10107,13.55,0.51,1.67,344.8,26855,,
TH2,62047,50.1035,-5.5256,2026-05-15 08:00:00,11.2,67.8,10108,11.56,0.53,1.9,357.6,38214,,
TH2,62045,50.1036,-5.5257,2026-05-15 07:00:00,10.9,70.3,10107,11.01,0.79,2.39,324,21321,,
TH2,62047,50.1036,-5.5257,2026-05-15 07:00:00,10.8,71.4,10108,10.93,0.71,3.12,338.2,13831,,
TH2,62045,50.1035,-5.5257,2026-05-15 06:00:00,10.6,70.6,10103,10.4,0.43,1.33,330.5,20889,,
TH2,62047,50.1035,-5.5257,2026-05-15 06:00:00,10.4,71.8,10103,10.48,0.47,1.84,340.6,13857,,
TH2,62045,50.1034,-5.5258,2026-05-15 05:00:00,10.3,74.3,10095,10.15,0.39,1.32,340.5,20302,,
TH2,62047,50.1034,-5.5258,2026-05-15 05:00:00,10.3,75.2,10096,10.31,0.43,1.66,343.4,12858,,
TH2,62045,50.1034,-5.526,2026-05-15 04:00:00,10.5,71.9,10089,10.28,0.46,1.34,320,20037,,
TH2,62047,50.1034,-5.5261,2026-05-15 04:00:00,10.5,72.5,10090,10.44,0.48,1.69,331.1,12825,,
TH2,62045,50.1034,-5.5257,2026-05-15 03:00:00,10.7,73.8,10085,10.62,0.53,1.52,332,19555,,
TH2,62047,50.1034,-5.5257,2026-05-15 03:00:00,10.7,74.7,10086,10.67,0.53,1.93,337.1,12547,,
TH2,62045,50.1036,-5.5256,2026-05-15 02:00:00,10.2,71.4,10083,10.21,0.94,7.43,314.5,21068,,
TH2,62047,50.1036,-5.5257,2026-05-15 02:00:00,10.3,72,10084,10.25,0.92,6.62,333,13839,,
TH2,62045,50.1033,-5.5263,2026-05-15 01:00:00,10.9,67.1,10083,10.76,0.33,1.33,331.4,22408,,
TH2,62047,50.1033,-5.5263,2026-05-15 01:00:00,10.9,68,10084,10.83,0.38,1.78,339.2,13660,,
TH2,62045,50.1034,-5.5263,2026-05-15 00:00:00,11.2,64.7,10083,10.93,0.41,1.68,314.3,22509,,
TH2,62047,50.1034,-5.5263,2026-05-15 00:00:00,11.2,65.5,10084,10.97,0.41,1.89,312.1,13830,,
TH2,62045,50.1035,-5.5257,2026-05-14 23:00:00,10.9,70,10082,10.74,0.42,1.56,339.1,23234,,
TH2,62047,50.1035,-5.5257,2026-05-14 23:00:00,10.9,70.9,10083,10.79,0.56,2.04,338.6,14550,,
TH2,62045,50.1035,-5.5256,2026-05-14 22:00:00,10.8,70.5,10080,10.66,0.41,1.55,330.3,23785,,
TH2,62047,50.1035,-5.5256,2026-05-14 22:00:00,10.8,71.3,10081,10.72,0.54,2.05,339.5,14903,,
TH2,62045,50.1034,-5.5257,2026-05-14 21:00:00,10.6,67.5,10074,10.51,0.46,1.44,334.4,24574,,
TH2,62047,50.1034,-5.5257,2026-05-14 21:00:00,10.6,68.4,10075,10.61,0.6,1.91,335.6,15211,,
TH2,62045,50.1035,-5.5257,2026-05-14 20:00:00,11,68.5,10067,10.98,0.42,1.44,334.4,24238,,
TH2,62047,50.1035,-5.5257,2026-05-14 20:00:00,11,69.5,10067,11.05,0.58,1.88,342.2,14665,,
TH2,62045,50.1035,-5.5257,2026-05-14 19:00:00,11.1,70.6,10064,11.1,1.17,7.05,317.7,23708,,
TH2,62047,50.1035,-5.5257,2026-05-14 19:00:00,11.1,71.1,10065,11.08,1.06,6.53,336.5,14833,,
TH2,62045,50.1036,-5.5257,2026-05-14 18:00:00,11,67.7,10061,11.11,1.29,8.89,317.4,25369,,
TH2,62047,50.1035,-5.5257,2026-05-14 18:00:00,11,68.4,10062,11.06,1.16,7.58,335.7,15616,,
TH2,62045,50.1035,-5.5257,2026-05-14 17:00:00,11.1,64.4,10060,11.12,1.31,9.92,316.9,27086,,
TH2,62047,50.1035,-5.5257,2026-05-14 17:00:00,11,65.6,10060,11.09,1.25,8.25,335.5,15705,,
TH2,62045,50.1033,-5.5265,2026-05-14 16:00:00,10.7,72.5,10060,10.82,1.14,2.56,329.9,26774,,
TH2,62047,50.1033,-5.5265,2026-05-14 16:00:00,10.7,73.2,10061,10.87,0.99,3.73,348.2,15569,,
TH2,62045,50.1032,-5.5273,2026-05-14 15:00:00,9.1,83.6,10063,9.26,1.3,3.46,333.2,7203,,
TH2,62047,50.1032,-5.5273,2026-05-14 15:00:00,9,84.3,10064,9.26,1.12,3.64,346.3,6226,,
TH2,62045,50.0179,-5.6107,2026-05-14 14:00:00,10.8,76.8,10060,10.78,1.58,10.78,309.1,13654,,
TH2,62047,50.0213,-5.6038,2026-05-14 14:00:00,10.7,77,10060,10.72,1.39,8.66,316.8,10585,,
TH2,62045,49.9233,-5.807,2026-05-14 13:00:00,10.7,79.8,10069,10.86,1.08,6.53,310.8,9777,,
TH2,62047,49.9234,-5.8066,2026-05-14 13:00:00,10.8,79.7,10069,10.63,1.06,6.13,319.2,8634,,
TH2,62045,49.8919,-6.0647,2026-05-14 12:00:00,11.3,75.9,10076,12.07,1.09,5.98,298.9,10665,,
TH2,62047,49.8916,-6.0556,2026-05-14 12:00:00,11.3,75.8,10076,11.74,1.1,6.83,313,8823,,
TH2,62045,49.902,-6.3125,2026-05-14 11:00:00,11.4,69.8,10086,11.94,1.6,9.31,316.9,12392,,
TH2,62047,49.9019,-6.3122,2026-05-14 11:00:00,11.1,70.1,10086,11.69,1.47,8.88,312.9,9398,,
TH2,62045,49.6589,-6.3351,2026-05-14 10:00:00,11.2,71.7,10088,11.76,1.1,5.02,330.2,15697,,
TH2,62047,49.9201,-6.3351,2026-05-14 10:00:00,11.2,71.9,10089,11.86,1.37,4.35,340.6,11183,,
TH2,62045,49.92,-6.3349,2026-05-14 09:00:00,11.6,70,10091,12,0.71,2.69,303.8,14589,,
TH2,62047,49.92,-6.3349,2026-05-14 09:00:00,11.6,70.4,10092,11.91,0.53,2.5,290.8,11328,,
TH2,62045,49.9201,-6.3347,2026-05-14 08:00:00,11.3,67.1,10092,11.85,0.57,2.61,294.4,15643,,
TH2,62047,49.9201,-6.3347,2026-05-14 08:00:00,11.4,67.6,10093,11.9,0.54,2.81,284.2,11036,,
TH2,62045,49.9201,-6.3351,2026-05-14 07:00:00,11.2,70.2,10094,11.43,0.63,2.88,304.6,14965,,
TH2,62047,49.92,-6.3351,2026-05-14 07:00:00,11.2,70.8,10094,11.37,0.72,2.74,294,10819,,
TH2,62045,49.92,-6.3352,2026-05-14 06:00:00,11,69.9,10095,11.06,0.7,3.25,303,14597,,
TH2,62047,49.92,-6.3353,2026-05-14 06:00:00,11,70.6,10096,11.06,0.58,3.04,297.6,10817,,
TH2,62045,49.9201,-6.3351,2026-05-14 05:00:00,11,66.9,10093,10.96,0.66,2.9,297.9,16659,,
TH2,62047,49.92,-6.3351,2026-05-14 05:00:00,11,67.7,10094,11.01,0.68,2.91,286.6,11721,,
TH2,62045,49.9201,-6.335,2026-05-14 04:00:00,11,67.8,10093,11.05,0.92,3.95,314.5,15480,,
TH2,62047,49.9201,-6.335,2026-05-14 04:00:00,11,68.5,10094,11.11,0.83,3.24,310.9,11000,,
TH2,62045,49.9201,-6.3349,2026-05-14 03:00:00,11.2,73.4,10093,11.21,1,4.53,322.8,13477,,
TH2,62047,49.9201,-6.3349,2026-05-14 03:00:00,11.2,73.9,10094,11.26,1.2,3.66,322.1,9649,,
TH2,62045,49.9201,-6.3349,2026-05-14 02:00:00,11.3,71.6,10093,11.24,1.15,4.39,320.6,14882,,
TH2,62047,49.9201,-6.3349,2026-05-14 02:00:00,11.3,72.4,10094,11.35,1.03,3.54,319.8,10465,,
TH2,62045,49.9201,-6.3347,2026-05-14 01:00:00,11.4,70.5,10096,11.36,1.25,5.46,332,15888,,
TH2,62047,49.9201,-6.3347,2026-05-14 01:00:00,11.4,71,10097,11.45,1.26,4.42,335.4,11159,,
TH2,62045,49.9202,-6.3345,2026-05-14 00:00:00,11.7,72.1,10101,11.55,0.91,3.52,309,14037,,
TH2,62047,49.9202,-6.3345,2026-05-14 00:00:00,11.6,72.8,10101,11.61,0.82,3.11,296.3,10001,,
TH2,62045,49.9203,-6.3342,2026-05-13 23:00:00,11.7,74.3,10105,11.62,0.7,3.34,295.4,14029,,
TH2,62047,49.9203,-6.3342,2026-05-13 23:00:00,11.7,74.8,10105,11.66,0.65,3.03,290.1,9966,,
TH2,62045,49.9203,-6.3341,2026-05-13 22:00:00,11.8,69.9,10106,11.74,0.61,2.81,281.7,15152,,
TH2,62047,49.9203,-6.3341,2026-05-13 22:00:00,11.8,70.6,10106,11.82,0.72,3.23,281.8,10776,,
TH2,62045,49.9203,-6.3342,2026-05-13 21:00:00,11.9,70.2,10108,11.84,0.61,2.81,286.1,15841,,
TH2,62047,49.9203,-6.3342,2026-05-13 21:00:00,11.9,70.7,10108,11.9,0.59,2.85,278.9,11370,,
TH2,62045,49.9203,-6.3342,2026-05-13 20:00:00,11.9,69.4,10107,11.78,0.51,2.69,275.4,17108,,
TH2,62047,49.9203,-6.3342,2026-05-13 20:00:00,11.8,70.1,10107,11.92,0.58,3,276.2,11823,,
TH2,62045,49.9202,-6.3344,2026-05-13 19:00:00,12.1,67.8,10108,12.01,0.7,2.84,289.8,15431,,
TH2,62047,49.9202,-6.3344,2026-05-13 19:00:00,12.1,68.4,10109,12.23,0.6,2.71,282.7,10943,,
TH2,62045,49.9203,-6.3344,2026-05-13 18:00:00,12.4,66.8,10108,12.6,1.05,3.22,302.5,17706,,
TH2,62047,49.9203,-6.3344,2026-05-13 18:00:00,12.4,67.3,10109,12.82,1.18,2.59,283.4,12358,,
TH2,62045,49.9204,-6.334,2026-05-13 17:00:00,12.6,65.6,10108,12.83,0.53,2.36,268.8,14868,,
TH2,62047,49.9204,-6.334,2026-05-13 17:00:00,12.7,66.4,10108,13.27,0.55,2.72,263.9,10282,,
TH2,62045,49.9204,-6.334,2026-05-13 16:00:00,12.9,65.4,10109,12.93,0.77,3.12,282.8,14595,,
TH2,62047,49.9204,-6.334,2026-05-13 16:00:00,12.8,66.5,10110,12.92,0.65,2.81,271.1,10470,,
TH2,62045,49.9207,-6.3336,2026-05-13 15:00:00,12.7,61.7,10111,12.95,0.61,2.82,277,15588,,
TH2,62047,49.9206,-6.3336,2026-05-13 15:00:00,12.6,62.9,10111,12.96,0.66,3.26,280.5,10788,,
TH2,62045,49.9205,-6.3338,2026-05-13 14:00:00,12.9,62.1,10110,12.91,0.48,2.61,276.9,17546,,
TH2,62047,49.9205,-6.3338,2026-05-13 14:00:00,12.8,63.2,10111,12.99,0.6,2.93,279.2,11323,,
TH2,62045,49.9203,-6.3342,2026-05-13 13:00:00,12.4,61.5,10112,12.77,1.01,4.1,318.7,19556,,
TH2,62047,49.9203,-6.3342,2026-05-13 13:00:00,12.4,62.1,10113,13.19,1.04,3.26,316,12409,,
TH2,62045,49.9204,-6.3338,2026-05-13 12:00:00,12.7,64.1,10116,13.09,0.57,2.65,281.8,13690,,
TH2,62047,49.9204,-6.3338,2026-05-13 12:00:00,12.7,64.8,10117,13.39,0.55,2.62,278.6,9595,,
TH2,62045,49.9203,-6.3343,2026-05-13 11:00:00,12.3,66.9,10118,12.35,0.9,3.32,311.8,14598,,
TH2,62047,49.9203,-6.3342,2026-05-13 11:00:00,12.4,67.2,10119,12.36,1,2.77,307.7,10223,,
TH2,62045,49.9202,-6.3345,2026-05-13 10:00:00,10,84.7,10123,10.26,2.07,6.34,319.4,3536,,
TH2,62047,49.9201,-6.3345,2026-05-13 10:00:00,10,83.6,10124,11.11,2.52,6.25,320.3,3199,,
TH2,62045,49.9206,-6.3336,2026-05-13 09:00:00,12.6,69.5,10120,13.16,0.6,2.75,273.5,10155,,
TH2,62047,49.9206,-6.3336,2026-05-13 09:00:00,12.6,69.9,10121,13.03,0.56,2.92,262.1,7795,,
TH2,62045,49.9207,-6.3335,2026-05-13 08:00:00,12.4,71.2,10122,12.64,0.79,2.88,275.1,10726,,
TH2,62047,49.9207,-6.3335,2026-05-13 08:00:00,12.4,71.5,10122,12.6,0.6,2.86,252.4,8082,,
TH2,62045,49.9206,-6.3338,2026-05-13 07:00:00,12.2,72.3,10123,12.31,0.62,2.91,265.4,11194,,
TH2,62047,49.9206,-6.3337,2026-05-13 07:00:00,12.2,72.9,10124,12.32,0.63,3.23,260.1,8528,,
TH2,62045,49.9207,-6.3336,2026-05-13 06:00:00,11.9,72.7,10127,11.93,0.55,2.78,259.8,12649,,
TH2,62047,49.9207,-6.3336,2026-05-13 06:00:00,11.9,73.3,10128,11.94,0.63,3.25,262.8,9161,,
TH2,62045,49.9208,-6.3335,2026-05-13 05:00:00,11.7,72.5,10129,11.74,0.65,2.63,253.6,13210,,
TH2,62047,49.9208,-6.3335,2026-05-13 05:00:00,11.7,73.1,10129,11.75,0.69,3.37,262.2,9553,,
TH2,62045,49.9206,-6.3338,2026-05-13 04:00:00,11.7,70.8,10134,11.55,0.58,2.8,260.1,13935,,
TH2,62047,49.9206,-6.3338,2026-05-13 04:00:00,11.6,71.6,10135,11.61,0.63,2.98,255.7,9837,,
TH2,62045,49.9207,-6.3336,2026-05-13 03:00:00,11.7,74.8,10140,11.66,0.63,2.83,267.4,12803,,
TH2,62047,49.9207,-6.3336,2026-05-13 03:00:00,11.7,75.2,10141,11.68,0.62,2.85,261.6,9247,,
TH2,62045,49.9206,-6.3338,2026-05-13 02:00:00,11.5,74,10146,11.49,0.85,3.06,275,11780,,
TH2,62047,49.9206,-6.3338,2026-05-13 02:00:00,11.5,74.6,10147,11.57,0.68,2.98,267.5,8647,,
TH2,62045,49.9205,-6.3339,2026-05-13 01:00:00,11.6,74.3,10151,11.54,0.89,4.13,297.8,11482,,
TH2,62047,49.9205,-6.3339,2026-05-13 01:00:00,11.6,74.7,10152,11.65,0.88,3.27,289.4,8631,,
TH2,62045,49.9209,-6.3335,2026-05-13 00:00:00,11.5,75.5,10159,11.52,0.91,3.72,291.1,11723,,
TH2,62047,49.9209,-6.3335,2026-05-13 00:00:00,11.5,76,10160,11.65,0.82,3.25,287.2,8554,,
TH2,62045,49.9208,-6.3337,2026-05-12 23:00:00,11.6,79.7,10166,11.55,0.55,2.38,260,10629,,
TH2,62047,49.9208,-6.3336,2026-05-12 23:00:00,11.7,80,10166,11.68,0.57,2.56,260.5,7975,,
TH2,62045,49.9209,-6.3334,2026-05-12 22:00:00,12,82.1,10172,11.88,0.5,2.02,266.5,10229,,
TH2,62047,49.9209,-6.3334,2026-05-12 22:00:00,12,82.3,10172,12.05,0.44,2.09,264.5,8070,,
TH2,62045,49.9209,-6.3334,2026-05-12 21:00:00,12.2,81.1,10174,12.19,0.38,1.77,256.4,12391,,
TH2,62047,49.9209,-6.3334,2026-05-12 21:00:00,12.3,81.5,10174,12.34,0.41,2.17,261.5,9548,,
TH2,62045,49.9211,-6.3334,2026-05-12 20:00:00,12.4,76.8,10174,12.47,0.36,1.44,266.6,16172,,
TH2,62047,49.921,-6.3334,2026-05-12 20:00:00,12.4,77.3,10175,12.6,0.38,2.09,274.1,11170,,
TH2,62045,49.9209,-6.3336,2026-05-12 19:00:00,12.6,81.3,10176,12.78,0.57,2.16,290.3,15308,,
TH2,62047,49.9209,-6.3336,2026-05-12 19:00:00,12.7,80.9,10177,13.03,0.61,1.78,289.6,10865,,
TH2,62045,49.9208,-6.3335,2026-05-12 18:00:00,13.1,78.3,10178,13.36,0.35,1.79,285.2,17994,,
TH2,62047,49.9208,-6.3335,2026-05-12 18:00:00,13.1,78.4,10179,13.47,0.37,1.82,284.7,12078,,
TH2,62045,49.9207,-6.3338,2026-05-12 17:00:00,12.5,82.1,10180,13.12,1.06,4.71,301.2,19646,,
TH2,62047,49.9207,-6.3338,2026-05-12 17:00:00,12.6,82,10180,13.01,0.94,4.28,312.7,12433,,
TH2,62045,49.9216,-6.3338,2026-05-12 16:00:00,12.4,75.3,10182,13.47,0.98,8.07,300.1,18570,,
TH2,62047,49.9216,-6.3338,2026-05-12 16:00:00,12.5,75.1,10183,13.57,0.83,3.04,300.9,14679,,
TH2,62045,49.9217,-6.3338,2026-05-12 15:00:00,12.5,75.8,10184,14.26,0.98,7.67,302.1,21953,,
TH2,62047,49.9217,-6.3338,2026-05-12 15:00:00,12.7,75.2,10184,13.84,0.62,2.73,301.4,15762,,
TH2,62045,49.9216,-6.3339,2026-05-12 14:00:00,12.3,73.5,10186,13.91,0.89,6.97,317.4,22007,,
TH2,62047,49.9216,-6.3338,2026-05-12 14:00:00,12.4,73.1,10187,13.82,0.66,3.04,326.7,14535,,
TH2,62045,49.9216,-6.3339,2026-05-12 13:00:00,12,71.7,10186,13.65,0.87,6.85,319.1,20822,,
TH2,62047,49.9216,-6.3339,2026-05-12 13:00:00,12.2,71.3,10187,15.43,0.64,3.33,327.1,5807,,
TH2,62045,49.9209,-6.3352,2026-05-12 12:00:00,12.9,67.6,10188,14.76,0.48,1.85,284.7,22522,,
TH2,62047,49.9209,-6.3352,2026-05-12 12:00:00,13.1,67.4,10189,14,0.59,2.04,299.9,13914,,
TH2,62045,49.9209,-6.3353,2026-05-12 11:00:00,12.2,73.9,10192,13.09,0.64,2.84,335.9,22166,,
TH2,62047,49.9209,-6.3353,2026-05-12 11:00:00,12.4,73.6,10193,12.36,0.49,3.18,343.5,14659,,
TH2,62045,49.9209,-6.3354,2026-05-12 10:00:00,12.2,78.6,10191,13.53,0.95,5.48,339.2,20527,,
TH2,62047,49.9209,-6.3354,2026-05-12 10:00:00,12.3,78.4,10191,12.35,0.75,4.93,353.2,13909,,
TH2,62045,49.9213,-6.3342,2026-05-12 09:00:00,11.8,86.7,10189,12.48,0.79,6.47,333.9,18457,,
TH2,62047,49.9213,-6.3342,2026-05-12 09:00:00,12,86.4,10190,12.63,0.88,7.09,350.1,11842,,
TH2,62045,49.9213,-6.3343,2026-05-12 08:00:00,12.2,87.1,10188,13,0.74,5.4,326.2,18795,,
TH2,62047,49.9213,-6.3343,2026-05-12 08:00:00,12.4,86.5,10189,12.97,0.74,5.39,344.1,12271,,
TH2,62045,49.9214,-6.3342,2026-05-12 07:00:00,12.2,88.9,10185,13.78,0.57,4.58,328.5,17354,,
TH2,62047,49.9214,-6.3343,2026-05-12 07:00:00,12.3,88.5,10186,12.79,0.66,4.74,346.5,12417,,
TH2,62045,49.9214,-6.3343,2026-05-12 06:00:00,12.1,88.5,10184,12.2,0.68,5.34,328.7,18528,,
TH2,62047,49.9214,-6.3343,2026-05-12 06:00:00,12.2,87.8,10185,12.29,0.74,5.55,346.6,12534,,
TH2,62045,49.9214,-6.3343,2026-05-12 05:00:00,12.1,88.4,10182,12.02,0.52,4.22,329.8,19594,,
TH2,62047,49.9214,-6.3343,2026-05-12 05:00:00,12.1,89,10182,12.13,0.57,4.43,347.7,13479,,
TH2,62045,49.9215,-6.3341,2026-05-12 04:00:00,12.4,89.2,10180,12.2,0.42,1.79,298.9,18550,,
TH2,62047,49.9215,-6.3341,2026-05-12 04:00:00,12.4,89.2,10180,12.32,0.36,1.39,305.4,13846,,
TH2,62045,49.9217,-6.3339,2026-05-12 03:00:00,12.3,88.3,10180,12.31,0.31,1.29,257.8,22890,,
TH2,62047,49.9217,-6.3339,2026-05-12 03:00:00,12.3,88.2,10180,12.34,0.36,1.81,268.9,15142,,
TH2,62045,49.9216,-6.334,2026-05-12 02:00:00,12.2,86.4,10178,11.96,0.25,1.22,260.1,24650,,
TH2,62047,49.9216,-6.334,2026-05-12 02:00:00,12.2,86.4,10179,12.07,0.3,1.57,265.1,16818,,
TH2,62045,49.9215,-6.3341,2026-05-12 01:00:00,12.2,84.4,10180,11.95,0.24,1.1,264.3,27212,,
TH2,62047,49.9215,-6.3341,2026-05-12 01:00:00,12.2,84.6,10181,12.02,0.24,1.03,259.2,17033,,
TH2,62045,49.9215,-6.3341,2026-05-12 00:00:00,12,84.1,10183,11.87,0.37,1.57,302.6,27110,,
TH2,62047,49.9215,-6.3341,2026-05-12 00:00:00,12,84.2,10184,11.98,0.37,1.33,319.6,16590,,
TH2,62045,49.9215,-6.3341,2026-05-11 23:00:00,11.9,82.6,10181,11.76,0.37,2.26,318,26926,,
TH2,62047,49.9215,-6.3341,2026-05-11 23:00:00,11.9,83.1,10181,11.91,0.37,2.27,338.5,17236,,
TH2,62045,49.9214,-6.3342,2026-05-11 22:00:00,11.8,80.6,10182,11.8,0.27,0.98,317.8,27425,,
TH2,62047,49.9214,-6.3342,2026-05-11 22:00:00,11.8,81,10182,11.89,0.3,1.35,310.5,17022,,
TH2,62045,49.9213,-6.3343,2026-05-11 21:00:00,11.9,76.3,10180,11.84,0.34,1.45,295.9,30894,,
TH2,62047,49.9213,-6.3343,2026-05-11 21:00:00,12,76.6,10180,11.97,0.37,1.39,297.4,17870,,
TH2,62045,49.9213,-6.3343,2026-05-11 20:00:00,12,76.5,10175,12.09,0.32,1.33,297.3,29767,,
TH2,62047,49.9212,-6.3343,2026-05-11 20:00:00,12.1,76.5,10175,12.19,0.33,1.6,301.7,17156,,
TH2,62045,49.9212,-6.3348,2026-05-11 19:00:00,12,77.5,10172,12.15,0.82,4.61,326.8,30485,,
TH2,62047,49.9212,-6.3348,2026-05-11 19:00:00,12,77.8,10173,12.09,0.78,4.49,342.3,17653,,
TH2,62045,49.9217,-6.3342,2026-05-11 18:00:00,11.7,75.2,10169,12.07,0.66,4.69,325.1,32307,,
TH2,62047,49.9217,-6.3342,2026-05-11 18:00:00,11.9,74.9,10170,12.15,0.64,3.54,327.6,18157,,
TH2,62045,49.8941,-6.1695,2026-05-11 17:00:00,11.8,74.9,10166,11.91,0.81,4.91,18.6,26401,,
TH2,62047,49.8941,-6.1699,2026-05-11 17:00:00,11.9,74.7,10167,12.07,0.99,6.29,34.2,15354,,
TH2,62045,49.9474,-5.8954,2026-05-11 16:00:00,11.4,78.7,10162,11.91,0.78,6.74,341.2,18369,,
TH2,62047,49.9473,-5.8957,2026-05-11 16:00:00,11.5,78.6,10162,12.08,1.07,9.08,352.1,12866,,
TH2,62045,50.0193,-5.6724,2026-05-11 15:00:00,12.2,72.1,10157,12.76,0.8,3.12,312.1,17094,,
TH2,62047,50.0193,-5.6724,2026-05-11 15:00:00,12,73.5,10158,12.6,0.73,3.65,323.7,15528,,
TH2,62045,50.0196,-5.6726,2026-05-11 14:00:00,12,72.1,10156,12.82,0.63,3.03,305.2,16588,,
TH2,62047,50.0196,-5.6726,2026-05-11 14:00:00,11.8,73.7,10157,13.03,0.63,3.87,317.9,14992,,
TH2,62045,50.0196,-5.6725,2026-05-11 13:00:00,12,69.7,10157,12.76,0.67,2.67,313,18556,,
TH2,62047,50.0196,-5.6725,2026-05-11 13:00:00,11.9,71.4,10157,12.76,0.69,3.62,321.7,15099,,
TH2,62045,50.0197,-5.6725,2026-05-11 12:00:00,11.6,71,10155,12.4,0.42,2.07,320.7,18327,,
TH2,62047,50.0196,-5.6725,2026-05-11 12:00:00,11.4,72.2,10156,11.92,0.55,2.63,321.7,16291,,
TH2,62045,50.0197,-5.6725,2026-05-11 11:00:00,11.9,70.2,10155,12.87,0.43,2.16,320.3,18809,,
TH2,62047,50.0196,-5.6725,2026-05-11 11:00:00,11.8,71.1,10155,12.2,0.46,2.53,321.2,17365,,
TH2,62045,50.0196,-5.6726,2026-05-11 10:00:00,11.3,75.1,10154,12.58,1,5.11,320,17087,,
TH2,62047,50.0196,-5.6726,2026-05-11 10:00:00,11.3,75.7,10154,11.69,0.88,5.38,337.1,15341,,
TH2,62045,50.0196,-5.6726,2026-05-11 09:00:00,11.2,72.7,10150,11.64,0.85,5.48,324.7,18021,,
TH2,62047,50.0196,-5.6727,2026-05-11 09:00:00,11.4,73,10150,11.39,0.76,5.04,343.5,15371,,
TH2,62045,50.0081,-5.613,2026-05-11 08:00:00,11.6,65.5,10147,12.07,0.86,6.35,16.6,29191,,
TH2,62047,50.0082,-5.6133,2026-05-11 08:00:00,11.6,66.2,10148,11.94,1.15,7.79,34,15440,,
TH2,62045,49.9593,-5.3477,2026-05-11 07:00:00,10.8,69.9,10145,11.1,0.66,5.16,32.6,27838,,
TH2,62047,49.9593,-5.348,2026-05-11 07:00:00,10.9,70.3,10145,11.05,0.94,6.65,47.2,16123,,
TH2,62045,49.9739,-5.1788,2026-05-11 06:00:00,9.8,82,10139,9.87,0.57,2.91,347.3,17748,,
TH2,62047,49.9739,-5.1788,2026-05-11 06:00:00,9.8,82.5,10140,9.86,0.43,2.13,335.9,11862,,
TH2,62045,49.974,-5.1786,2026-05-11 05:00:00,9,84.8,10138,9.05,0.49,3.2,344,16105,,
TH2,62047,49.974,-5.1786,2026-05-11 05:00:00,8.9,85.4,10138,9.22,0.47,2.14,325.4,11400,,
TH2,62045,49.973,-5.1788,2026-05-11 04:00:00,10.3,81.2,10134,10,0.74,3.27,348.5,16336,,
TH2,62047,49.9731,-5.1788,2026-05-11 04:00:00,10.3,81.5,10134,10.06,0.65,2.87,0.3,11973,,
TH2,62045,49.9729,-5.1786,2026-05-11 03:00:00,9.9,81.2,10134,9.6,0.52,1.97,332.8,18944,,
TH2,62047,49.9729,-5.1786,2026-05-11 03:00:00,9.9,81.4,10135,9.71,0.43,2.47,340.4,12964,,
TH2,62045,49.973,-5.1787,2026-05-11 02:00:00,10.5,78.5,10133,10.2,0.75,3.71,339.1,17856,,
TH2,62047,49.973,-5.1787,2026-05-11 02:00:00,10.5,78.8,10134,10.27,0.59,3.33,352.6,12574,,
TH2,62045,49.9729,-5.1786,2026-05-11 01:00:00,10.7,78.8,10136,10.38,0.68,4.07,339,18990,,
TH2,62047,49.9729,-5.1786,2026-05-11 01:00:00,10.7,79,10137,10.44,0.54,3.58,352.2,13158,,
TH2,62045,49.9729,-5.1786,2026-05-11 00:00:00,10.9,78,10140,10.6,0.78,3.92,336.8,22074,,
TH2,62047,49.973,-5.1786,2026-05-11 00:00:00,10.9,78.1,10140,10.68,0.66,3.67,349.2,14492,,
TH2,62045,49.973,-5.1789,2026-05-10 23:00:00,11,78.9,10138,10.83,0.78,4.73,339.3,20598,,
TH2,62047,49.973,-5.1789,2026-05-10 23:00:00,11.1,78.9,10139,10.87,0.72,4.12,354.1,13797,,
TH2,62045,49.9732,-5.1792,2026-05-10 22:00:00,11.2,74.4,10141,11.11,0.62,2.83,350.8,22036,,
TH2,62047,49.9732,-5.1792,2026-05-10 22:00:00,11.4,74.1,10141,11.18,0.52,2.48,2.8,14021,,
TH2,62045,49.9731,-5.1792,2026-05-10 21:00:00,12.3,68,10142,12.24,0.86,4.95,354.5,23807,,
TH2,62047,49.9732,-5.1792,2026-05-10 21:00:00,12.4,68.4,10142,12.3,0.71,4.13,11.1,14925,,
TH2,62045,49.973,-5.0806,2026-05-10 20:00:00,12.8,69.8,10137,12.74,1.03,7.73,37.5,13574,,
TH2,62047,49.973,-5.0809,2026-05-10 20:00:00,12.7,71,10137,12.81,0.92,7.27,52.1,10488,,
TH2,62045,49.9623,-4.7938,2026-05-10 19:00:00,12.9,72.8,10132,13.02,1.1,8.73,30.2,10503,,
TH2,62047,49.9623,-4.7941,2026-05-10 19:00:00,12.9,73.4,10133,13.14,1.03,7.6,46.6,9108,,
TH2,62045,49.956,-4.5069,2026-05-10 18:00:00,13.6,72.7,10130,13.81,0.92,7.32,48.4,11565,,
TH2,62047,49.956,-4.5072,2026-05-10 18:00:00,13.6,73.4,10131,13.83,0.83,6.17,70.1,8906,,
TH2,62045,49.9657,-4.2153,2026-05-10 17:00:00,13.3,74.2,10128,13.56,0.97,7.83,67.1,12192,,
TH2,62047,49.9657,-4.2157,2026-05-10 17:00:00,13.3,74.4,10129,13.74,0.96,7.24,73,9243,,
TH2,62045,49.9751,-3.926,2026-05-10 16:00:00,13.4,74.2,10127,14.23,1.12,8.7,49.8,11866,,
TH2,62047,49.9751,-3.9263,2026-05-10 16:00:00,13.6,73.7,10128,14.38,1.06,6.94,69.6,9126,,
TH2,62045,49.9809,-3.6482,2026-05-10 15:00:00,12.9,78.6,10129,14.1,0.78,6.3,56.7,8856,,
TH2,62047,49.9809,-3.6485,2026-05-10 15:00:00,13.3,77.4,10130,14.24,0.7,5.67,73,7237,,
TH2,62045,49.9897,-3.3769,2026-05-10 14:00:00,12.8,76.3,10133,13.58,1.1,8.28,67.8,10032,,
TH2,62047,49.9897,-3.3772,2026-05-10 14:00:00,12.8,76.8,10134,13.34,1.08,7.82,71.1,8415,,
TH2,62045,49.9989,-3.1096,2026-05-10 13:00:00,12.4,75.2,10134,12.83,1.31,9.17,52.9,11061,,
TH2,62047,49.9989,-3.1099,2026-05-10 13:00:00,12.4,75.4,10135,12.7,1.37,8.24,60.8,8300,,
TH2,62045,50.0223,-2.8477,2026-05-10 12:00:00,12.1,75,10137,12.42,1.5,11.42,55.1,13354,,
TH2,62047,50.0223,-2.848,2026-05-10 12:00:00,12,75.7,10138,12.36,1.57,11.09,53.8,9184,,
TH2,62045,50.0631,-2.5852,2026-05-10 11:00:00,11.9,79.5,10141,12.22,1.4,10.32,54.2,10325,,
TH2,62047,50.063,-2.5855,2026-05-10 11:00:00,11.7,79.9,10142,12.12,1.47,9.92,55.8,7860,,
TH2,62045,50.1167,-2.3163,2026-05-10 10:00:00,12,72.9,10144,12.09,1.7,11.45,69.9,10068,,
TH2,62047,50.1166,-2.3166,2026-05-10 10:00:00,11.9,74,10145,12.01,1.55,8.87,65.7,7666,,
TH2,62045,50.1725,-2.0222,2026-05-10 09:00:00,11.7,77.6,10148,11.71,1.58,12.12,64.4,8926,,
TH2,62047,50.1724,-2.0226,2026-05-10 09:00:00,11.6,77.6,10150,11.71,1.46,10.78,60.7,7161,,
TH2,62045,50.2283,-1.7116,2026-05-10 08:00:00,11.5,77.1,10148,11.51,1.5,11.6,63.2,9098,,
TH2,62047,50.2282,-1.7119,2026-05-10 08:00:00,11.5,77.1,10150,11.55,1.37,10.23,59.9,7187,,
TH2,62045,50.2613,-1.5137,2026-05-10 07:00:00,11.4,82.8,10145,11.33,1.53,11.85,61.1,6592,,
TH2,62047,50.2613,-1.514,2026-05-10 07:00:00,11.3,82.4,10146,11.35,1.43,11.2,55.7,5560,,
TH2,62045,50.3028,-1.2888,2026-05-10 06:00:00,11.6,81.5,10146,11.65,1.52,11.77,60.4,9088,,
TH2,62047,50.3028,-1.2891,2026-05-10 06:00:00,11.6,81.1,10147,11.65,1.52,10.89,55.3,7011,,
TH2,62045,50.3408,-1.0759,2026-05-10 05:00:00,12,84.1,10146,11.9,1.36,9.8,59,8147,,
TH2,62047,50.3408,-1.0762,2026-05-10 05:00:00,12,84.1,10148,11.95,1.34,9.1,55.9,6766,,
TH2,62045,50.3754,-0.8848,2026-05-10 04:00:00,12.4,77.1,10147,12.12,1.08,8.13,51.4,11815,,
TH2,62047,50.3754,-0.885,2026-05-10 04:00:00,12.5,77,10148,12.19,1.1,7.71,53.6,8444,,
TH2,62045,50.4104,-0.6901,2026-05-10 03:00:00,12.4,78.1,10148,12.2,1.04,7.87,57.4,11676,,
TH2,62047,50.4103,-0.6903,2026-05-10 03:00:00,12.4,78,10148,12.21,0.98,7.25,56.1,8766,,
TH2,62045,50.4461,-0.5169,2026-05-10 02:00:00,12.4,79.6,10148,12.23,1.07,8.57,61.9,13457,,
TH2,62047,50.4461,-0.5171,2026-05-10 02:00:00,12.4,79.5,10149,12.27,0.99,7.63,58.3,9470,,
TH2,62045,50.4734,-0.342,2026-05-10 01:00:00,12.2,77.7,10153,11.92,0.88,5.8,72.3,11855,,
TH2,62047,50.4733,-0.3422,2026-05-10 01:00:00,12.1,78.1,10154,12.04,0.86,4.52,71.7,9401,,
TH2,62045,50.5057,-0.1597,2026-05-10 00:00:00,12.1,74.5,10160,10.42,0.92,7.54,64.3,9357,,
TH2,62047,50.5056,-0.16,2026-05-10 00:00:00,12.4,72.6,10160,11.08,0.87,6.61,61,8828,,
TH2,62045,50.5391,0.0247,2026-05-09 23:00:00,12.6,68.8,10160,11.53,1,6.82,56.3,8509,,
TH2,62047,50.5391,0.0244,2026-05-09 23:00:00,12.8,67.4,10161,11.82,1.02,6.4,56.5,6468,,
TH2,62045,50.5722,0.2111,2026-05-09 22:00:00,13.3,66.6,10156,13.33,1.16,9,54.2,17549,,
TH2,62047,50.5722,0.2108,2026-05-09 22:00:00,13.3,67,10157,13.37,1.1,8.66,53,12194,,
TH2,62045,50.6055,0.4122,2026-05-09 21:00:00,13.3,69,10154,13.39,1.04,8.36,47.3,12834,,
TH2,62047,50.6055,0.412,2026-05-09 21:00:00,13.3,69.3,10155,13.43,1.1,8.24,48.2,10195,,
TH2,62045,50.6523,0.608,2026-05-09 20:00:00,13.3,73,10153,13.36,1.05,8.55,49,16559,,
TH2,62047,50.6522,0.6078,2026-05-09 20:00:00,13.3,73.4,10154,13.44,0.88,6.42,44.5,11415,,
TH2,62045,50.728,0.7773,2026-05-09 19:00:00,13.6,66.1,10151,13.72,1.23,9.28,48,18213,,
TH2,62047,50.7279,0.7771,2026-05-09 19:00:00,13.6,66.5,10152,13.74,0.99,6.72,42.5,12170,,
TH2,62045,50.803,0.9412,2026-05-09 18:00:00,13.7,75.3,10152,13.91,1.16,8.33,47.4,13651,,
TH2,62047,50.8029,0.941,2026-05-09 18:00:00,13.5,76.3,10153,13.94,0.95,6.01,42.8,9407,,
TH2,62045,50.8761,1.0927,2026-05-09 17:00:00,15.3,68.7,10152,14.81,0.87,5.43,44.2,12949,,
TH2,62047,50.876,1.0926,2026-05-09 17:00:00,14.7,71.2,10153,14.88,0.65,4.01,44.8,8687,,
TH2,62045,50.9546,1.2411,2026-05-09 16:00:00,14.4,74.5,10154,14.78,1,8.23,40,9445,,
TH2,62047,50.9545,1.241,2026-05-09 16:00:00,13.7,78,10156,14.74,0.82,6.42,34.3,13359,,
TH2,62045,51.039,1.3984,2026-05-09 15:00:00,13.9,79.3,10160,15.37,0.95,7.33,33,8378,,
TH2,62047,51.0389,1.3982,2026-05-09 15:00:00,13.3,82.8,10161,15.37,0.88,6.72,32.1,5857,,
TH2,62045,51.1491,1.5908,2026-05-09 14:00:00,14.9,74.5,10162,16.55,0.78,5.78,37.7,10537,,
TH2,62047,51.149,1.5907,2026-05-09 14:00:00,13.6,80.5,10163,15.34,0.89,7.13,36.3,5958,,
TH2,62045,51.3127,1.6799,2026-05-09 13:00:00,15.9,70.3,10169,16.58,0.93,6.87,24.9,10203,,
TH2,62047,51.3125,1.6798,2026-05-09 13:00:00,14.5,76.3,10170,15.81,0.84,6.4,18.2,7009,,
TH2,62045,51.4751,1.7378,2026-05-09 12:00:00,14,80.9,10175,15.53,0.56,4.53,14.6,11511,,
TH2,62047,51.4749,1.7378,2026-05-09 12:00:00,14.6,78.1,10176,14.9,0.57,4.67,19.2,10664,,
TH2,62045,51.6249,1.7523,2026-05-09 11:00:00,14,80.9,10181,14.98,0.52,4.15,13.8,15390,,
TH2,62047,51.6247,1.7522,2026-05-09 11:00:00,14.7,77.9,10182,14.65,0.51,4.24,12.3,11723,,
TH2,62045,51.7838,1.7192,2026-05-09 10:00:00,12.8,83.1,10186,13.9,0.6,4.43,48.9,21463,,
TH2,62047,51.7836,1.7192,2026-05-09 10:00:00,13.1,82,10187,13.42,0.45,3.64,30.5,12893,,
TH2,62045,51.899,1.5629,2026-05-09 09:00:00,12.7,84.2,10185,13.27,0.53,3.92,22.3,12957,,
TH2,62047,51.8988,1.5629,2026-05-09 09:00:00,12.9,83.5,10186,13.37,0.55,4.02,14.1,8990,,
TH2,62045,51.9666,1.5388,2026-05-09 08:00:00,12.4,85.7,10187,12.82,0.62,4.46,40.9,19161,,
TH2,62047,51.9666,1.5388,2026-05-09 08:00:00,12,87.7,10188,12.83,0.5,3.25,23.3,11064,,
TH2,62045,51.9666,1.5391,2026-05-09 07:00:00,11.9,87.1,10186,12.48,0.6,5.17,61.8,16644,,
TH2,62047,51.9666,1.5392,2026-05-09 07:00:00,11.8,87.9,10186,12.5,0.51,4.25,43,10480,,
TH2,62045,51.9667,1.539,2026-05-09 06:00:00,12.3,86,10183,12.31,0.45,1.74,52.4,16393,,
TH2,62047,51.9667,1.5391,2026-05-09 06:00:00,12,86.2,10184,12.79,0.48,1.92,41.1,10902,,
TH2,62045,51.9653,1.5394,2026-05-09 05:00:00,11.6,90.1,10179,11.9,0.65,5.06,29.5,15463,,
TH2,62047,51.9653,1.5394,2026-05-09 05:00:00,11.6,90.1,10180,11.73,0.56,2.45,31,10366,,
TH2,62045,51.9656,1.5375,2026-05-09 04:00:00,11.5,87.6,10180,11.53,0.55,3.7,359,15700,,
TH2,62047,51.9656,1.5375,2026-05-09 04:00:00,11.5,88,10181,11.6,0.56,4.33,18.8,10276,,
TH2,62045,51.9656,1.5373,2026-05-09 03:00:00,11.7,84.7,10181,11.7,0.47,3.91,2.1,14950,,
TH2,62047,51.9656,1.5374,2026-05-09 03:00:00,11.7,85.1,10182,11.79,0.46,4.06,21.1,9942,,
TH2,62045,51.9656,1.5374,2026-05-09 02:00:00,11.7,84.8,10180,11.74,0.45,3.76,2,12346,,
TH2,62047,51.9656,1.5373,2026-05-09 02:00:00,11.7,85.4,10181,11.83,0.46,3.98,21.3,8509,,
TH2,62045,51.9656,1.5373,2026-05-09 01:00:00,11.7,86.1,10183,11.76,0.18,0.74,31.7,10321,,
TH2,62047,51.9656,1.5373,2026-05-09 01:00:00,11.7,86.4,10184,11.87,0.24,1.05,32.8,7742,,
TH2,62045,51.9657,1.5372,2026-05-09 00:00:00,11.8,85.8,10186,11.8,0.2,0.81,32.7,9828,,
TH2,62047,51.9657,1.5372,2026-05-09 00:00:00,11.9,85.8,10187,12.05,0.19,0.93,38.3,7502,,
TH2,62045,51.9659,1.5368,2026-05-08 23:00:00,12,84.7,10187,11.94,0.33,1.35,45.1,8703,,
TH2,62047,51.9659,1.5368,2026-05-08 23:00:00,12,84.9,10188,12.17,0.34,1.22,42.9,6695,,
TH2,62045,51.9662,1.5369,2026-05-08 22:00:00,12.1,83.6,10185,12.05,0.44,2.31,61.7,6645,,
TH2,62047,51.9662,1.5369,2026-05-08 22:00:00,12.1,83.8,10185,12.26,0.41,1.97,73.7,5276,,
TH2,62045,51.967,1.5382,2026-05-08 21:00:00,12.2,86.4,10186,12.09,0.51,2.88,83.9,4426,,
TH2,62047,51.967,8.7708,2026-05-08 21:00:00,12.3,86,10187,12.11,0.4,2.29,86.3,3809,,
TH2,62045,51.9672,1.5397,2026-05-08 20:00:00,12,88.1,10183,12.41,0.58,3.97,68,4475,,
TH2,62047,51.9671,1.5397,2026-05-08 20:00:00,12,88.5,10184,12.51,0.45,2.8,51.6,3578,,
TH2,62045,51.9671,1.5398,2026-05-08 19:00:00,12.5,85.3,10178,13.13,0.52,3.69,75.8,5248,,
TH2,62047,51.9671,1.5398,2026-05-08 19:00:00,12.2,87.4,10179,13.04,0.4,2.53,58,3895,,
TH2,62045,51.9346,1.4592,2026-05-08 18:00:00,12.9,86.5,10174,13.36,0.76,5.67,266,7531,,
TH2,62047,51.9346,1.4591,2026-05-08 18:00:00,12.9,86.6,10175,14.08,0.72,5.07,280.3,6119,,
TH2,62045,51.9531,1.289,2026-05-08 17:00:00,14.3,67.2,10170,15,0.29,1.28,65.3,17816,,
TH2,62047,51.9529,1.2897,2026-05-08 17:00:00,14.3,67.8,10170,14.93,0.26,1.31,62.7,12046,,
TH2,62045,51.9465,1.311,2026-05-08 16:00:00,13.3,73.7,10168,13.95,0.52,3.79,90.5,14704,,
TH2,62047,51.9157,1.3146,2026-05-08 16:00:00,13.4,74.6,10168,14.42,0.76,5.29,102.4,10613,,
TH2,62045,51.947,1.4077,2026-05-08 15:00:00,14,73.7,10172,15.46,0.47,2.03,61,17127,,
TH2,62047,51.947,1.4077,2026-05-08 15:00:00,14,73.9,10173,15.08,0.52,1.72,82.7,11610,,
TH2,62045,51.9459,1.4032,2026-05-08 14:00:00,14.1,77.3,10173,20.18,0.35,1.65,62.4,16733,,
TH2,62047,51.946,1.4032,2026-05-08 14:00:00,14.2,77.3,10174,15.46,0.29,1.39,69.2,12123,,
TH2,62045,51.9459,1.4031,2026-05-08 13:00:00,12.8,84.4,10175,17.54,0.51,2.81,64.1,15457,,
TH2,62047,51.9458,1.4032,2026-05-08 13:00:00,13.2,81.8,10175,15.59,0.59,2.73,80,11948,,
TH2,62045,51.9434,1.4059,2026-05-08 12:00:00,12.1,87,10175,16.96,0.47,4.08,61.3,19895,,
TH2,62047,51.9434,1.4059,2026-05-08 12:00:00,12.7,83.6,10176,15.34,0.54,4.39,83.1,13348,,
TH2,62045,51.9434,1.4058,2026-05-08 11:00:00,12.5,84.2,10175,17.6,0.4,2.99,59.1,21309,,
TH2,62047,51.9434,1.4058,2026-05-08 11:00:00,13.1,81.2,10176,15.75,0.42,2.82,78.7,14787,,
TH2,62045,51.9435,1.4058,2026-05-08 10:00:00,12.3,84.3,10176,16.12,0.4,3.31,63.6,22299,,
TH2,62047,51.9435,1.4058,2026-05-08 10:00:00,12.9,81.7,10177,16.16,0.44,3.21,85.4,15815,,
TH2,62045,51.9455,1.3078,2026-05-08 09:00:00,13.7,57,10174,14.25,0.54,3.15,332.3,26401,,
TH2,62047,51.9455,1.3078,2026-05-08 09:00:00,13.6,58.5,10174,14.61,0.46,2.56,346.7,14916,,
TH2,62045,51.9524,1.2892,2026-05-08 08:00:00,14.2,63.9,10172,13.24,0.14,0.77,47.3,23635,,
TH2,62047,51.9524,1.2892,2026-05-08 08:00:00,13.1,69.1,10173,14.42,0.15,0.77,35.7,13800,,
TH2,62045,51.9517,1.2887,2026-05-08 07:00:00,11.3,89.8,10169,12.08,0.26,1.81,359.5,10593,,
TH2,62047,51.9517,1.2887,2026-05-08 07:00:00,11.7,87.1,10170,12.76,0.32,0.98,6.9,8472,,
TH2,62045,51.9542,1.4295,2026-05-08 06:00:00,9.9,94.5,10167,10.7,0.28,2.06,330.9,4464,,
TH2,62047,51.9542,1.4295,2026-05-08 06:00:00,10.2,93.1,10168,12.25,0.38,1.56,341.1,5859,,
TH2,62045,51.9559,1.4321,2026-05-08 05:00:00,11.2,91,10164,11.18,0.3,2.2,85.7,17133,,
TH2,62047,51.9559,1.4321,2026-05-08 05:00:00,11.2,90.8,10164,11.4,0.25,2.17,60.5,12310,,
TH2,62045,51.956,1.4317,2026-05-08 04:00:00,11.2,89,10160,11.03,0.2,0.82,55.6,18445,,
TH2,62047,51.956,1.4317,2026-05-08 04:00:00,11.2,89,10161,11.19,0.2,0.72,22.4,12242,,
TH2,62045,51.9553,1.4301,2026-05-08 03:00:00,11.2,87,10161,11,0.26,0.9,42,18940,,
TH2,62047,51.9554,1.4301,2026-05-08 03:00:00,11.2,87.3,10162,11.2,0.24,0.85,48.1,12701,,
TH2,62045,51.9551,1.43,2026-05-08 02:00:00,11,83.5,10161,10.97,0.15,0.7,50.1,24663,,
TH2,62047,51.9552,1.43,2026-05-08 02:00:00,11.1,83.3,10161,11.12,0.21,0.69,65.3,14663,,
TH2,62045,51.955,1.4301,2026-05-08 01:00:00,11.1,84.2,10163,10.91,0.23,1.4,65,23855,,
TH2,62047,51.955,1.4301,2026-05-08 01:00:00,11,84.8,10164,11.21,0.26,1.34,83.7,14534,,
TH2,62045,51.955,1.4301,2026-05-08 00:00:00,11.2,83,10166,11.11,0.29,2.31,75.2,23529,,
TH2,62047,51.955,1.4301,2026-05-08 00:00:00,11.1,84.1,10167,11.32,0.33,2.35,93,14708,,
TH2,62045,51.955,1.4301,2026-05-07 23:00:00,11.3,82.6,10169,11.33,0.37,2.82,83.6,25499,,
TH2,62047,51.955,1.4301,2026-05-07 23:00:00,11.2,83.1,10170,11.5,0.42,3.02,99.5,15176,,
TH2,62045,51.9552,1.43,2026-05-07 22:00:00,11.3,81.1,10170,11.31,0.51,4,90.5,24474,,
TH2,62047,51.9552,1.43,2026-05-07 22:00:00,11.2,81.9,10171,11.52,0.55,4.16,108.3,14427,,
TH2,62045,51.9556,1.4301,2026-05-07 21:00:00,11.2,78.8,10169,11.28,0.51,2.43,93.2,25123,,
TH2,62047,51.9556,1.4301,2026-05-07 21:00:00,11.2,79.4,10170,11.49,0.5,2.05,104.9,15074,,
TH2,62045,51.956,1.4306,2026-05-07 20:00:00,11.3,79.5,10166,11.35,0.66,4.5,99.6,26181,,
TH2,62047,51.956,1.4306,2026-05-07 20:00:00,11.5,78.9,10167,11.33,0.55,3.77,108.6,15510,,
TH2,62045,51.9558,1.432,2026-05-07 19:00:00,11,78.6,10163,11.4,0.76,3.66,115.5,22828,,
TH2,62047,51.9558,1.432,2026-05-07 19:00:00,10.9,79.4,10164,11.38,0.65,3.19,112.4,14306,,
TH2,62045,51.9537,1.4307,2026-05-07 18:00:00,10.9,77.6,10162,11.48,0.74,5.76,103.9,24297,,
TH2,62047,51.9537,1.4306,2026-05-07 18:00:00,10.8,78.8,10162,11.33,0.64,4.33,95,14702,,
TH2,62045,51.9534,1.4318,2026-05-07 17:00:00,11.1,77.1,10163,12.01,0.75,5.94,102.8,25119,,
TH2,62047,51.9534,1.4318,2026-05-07 17:00:00,10.9,78.9,10163,11.8,0.65,4.78,91.2,15224,,
TH2,62045,51.9498,1.2832,2026-05-07 16:00:00,11.2,73.4,10163,12.13,0.63,2.81,132.1,24249,,
TH2,62047,51.9499,1.2832,2026-05-07 16:00:00,11,74.6,10163,12.13,0.68,3.47,114.1,15307,,
TH2,62045,,,2026-05-07 15:00:00,11.8,68.7,10161,13.28,0.75,3.84,93.8,24562,,
TH2,62047,51.9495,1.2828,2026-05-07 15:00:00,11.4,69.8,10162,14.16,0.62,3.09,96.6,9540,,
TH2,62045,51.9476,1.2838,2026-05-07 14:00:00,12.1,68.2,10162,13.14,0.66,3.12,67.5,23757,,
TH2,62047,51.9476,1.2838,2026-05-07 14:00:00,12.5,66.9,10164,14.73,0.67,2.02,73.9,14236,,
TH2,62045,51.9476,1.284,2026-05-07 13:00:00,11.8,65.1,10166,17.87,0.55,2.22,81.2,31919,,
TH2,62047,51.9476,1.284,2026-05-07 13:00:00,11.7,66.3,10166,14.33,0.49,2.77,84.7,48100,,
TH2,62045,51.9463,1.2849,2026-05-07 12:00:00,12.5,61.5,10165,14.77,0.46,2.44,93.8,29479,,
TH2,62047,51.9463,1.2848,2026-05-07 12:00:00,12.5,62.1,10166,15.72,0.52,1.89,87.8,54384,,
TH2,62045,51.9463,1.2848,2026-05-07 11:00:00,12.7,61.3,10169,16.78,0.4,1.91,90.7,29271,,
TH2,62047,51.9463,1.2848,2026-05-07 11:00:00,13,61.1,10170,15.14,0.37,1.33,83.7,57214,,
TH2,62045,51.9463,1.2849,2026-05-07 10:00:00,13.1,59.3,10167,18.28,0.32,1.54,92.2,30822,,
TH2,62047,51.9462,1.2848,2026-05-07 10:00:00,13.3,59.2,10168,15.18,0.26,1.09,95.9,55396,,
TH2,62045,51.9463,1.2848,2026-05-07 09:00:00,11.8,64.8,10165,13.71,0.33,1.38,87.3,26532,,
TH2,62047,51.9463,1.2848,2026-05-07 09:00:00,11.8,65.4,10165,13.09,0.33,0.95,81.6,43471,,
TH2,62045,51.9463,1.2848,2026-05-07 08:00:00,10.7,66.5,10163,12.13,0.29,1.45,81.5,30899,,
TH2,62047,51.9463,1.2848,2026-05-07 08:00:00,10.7,67.5,10164,11.7,0.32,1.04,73.2,59772,,
TH2,62045,51.9463,1.2848,2026-05-07 07:00:00,10.8,68.7,10160,11.44,0.23,1,57.7,26472,,
TH2,62047,51.9463,1.2848,2026-05-07 07:00:00,11,68.2,10161,12.67,0.18,0.73,42.9,48052,,
TH2,62045,51.9463,1.2848,2026-05-07 06:00:00,8,82.2,10158,8.88,0.26,1.32,4.4,22539,,
TH2,62047,51.9463,1.2848,2026-05-07 06:00:00,8.1,82.6,10158,8.52,0.31,1.33,9.5,35450,,
TH2,62045,51.9463,1.2848,2026-05-07 05:00:00,7.5,87.2,10155,7.52,0.25,1.2,13.9,19345,,
TH2,62047,51.9463,1.2849,2026-05-07 05:00:00,7.5,88.1,10156,7.62,0.28,1.05,16.2,29303,,
TH2,62045,51.9463,1.2849,2026-05-07 04:00:00,7.3,86.5,10151,7.29,0.29,1.23,7.6,20179,,
TH2,62047,51.9463,1.2848,2026-05-07 04:00:00,7.2,87.8,10152,7.44,0.27,1.07,10,30068,,
TH2,62045,51.9463,1.2848,2026-05-07 03:00:00,7.5,84.8,10150,7.42,0.3,1.42,0.2,20773,,
TH2,62047,51.9463,1.2848,2026-05-07 03:00:00,7.4,86.4,10151,7.72,0.33,1.45,11.9,31928,,
TH2,62045,51.9463,1.2848,2026-05-07 02:00:00,7.8,85.3,10148,7.72,0.28,1.53,6.8,20217,,
TH2,62047,51.9463,1.2848,2026-05-07 02:00:00,7.6,86.6,10148,7.94,0.33,1.4,15,30416,,
TH2,62045,51.9463,1.2848,2026-05-07 01:00:00,8.2,81.5,10146,8.07,0.33,1.84,52.5,22929,,
TH2,62047,51.9463,1.2848,2026-05-07 01:00:00,8.1,82.7,10147,8.28,0.26,0.89,53.6,36249,,
TH2,62045,51.9463,1.2848,2026-05-07 00:00:00,8.5,80.5,10147,8.45,0.27,1.23,53.8,22703,,
TH2,62047,51.9463,1.2848,2026-05-07 00:00:00,8.4,81.6,10147,8.74,0.26,0.78,50.8,36402,,
TH2,62045,51.9463,1.2849,2026-05-06 23:00:00,9,80.1,10147,9,0.37,1.15,40,22000,,
TH2,62047,51.9462,1.2848,2026-05-06 23:00:00,8.9,81,10147,9.22,0.44,1.07,33.9,33016,,
TH2,62045,51.9463,1.2849,2026-05-06 22:00:00,9.4,78.3,10144,9.28,0.24,1.19,49.3,23041,,
TH2,62047,51.9462,1.2848,2026-05-06 22:00:00,9.3,79.4,10144,9.58,0.22,0.78,42.6,35377,,
TH2,62045,51.9463,1.2849,2026-05-06 21:00:00,9.7,75.4,10141,9.69,0.46,2.05,48.1,24380,,
TH2,62047,51.9463,1.2848,2026-05-06 21:00:00,9.6,76.8,10142,9.91,0.41,1.14,44.5,37337,,
TH2,62045,51.9463,1.2848,2026-05-06 20:00:00,9.9,76.3,10139,10.01,0.31,1.3,67.5,24978,,
TH2,62047,51.9463,1.2848,2026-05-06 20:00:00,9.9,77,10140,10.21,0.24,0.84,61.9,39959,,
TH2,62045,51.9463,1.2848,2026-05-06 19:00:00,10.2,76.9,10134,10.33,0.37,1.61,68.5,23926,,
TH2,62047,51.9463,1.2848,2026-05-06 19:00:00,10.2,77.7,10134,10.53,0.31,0.98,64.5,35766,,
TH2,62045,51.9463,1.2848,2026-05-06 18:00:00,10.3,86.4,10128,10.16,0.22,1.05,5,8681,,
TH2,62047,51.9463,1.2848,2026-05-06 18:00:00,10.2,87.3,10129,10.8,0.29,0.93,11.9,8691,,
TH2,62045,51.9463,1.2849,2026-05-06 17:00:00,10.4,85.8,10126,9.94,0.26,0.94,21.9,4598,,
TH2,62047,51.9463,1.2849,2026-05-06 17:00:00,10.3,85.5,10126,11.09,0.28,0.84,24.9,4902,,
TH2,62045,51.9463,1.2849,2026-05-06 16:00:00,11.1,74.1,10123,11.56,0.48,2.15,80.3,23807,,
TH2,62047,51.9462,1.2848,2026-05-06 16:00:00,11,75.2,10124,11.86,0.41,1.47,73.2,37055,,
TH2,62045,51.9463,1.2849,2026-05-06 15:00:00,11.2,74.3,10122,11.96,0.24,1.14,41.5,27402,,
TH2,62047,51.9463,1.2848,2026-05-06 15:00:00,11.3,74.7,10123,12.15,0.26,0.8,38.3,52000,,
TH2,62045,51.9463,1.2849,2026-05-06 14:00:00,10.9,82,10123,11.81,0.33,1.29,17.5,23283,,
TH2,62047,51.9463,1.2848,2026-05-06 14:00:00,11,82.2,10123,11.81,0.39,1.29,19,36989,,
TH2,62045,51.9463,1.2848,2026-05-06 13:00:00,10.8,81.9,10122,11.57,0.37,1.5,6,25854,,
TH2,62047,51.9463,1.2849,2026-05-06 13:00:00,10.9,82,10122,11.82,0.4,1.45,10.3,50741,,
TH2,62045,51.9463,1.2848,2026-05-06 12:00:00,10.5,81.9,10119,10.92,0.38,1.54,25.8,13460,,
TH2,62047,51.9463,1.2848,2026-05-06 12:00:00,10.6,82.4,10120,11.58,0.39,1.25,26,18155,,
TH2,62045,51.9463,1.2848,2026-05-06 11:00:00,11.8,65.7,10116,12.54,0.52,2.31,5,31555,,
TH2,62047,51.9463,1.2848,2026-05-06 11:00:00,12,66.2,10117,12.91,0.66,2.16,9.5,66970,,
TH2,62045,51.9463,1.2848,2026-05-06 10:00:00,12.3,67.9,10115,13.9,0.45,1.77,347.4,29885,,
TH2,62047,51.9463,1.2848,2026-05-06 10:00:00,12.4,67.9,10116,13.21,0.45,1.8,355.2,70702,,
TH2,62045,51.9463,1.2848,2026-05-06 09:00:00,10.8,74.6,10114,12.58,0.49,2.18,3.9,28294,,
TH2,62047,51.9462,1.2848,2026-05-06 09:00:00,11.1,73.7,10115,12.03,0.55,2.23,9.1,48691,,
TH2,62045,51.9463,1.2848,2026-05-06 08:00:00,9.8,77.8,10113,10.6,0.52,1.88,339.1,29056,,
TH2,62047,51.9462,1.2848,2026-05-06 08:00:00,9.8,78.5,10114,10.18,0.5,1.97,1,54931,,
TH2,62045,51.9463,1.2848,2026-05-06 07:00:00,8.3,86.4,10111,8.87,0.67,2.43,328.6,20758,,
TH2,62047,51.9463,1.2848,2026-05-06 07:00:00,8.3,87.1,10112,8.65,0.64,2.55,343.5,31238,,
TH2,62045,51.9463,1.2848,2026-05-06 06:00:00,7.5,85.6,10111,7.75,0.54,2.27,332.1,21063,,
TH2,62047,51.9463,1.2848,2026-05-06 06:00:00,7.5,86.6,10111,7.86,0.61,2.31,346.2,31099,,
TH2,62045,51.9463,1.2848,2026-05-06 05:00:00,7.4,86.6,10110,7.63,0.52,1.74,325,18810,,
TH2,62047,51.9463,1.2848,2026-05-06 05:00:00,7.3,87.6,10111,7.79,0.48,1.79,342,28080,,
TH2,62045,51.9463,1.2849,2026-05-06 04:00:00,8,85.3,10109,8.23,0.51,2,316.4,20923,,
TH2,62047,51.9463,1.2848,2026-05-06 04:00:00,8,85.9,10110,8.34,0.48,2.09,344,33134,,
TH2,62045,51.9463,1.2848,2026-05-06 03:00:00,8.5,82.2,10114,8.69,0.53,1.87,323,22192,,
TH2,62047,51.9463,1.2848,2026-05-06 03:00:00,8.5,82.9,10115,8.86,0.6,1.95,352.3,34369,,
TH2,62045,51.9463,1.2848,2026-05-06 02:00:00,9,85.8,10116,9.18,0.51,1.93,324.7,22004,,
TH2,62047,51.9463,1.2849,2026-05-06 02:00:00,8.9,86.5,10117,9.26,0.51,2.05,343.4,34261,,
TH2,62045,51.9463,1.2849,2026-05-06 01:00:00,9.1,86,10118,9.26,0.51,2.34,19.8,20302,,
TH2,62047,51.9463,1.2848,2026-05-06 01:00:00,9,87.1,10119,9.47,0.5,2.03,19.1,30418,,
TH2,62045,51.9463,1.2848,2026-05-06 00:00:00,9.3,87.3,10121,9.46,0.52,1.76,4.2,16733,,
TH2,62047,51.9463,1.2848,2026-05-06 00:00:00,9.2,88.2,10121,9.66,0.59,1.78,4.3,23477,,
TH2,62045,51.9463,1.2849,2026-05-05 23:00:00,9.6,83.3,10123,9.69,0.45,2.31,6.7,21312,,
TH2,62047,51.9463,1.2849,2026-05-05 23:00:00,9.5,83.8,10123,10.16,0.52,2.37,13.3,34365,,
TH2,62045,51.9463,1.2849,2026-05-05 22:00:00,10.1,80.1,10123,10.29,0.42,2.19,7.8,29314,,
TH2,62047,51.9463,1.2849,2026-05-05 22:00:00,10,80.6,10124,10.78,0.53,2.22,12.6,62392,,
TH2,62045,51.9463,1.2848,2026-05-05 21:00:00,10.7,77.8,10124,10.88,0.31,1.39,12.3,22548,,
TH2,62047,51.9463,1.2848,2026-05-05 21:00:00,10.6,78.8,10125,11.4,0.36,1.39,15.6,34315,,
TH2,62045,51.9463,1.2848,2026-05-05 20:00:00,10.8,76.6,10120,11.08,0.32,1.57,48.9,23018,,
TH2,62047,51.9463,1.2848,2026-05-05 20:00:00,10.8,77.4,10121,11.65,0.3,0.91,41.4,38526,,
TH2,62045,51.9463,1.2848,2026-05-05 19:00:00,11.4,71.4,10115,11.81,0.38,1.95,63.4,27624,,
TH2,62047,51.9462,1.2848,2026-05-05 19:00:00,11.4,72.1,10115,12.47,0.31,1.06,59.2,56688,,
TH2,62045,51.9463,1.2849,2026-05-05 18:00:00,12.6,64.9,10114,13.11,0.45,1.7,63.9,30366,,
TH2,62047,51.9463,1.2848,2026-05-05 18:00:00,12.6,65.9,10115,13.77,0.43,1.09,59.3,54953,,
TH2,62045,51.9463,1.2849,2026-05-05 17:00:00,12.5,68.3,10115,13.15,0.47,2.23,77.4,27985,,
TH2,62047,51.9463,1.2848,2026-05-05 17:00:00,12.4,69.6,10115,13.96,0.37,1.54,70.5,49216,,
TH2,62045,51.9463,1.2849,2026-05-05 16:00:00,12.7,67.4,10115,13.41,0.42,2.35,88.9,28472,,
TH2,62047,51.9463,1.2849,2026-05-05 16:00:00,12.4,69,10116,13.66,0.42,1.75,77.7,55049,,
TH2,62045,51.9463,1.2849,2026-05-05 15:00:00,12.5,69.2,10118,13.21,0.49,2.87,99.1,25629,,
TH2,62047,51.9463,1.2848,2026-05-05 15:00:00,12.1,71.8,10119,13.4,0.5,2.49,86.9,45763,,
TH2,62045,51.9463,1.2849,2026-05-05 14:00:00,12.3,70.4,10119,12.97,0.63,3.56,95.6,26793,,
TH2,62047,51.9462,1.2848,2026-05-05 14:00:00,11.8,73.2,10120,13.3,0.65,2.9,86.3,48022,,
TH2,62045,51.9463,1.2849,2026-05-05 13:00:00,12.5,69.5,10121,13.05,0.66,3.85,104.3,26765,,
TH2,62047,51.9463,1.2849,2026-05-05 13:00:00,11.8,72.5,10122,13.77,0.68,3.55,92.6,52171,,
TH2,62045,51.9463,1.2848,2026-05-05 12:00:00,13.6,59.9,10121,14.67,0.56,2.95,101.8,32988,,
TH2,62047,51.9462,1.2848,2026-05-05 12:00:00,13,62.8,10122,15.18,0.56,2.59,88.9,59973,,
TH2,62045,51.9463,1.2849,2026-05-05 11:00:00,13.4,60,10123,15.44,0.56,3.67,104.8,31854,,
TH2,62047,51.9463,1.2848,2026-05-05 11:00:00,13,62.3,10124,14.91,0.64,3.27,91.5,64609,,
TH2,62045,51.9463,1.2849,2026-05-05 10:00:00,14.1,57,10125,17.63,0.38,2.12,98.7,31301,,
TH2,62047,51.9462,1.2849,2026-05-05 10:00:00,13.6,59.3,10126,16.05,0.4,1.7,86.2,54420,,
TH2,62045,51.9463,1.2848,2026-05-05 09:00:00,12.9,60.4,10125,18.64,0.34,1.98,56.5,26736,,
TH2,62047,51.9462,1.2849,2026-05-05 09:00:00,13,60.3,10126,15.76,0.34,1.21,52.6,45213,,
TH2,62045,51.9463,1.2849,2026-05-05 08:00:00,12.8,62.1,10126,19.64,0.28,1.47,81.9,27121,,
TH2,62047,51.9463,1.2849,2026-05-05 08:00:00,12.8,62.7,10127,15.41,0.25,0.94,72.6,53658,,
TH2,62045,51.9463,1.2848,2026-05-05 07:00:00,10.7,71.2,10129,11.65,0.31,1.54,52.2,24650,,
TH2,62047,51.9463,1.2848,2026-05-05 07:00:00,11.1,69.8,10130,13.07,0.24,0.93,45.4,46235,,
TH2,62045,51.9463,1.2848,2026-05-05 06:00:00,9.4,79.1,10131,9.72,0.34,1.94,54.8,23634,,
TH2,62047,51.9463,1.2849,2026-05-05 06:00:00,9.6,78.6,10131,9.85,0.32,1.1,54.1,37177,,
TH2,62045,51.9463,1.2848,2026-05-05 05:00:00,8.4,85.5,10132,8.43,0.28,1.42,43.8,22711,,
TH2,62047,51.9463,1.2848,2026-05-05 05:00:00,8.3,86.5,10132,8.79,0.35,0.88,37.3,35119,,
TH2,62045,51.9463,1.2848,2026-05-05 04:00:00,8.9,82.4,10132,8.99,0.24,1.04,29.4,26752,,
TH2,62047,51.9463,1.2848,2026-05-05 04:00:00,8.8,83.3,10132,9.38,0.25,0.98,25.2,45727,,
TH2,62045,51.9463,1.2848,2026-05-05 03:00:00,8.8,87.3,10134,9.02,0.17,0.72,353.2,23305,,
TH2,62047,51.9463,1.2849,2026-05-05 03:00:00,8.8,88.1,10134,9.23,0.21,0.83,360,39051,,
TH2,62045,51.9463,1.2848,2026-05-05 02:00:00,9.1,80.1,10136,9.16,0.2,1.05,70,30343,,
TH2,62047,51.9463,1.2848,2026-05-05 02:00:00,9,81.1,10137,9.53,0.2,0.69,64.9,57049,,
TH2,62045,51.9463,1.2849,2026-05-05 01:00:00,9.6,83.5,10140,9.84,0.23,1.04,38.9,30417,,
TH2,62047,51.9463,1.2848,2026-05-05 01:00:00,9.5,84.3,10141,10.33,0.2,0.76,29.5,58865,,
TH2,62045,51.9463,1.2848,2026-05-05 00:00:00,10.1,83.1,10143,10.46,0.36,1.67,73.6,30336,,
TH2,62047,51.9463,1.2848,2026-05-05 00:00:00,10.1,84,10144,10.84,0.35,1,71.1,63512,,
TH2,62045,51.9463,1.2848,2026-05-04 23:00:00,10.4,83.5,10145,10.56,0.35,1.68,62.5,25260,,
TH2,62047,51.9463,1.2848,2026-05-04 23:00:00,10.3,84.1,10146,10.88,0.26,0.87,61.7,42201,,
TH2,62045,51.9463,1.2849,2026-05-04 22:00:00,10.6,85,10147,10.92,0.45,1.55,43.6,21012,,
TH2,62047,51.9463,1.2848,2026-05-04 22:00:00,10.6,85.6,10148,11.26,0.31,0.91,38.8,30269,,
TH2,62045,51.9463,1.2849,2026-05-04 21:00:00,10.9,87.8,10145,11.08,0.4,1.97,75.2,14957,,
TH2,62047,51.9463,1.2848,2026-05-04 21:00:00,10.8,88.1,10146,11.51,0.37,1.22,72.6,18679,,
TH2,62045,51.9463,1.2848,2026-05-04 20:00:00,11.4,86.5,10146,11.6,0.43,1.93,81.3,14170,,
TH2,62047,51.9463,1.2848,2026-05-04 20:00:00,11.3,87,10147,11.91,0.38,1.18,71,17623,,
TH2,62045,51.9463,1.2848,2026-05-04 19:00:00,12,85.3,10140,12.4,0.51,1.75,69.4,13614,,
TH2,62047,51.9463,1.2848,2026-05-04 19:00:00,12,85.6,10140,12.55,0.36,1.08,63.4,16803,,
TH2,62045,51.9463,1.2849,2026-05-04 18:00:00,12.1,87.1,10138,12.32,0.47,2.54,90.5,13268,,
TH2,62047,51.9463,1.2848,2026-05-04 18:00:00,12,87.9,10138,12.44,0.42,1.86,81.3,15450,,
TH2,62045,51.9463,1.2848,2026-05-04 17:00:00,12.3,88.1,10140,12.63,0.44,2.72,99.4,10484,,
TH2,62047,51.9463,1.2849,2026-05-04 17:00:00,12.2,89.2,10140,12.81,0.44,2.28,88.6,12158,,
TH2,62045,51.9463,1.2848,2026-05-04 16:00:00,13.5,84.6,10137,13.89,0.4,2.02,94.6,10464,,
TH2,62047,51.9463,1.2848,2026-05-04 16:00:00,13.2,86.3,10138,13.96,0.4,1.64,85.1,12079,,
TH2,62045,51.9463,1.2848,2026-05-04 15:00:00,12.8,85.7,10140,13.21,0.41,1.84,68.9,11200,,
TH2,62047,51.9462,1.2848,2026-05-04 15:00:00,12.6,86.3,10140,13.23,0.45,1.27,65.8,12901,,
TH2,62045,51.9463,1.2849,2026-05-04 14:00:00,12.6,85.1,10141,13.14,0.53,2.68,97.1,13313,,
TH2,62047,51.9463,1.2848,2026-05-04 14:00:00,12.4,86.5,10142,13.27,0.46,2.12,85.3,16016,,
TH2,62045,51.9463,1.2849,2026-05-04 13:00:00,13,83.4,10141,13.65,0.48,2.58,103.4,12118,,
TH2,62047,51.9463,1.2849,2026-05-04 13:00:00,12.6,85.7,10142,13.92,0.49,2.18,89.7,14806,,
TH2,62045,51.9463,1.2848,2026-05-04 12:00:00,14.2,79,10140,15.25,0.33,1.79,98.3,11843,,
TH2,62047,51.9463,1.2848,2026-05-04 12:00:00,13.6,82,10141,15.35,0.39,1.52,87.6,14467,,
TH2,62045,51.9463,1.2849,2026-05-04 11:00:00,14.5,77,10141,15.73,0.23,1.01,99.3,14317,,
TH2,62047,51.9462,1.2848,2026-05-04 11:00:00,14.1,79,10142,15.43,0.18,0.73,137.9,16079,,
TH2,62045,51.9463,1.2849,2026-05-04 10:00:00,13.8,78.4,10139,15.42,0.26,0.99,5.7,16537,,
TH2,62047,51.9463,1.2848,2026-05-04 10:00:00,14.1,77.6,10139,14.88,0.28,0.97,14.2,21363,,
TH2,62045,51.9463,1.2848,2026-05-04 09:00:00,12.3,85.4,10138,13.58,0.31,1.37,21.5,12479,,
TH2,62047,51.9463,1.2848,2026-05-04 09:00:00,12.5,85.7,10139,13.19,0.36,1.17,22.2,15124,,
TH2,62045,51.9463,1.2849,2026-05-04 08:00:00,11.8,93.8,10132,12.39,0.36,1.73,359.1,3299,,
TH2,62047,51.9463,1.2848,2026-05-04 08:00:00,11.9,92.8,10133,12.5,0.42,1.64,6.3,3569,,
TH2,62045,51.9463,1.2848,2026-05-04 07:00:00,11.7,92.5,10130,12.43,0.36,1.43,31.5,5347,,
TH2,62047,51.9463,1.2848,2026-05-04 07:00:00,11.7,92.8,10130,12.4,0.39,1.19,32.5,5453,,
TH2,62045,51.9463,1.2848,2026-05-04 06:00:00,11.4,94.4,10122,11.74,0.32,1.55,12.3,3721,,
TH2,62047,51.9462,1.2848,2026-05-04 06:00:00,11.4,94.5,10123,11.71,0.41,1.57,18,3709,,
TH2,62045,51.9463,1.2848,2026-05-04 05:00:00,11.1,94.3,10116,11.34,0.32,1.48,13.6,3296,,
TH2,62047,51.9463,1.2848,2026-05-04 05:00:00,11.1,94.2,10116,11.32,0.37,1.44,14.5,3277,,
TH2,62045,51.9463,1.2848,2026-05-04 04:00:00,11,92.2,10112,11.32,0.38,1.52,326.3,4651,,
TH2,62047,51.9463,1.2848,2026-05-04 04:00:00,11,92.2,10113,11.25,0.37,1.56,345.9,4717,,
TH2,62045,51.9463,1.2848,2026-05-04 03:00:00,12.1,87.2,10111,12.33,0.29,1.06,302.7,9768,,
TH2,62047,51.9463,1.2848,2026-05-04 03:00:00,12,87.6,10111,12.03,0.29,1.07,1,10618,,
TH2,62045,51.9463,1.2849,2026-05-04 02:00:00,13,88.4,10108,13.26,0.26,1.07,295.3,12206,,
TH2,62047,51.9462,1.2848,2026-05-04 02:00:00,13,88.8,10108,12.73,0.2,1.03,306.3,13062,,
TH2,62045,51.9463,1.2849,2026-05-04 01:00:00,13.2,92.3,10107,13.19,0.1,0.4,358.4,7692,,
TH2,62047,51.9463,1.2848,2026-05-04 01:00:00,13.1,92.3,10107,13.14,0.11,0.41,1.9,9474,,
TH2,62045,51.9463,1.2848,2026-05-04 00:00:00,13.7,90.1,10105,13.38,0.09,0.46,349.4,10015,,
TH2,62047,51.9463,1.2848,2026-05-04 00:00:00,13.6,90.6,10106,13.59,0.1,0.36,6.4,10713,,
TH2,62045,51.9463,1.2848,2026-05-03 23:00:00,14,86,10103,13.25,0.17,0.96,95.3,13436,,
TH2,62047,51.9463,1.2848,2026-05-03 23:00:00,14,85.6,10103,13.34,0.18,0.62,82.4,16280,,
TH2,62045,51.9463,1.2849,2026-05-03 22:00:00,14.3,83.5,10104,13.34,0.19,0.92,110.2,7053,,
TH2,62047,51.9463,1.2848,2026-05-03 22:00:00,14.3,83.5,10104,13.79,0.21,0.71,92.7,8307,,
TH2,62045,51.9463,1.2849,2026-05-03 21:00:00,15.7,71.7,10098,15.38,0.16,0.92,69.4,22180,,
TH2,62047,51.9463,1.2848,2026-05-03 21:00:00,15.7,72.1,10099,15.78,0.16,0.61,67.5,35348,,
TH2,62045,51.9463,1.2848,2026-05-03 20:00:00,16,78.5,10095,16.42,0.08,0.27,45.1,20760,,
TH2,62047,51.9463,1.2848,2026-05-03 20:00:00,15.9,79.1,10095,16.6,0.09,0.28,15.5,30750,,
TH2,62045,51.9463,1.2848,2026-05-03 19:00:00,16.1,78,10087,16.67,0.15,0.49,216.8,22514,,
TH2,62047,51.9463,1.2848,2026-05-03 19:00:00,16.1,78.5,10087,16.67,0.17,0.65,209.5,35258,,
TH2,62045,51.9463,1.2849,2026-05-03 18:00:00,16.9,71.1,10084,17.36,0.49,2.04,207.2,27426,,
TH2,62047,51.9463,1.2848,2026-05-03 18:00:00,16.8,71.9,10085,17.4,0.36,1.99,198.6,48481,,
TH2,62045,51.9463,1.2849,2026-05-03 17:00:00,16.4,77.1,10081,16.95,0.34,1.17,88,19065,,
TH2,62047,51.9463,1.2849,2026-05-03 17:00:00,16.4,77.4,10081,17.18,0.33,1.24,188.8,28762,,
TH2,62045,51.9463,1.2849,2026-05-03 16:00:00,15.8,80.8,10081,16.86,0.29,1.28,126.4,13764,,
TH2,62047,51.9463,1.2848,2026-05-03 16:00:00,15.7,81,10082,16.91,0.28,1.26,182.9,17291,,
TH2,62045,51.9463,1.2848,2026-05-03 15:00:00,15.9,80.1,10081,16.59,0.25,1.16,132,12699,,
TH2,62047,51.9462,1.2849,2026-05-03 15:00:00,15.7,81.1,10082,17.12,0.32,1.23,171.8,15652,,
TH2,62045,51.9463,1.2848,2026-05-03 14:00:00,15.9,81,10083,16.82,0.3,1.24,111.4,8813,,
TH2,62047,51.9463,1.2848,2026-05-03 14:00:00,15.9,81.2,10084,17.28,0.27,1.21,171.2,9604,,
TH2,62045,51.9463,1.2849,2026-05-03 13:00:00,15.6,82.2,10085,16.68,0.53,1.42,104.5,7253,,
TH2,62047,51.9463,1.2848,2026-05-03 13:00:00,15.6,82.4,10086,16.88,0.49,1.47,198.6,7250,,
TH2,62045,51.9463,1.2848,2026-05-03 12:00:00,16.5,77.1,10084,17.86,0.39,1.5,71.9,10162,,
TH2,62047,51.9463,1.2848,2026-05-03 12:00:00,16.4,77.5,10085,17.76,0.43,1.43,138.7,10953,,
TH2,62045,51.9463,1.2848,2026-05-03 11:00:00,17.1,67.3,10085,19.63,0.24,1.1,255.2,22780,,
TH2,62047,51.9463,1.2848,2026-05-03 11:00:00,17.1,67.6,10086,18.27,0.23,1.42,257.1,32601,,
TH2,62045,51.9463,1.2848,2026-05-03 10:00:00,16,73.7,10088,17.56,0.41,1.42,241.1,18036,,
TH2,62047,51.9463,1.2848,2026-05-03 10:00:00,16,74.1,10088,16.71,0.42,2.14,239.4,23871,,
TH2,62045,51.9463,1.2849,2026-05-03 09:00:00,15.7,78,10089,16.59,0.45,1.76,221.3,14691,,
TH2,62047,51.9463,1.2848,2026-05-03 09:00:00,15.6,78.7,10089,16.02,0.47,2.09,223.2,17777,,
TH2,62045,51.9463,1.2849,2026-05-03 08:00:00,15.2,82.4,10088,17.43,0.52,1.12,230.2,14153,,
TH2,62047,51.9462,1.2848,2026-05-03 08:00:00,15.2,82.6,10088,15.33,0.39,1.58,231.1,17189,,
TH2,62045,51.9463,1.2848,2026-05-03 07:00:00,13.7,94.4,10088,13.89,0.22,0.8,219.1,3444,,
TH2,62047,51.9463,1.2849,2026-05-03 07:00:00,13.7,94.5,10088,13.62,0.18,0.88,216.3,3343,,
TH2,62045,51.9463,1.2848,2026-05-03 06:00:00,13.2,95.4,10087,13.01,0.36,1.28,209,2506,,
TH2,62047,51.9463,1.2848,2026-05-03 06:00:00,13.1,95.6,10087,12.98,0.26,1.24,205.3,2484,,
TH2,62045,51.9463,1.2848,2026-05-03 05:00:00,13,95.4,10085,12.93,0.26,1.02,205.6,2918,,
TH2,62047,51.9463,1.2848,2026-05-03 05:00:00,13,95.9,10085,12.95,0.24,1.04,196.8,2908,,
TH2,62045,51.9463,1.2848,2026-05-03 04:00:00,12.5,95.5,10086,12.56,0.15,0.71,59.5,1726,,
TH2,62047,51.9463,1.2848,2026-05-03 04:00:00,12.5,95.8,10086,12.49,0.11,0.49,21.5,2931,,
TH2,62045,51.9463,1.2848,2026-05-03 03:00:00,12.1,93.9,10092,11.96,0.24,0.94,93.4,3048,,
TH2,62047,51.9463,1.2848,2026-05-03 03:00:00,12.1,94.3,10093,12.49,0.2,0.85,204,2849,,
TH2,62045,51.9463,1.2848,2026-05-03 02:00:00,12.1,90.5,10094,12.12,0.44,2.07,102.2,6143,,
TH2,62047,51.9463,1.2848,2026-05-03 02:00:00,12,90.8,10095,12.37,0.5,1.73,90,6315,,
TH2,62045,51.9463,1.2848,2026-05-03 01:00:00,12,87.7,10099,12.08,0.45,2.82,103.5,7936,,
TH2,62047,51.9463,1.2848,2026-05-03 01:00:00,12,88,10100,12.31,0.47,2.51,91.3,8138,,
TH2,62045,51.9463,1.2848,2026-05-03 00:00:00,12.4,84.6,10103,12.38,0.51,2.88,104.2,8855,,
TH2,62047,51.9463,1.2848,2026-05-03 00:00:00,12.3,85,10104,12.6,0.52,2.54,91.5,9441,,
TH2,62045,51.9463,1.2848,2026-05-02 23:00:00,12.6,80.5,10106,12.6,0.34,1.82,90.3,16266,,
TH2,62047,51.9463,1.2848,2026-05-02 23:00:00,12.6,80.6,10107,12.93,0.29,1.35,82.5,19635,,
TH2,62045,51.9463,1.2849,2026-05-02 22:00:00,12.8,76.7,10117,13.06,0.25,1.17,97.3,23384,,
TH2,62047,51.9463,1.2848,2026-05-02 22:00:00,12.9,76,10118,13.32,0.25,0.9,90.1,33878,,
TH2,62045,51.9463,1.2849,2026-05-02 21:00:00,12.9,83.9,10117,12.99,0.32,1.79,98,12317,,
TH2,62047,51.9463,1.2848,2026-05-02 21:00:00,13,83.8,10117,13.41,0.33,1.45,87.4,14086,,
TH2,62045,51.9463,1.2848,2026-05-02 20:00:00,13.2,86.6,10125,13.6,0.15,0.59,102,7567,,
TH2,62047,51.9462,1.2848,2026-05-02 20:00:00,13.2,86,10126,14.19,0.12,0.48,165.5,8196,,
TH2,62045,51.9463,1.2849,2026-05-02 19:00:00,13.9,89.5,10121,13.92,0.3,1.17,92.3,5006,,
TH2,62047,51.9463,1.2848,2026-05-02 19:00:00,13.8,89.1,10122,14.63,0.19,0.76,129.9,5032,,
TH2,62045,51.9463,1.2848,2026-05-02 18:00:00,14.9,76.1,10119,15.45,0.35,1.62,101,14077,,
TH2,62047,51.9463,1.2848,2026-05-02 18:00:00,14.8,76.9,10120,16.07,0.31,1.14,85,16532,,
TH2,62045,51.9463,1.2849,2026-05-02 17:00:00,15.5,75.6,10128,16.81,0.31,1.46,90.2,11831,,
TH2,62047,51.9463,1.2848,2026-05-02 17:00:00,15.4,76.3,10129,17.91,0.25,0.92,78,14706,,
TH2,62045,51.9463,1.2848,2026-05-02 16:00:00,15.5,76.3,10139,16.95,0.32,1.45,80.8,11538,,
TH2,62047,51.9462,1.2848,2026-05-02 16:00:00,15.8,75,10139,18.58,0.22,0.96,67.9,12799,,
TH2,62045,51.9463,1.2848,2026-05-02 15:00:00,16,73.2,10143,17.62,0.33,1.49,69,10286,,
TH2,62047,51.9463,1.2848,2026-05-02 15:00:00,16.3,71.8,10144,19.27,0.24,0.94,49.9,11684,,
TH2,62045,51.9463,1.2848,2026-05-02 14:00:00,16.9,68.1,10151,18.21,0.34,1.57,73.4,12391,,
TH2,62047,51.9463,1.2848,2026-05-02 14:00:00,17.1,67.6,10153,20.03,0.24,1.07,50,13592,,
TH2,62045,51.9463,1.2849,2026-05-02 13:00:00,17,67.6,10156,18.73,0.4,1.3,159.5,13162,,
TH2,62047,51.9463,1.2848,2026-05-02 13:00:00,16.7,69.3,10157,20.01,0.35,1.54,194.7,14949,,
TH2,62045,51.9463,1.2848,2026-05-02 12:00:00,17.1,67.2,10163,19.25,0.39,1.38,105.2,13740,,
TH2,62047,51.9463,1.2848,2026-05-02 12:00:00,17.2,67.9,10163,19.48,0.43,1.44,190.8,16277,,
TH2,62045,51.9463,1.2849,2026-05-02 11:00:00,16,73.3,10167,19.34,0.36,1.27,107.9,11411,,
TH2,62047,51.9463,1.2848,2026-05-02 11:00:00,16.1,73,10168,18.39,0.32,1.25,182.2,11605,,
TH2,62045,51.9463,1.2849,2026-05-02 10:00:00,16.2,73.4,10170,20,0.35,1.21,80.1,11710,,
TH2,62047,51.9463,1.2849,2026-05-02 10:00:00,16.3,73.1,10171,17.69,0.37,1.12,161.3,12360,,
TH2,62045,51.9463,1.2848,2026-05-02 09:00:00,15,74.9,10172,18.76,0.24,0.99,289.9,15904,,
TH2,62047,51.9463,1.2848,2026-05-02 09:00:00,14.9,75.1,10173,16.3,0.24,1.19,289.7,19935,,
TH2,62045,51.9463,1.2849,2026-05-02 08:00:00,14,82.7,10174,18.71,0.25,1.25,268,9894,,
TH2,62047,51.9463,1.2848,2026-05-02 08:00:00,14,82.7,10175,15.5,0.28,1.5,274.9,11071,,
TH2,62045,51.9463,1.2848,2026-05-02 07:00:00,12.8,84.1,10173,14.25,0.35,1.98,274.8,10979,,
TH2,62047,51.9462,1.2848,2026-05-02 07:00:00,12.8,84.6,10173,13.85,0.34,2.12,284.1,12346,,
TH2,62045,51.9463,1.2848,2026-05-02 06:00:00,11.8,85.5,10171,12.34,0.29,1.54,252.3,12566,,
TH2,62047,51.9463,1.2848,2026-05-02 06:00:00,11.8,85.8,10171,12.15,0.34,2.18,254.4,13198,,
TH2,62045,51.9463,1.2848,2026-05-02 05:00:00,11.7,86.6,10171,12.18,0.17,0.71,244.2,13538,,
TH2,62047,51.9463,1.2848,2026-05-02 05:00:00,11.7,86.9,10171,12.13,0.21,1.22,242.6,16478,,
TH2,62045,51.9463,1.2848,2026-05-02 04:00:00,13,82.8,10169,13.33,0.2,0.8,233.9,17335,,
TH2,62047,51.9463,1.2848,2026-05-02 04:00:00,13,83,10170,13.29,0.22,1.26,229.5,23158,,
TH2,62045,51.9463,1.2848,2026-05-02 03:00:00,14,81.1,10168,14.26,0.21,0.73,226.1,19379,,
TH2,62047,51.9463,1.2849,2026-05-02 03:00:00,14.1,81,10169,14.26,0.24,1.08,226.5,28780,,
TH2,62045,51.9463,1.2848,2026-05-02 02:00:00,14.7,87,10173,14.98,0.2,0.8,216.1,13659,,
TH2,62047,51.9463,1.2848,2026-05-02 02:00:00,14.7,87,10174,14.84,0.22,1.04,216.1,17954,,
TH2,62045,51.9463,1.2848,2026-05-02 01:00:00,14.8,88.2,10179,15.07,0.28,1.13,241.9,10899,,
TH2,62047,51.9463,1.2848,2026-05-02 01:00:00,14.8,88.4,10180,14.8,0.3,1.71,243.5,13154,,
TH2,62045,51.9463,1.2848,2026-05-02 00:00:00,15.3,84,10186,15.53,0.65,2.93,199.4,9848,,
TH2,62047,51.9463,1.2848,2026-05-02 00:00:00,15.2,84.2,10187,15.48,0.59,2.8,189.7,8816,,
TH2,62045,51.9463,1.2848,2026-05-01 23:00:00,16.2,79,10187,16.37,0.45,1.86,203.6,18156,,
TH2,62047,51.9463,1.2848,2026-05-01 23:00:00,16.2,79.2,10188,16.41,0.37,1.88,196,25174,,
TH2,62045,51.9463,1.2849,2026-05-01 22:00:00,16.2,77.4,10186,16.33,0.37,1.79,204.5,19312,,
TH2,62047,51.9463,1.2848,2026-05-01 22:00:00,16.2,77.4,10186,16.24,0.29,1.7,198.4,27488,,
TH2,62045,51.9463,1.2848,2026-05-01 21:00:00,14.8,83.5,10187,15.05,0.34,1.48,196.6,14713,,
TH2,62047,51.9463,1.2848,2026-05-01 21:00:00,14.8,83.4,10188,15.11,0.28,1.39,188.5,19796,,
TH2,62045,51.9463,1.2848,2026-05-01 20:00:00,14.1,82.6,10188,14.85,0.16,0.74,64.7,18328,,
TH2,62047,51.9462,1.2848,2026-05-01 20:00:00,14.1,82.5,10188,15.17,0.12,0.55,69.7,25028,,
TH2,62045,51.9463,1.2848,2026-05-01 19:00:00,14.3,75,10186,15.38,0.21,1.23,68.4,23230,,
TH2,62047,51.9463,1.2849,2026-05-01 19:00:00,14.3,74.8,10187,16.08,0.16,0.72,43.5,36087,,
TH2,62045,51.9463,1.2849,2026-05-01 18:00:00,15.4,66.5,10187,16.66,0.27,1.39,67.7,22728,,
TH2,62047,51.9463,1.2848,2026-05-01 18:00:00,16,64.4,10187,18.67,0.19,0.78,46,34913,,
TH2,62045,51.9463,1.2849,2026-05-01 17:00:00,16.4,58.2,10189,17.75,0.27,1.25,80.2,22014,,
TH2,62047,51.9462,1.2848,2026-05-01 17:00:00,16.7,58.3,10190,19.65,0.19,0.83,100.8,32147,,
TH2,62045,51.9463,1.2849,2026-05-01 16:00:00,17.3,55.3,10194,18.22,0.29,1.23,90.1,25673,,
TH2,62047,51.9463,1.2848,2026-05-01 16:00:00,17.3,55.8,10195,20.59,0.24,0.88,108,35333,,
TH2,62045,51.9463,1.2848,2026-05-01 15:00:00,16.9,56,10198,18.23,0.32,1.4,79.2,24352,,
TH2,62047,51.9463,1.2848,2026-05-01 15:00:00,17.2,55.8,10199,20.42,0.26,0.89,70.8,38181,,
TH2,62045,51.9463,1.2848,2026-05-01 14:00:00,15.6,60.9,10202,17.22,0.38,1.77,75.5,22742,,
TH2,62047,51.9463,1.2848,2026-05-01 14:00:00,16.1,59.3,10204,19.5,0.25,1.02,58.6,32955,,
TH2,62045,51.9463,1.2849,2026-05-01 13:00:00,15.9,59.7,10206,18.06,0.33,1.55,71.9,23344,,
TH2,62047,51.9463,1.2849,2026-05-01 13:00:00,15.9,60.2,10208,19.1,0.29,1.04,90.2,32788,,
TH2,62045,51.9463,1.2848,2026-05-01 12:00:00,15.4,58.4,10210,18.45,0.37,1.43,79.4,24691,,
TH2,62047,51.9463,1.2848,2026-05-01 12:00:00,16,57,10210,19.25,0.29,0.91,74.2,36525,,
TH2,62045,51.9463,1.2849,2026-05-01 11:00:00,15,56.8,10214,18.55,0.33,1.55,80.4,27337,,
TH2,62047,51.9463,1.2848,2026-05-01 11:00:00,15.5,56,10215,17.54,0.3,0.97,74,45651,,
TH2,62045,51.9463,1.2849,2026-05-01 10:00:00,14.8,59.2,10217,20.93,0.35,1.32,75.8,28188,,
TH2,62047,51.9463,1.2848,2026-05-01 10:00:00,15.1,58.9,10218,16.65,0.23,0.91,83.8,42127,,
TH2,62045,51.9463,1.2848,2026-05-01 09:00:00,14.3,58.8,10219,19.86,0.31,1.44,59.4,28626,,
TH2,62047,51.9463,1.2848,2026-05-01 09:00:00,14.9,57.6,10220,15.85,0.26,0.97,28.4,49150,,
TH2,62045,51.9463,1.2848,2026-05-01 08:00:00,14.4,57.3,10217,19.62,0.39,1.48,73.5,31783,,
TH2,62047,51.9463,1.2848,2026-05-01 08:00:00,14.4,58.1,10218,16.2,0.35,1.05,15.4,47903,,
TH2,62045,51.9463,1.2848,2026-05-01 07:00:00,14.1,60.5,10216,13.81,0.34,1.11,57.1,28741,,
TH2,62047,51.9463,1.2848,2026-05-01 07:00:00,14,61.5,10216,15.29,0.2,0.89,10.4,50695,,
TH2,62045,51.9463,1.2848,2026-05-01 06:00:00,13.6,61.9,10216,12.86,0.29,1.05,62.7,29174,,
TH2,62047,51.9463,1.2848,2026-05-01 06:00:00,13.5,63.3,10217,13.05,0.2,0.91,262.2,52020,,
TH2,62045,51.9463,1.2848,2026-05-01 05:00:00,12.2,70.3,10214,12.21,0.34,1.21,55.2,26416,,
TH2,62047,51.9463,1.2848,2026-05-01 05:00:00,12.1,71,10214,12.13,0.22,0.9,342.4,47610,,
TH2,62045,51.9463,1.2848,2026-05-01 04:00:00,12.1,70.9,10213,12.13,0.25,1.03,46.7,25776,,
TH2,62047,51.9463,1.2848,2026-05-01 04:00:00,12,71.9,10214,12.2,0.19,0.7,7.6,42923,,
TH2,62045,51.9463,1.2848,2026-05-01 03:00:00,12.2,71.6,10216,12.19,0.24,1.04,60.7,25243,,
TH2,62047,51.9463,1.2848,2026-05-01 03:00:00,12.1,72.5,10216,12.27,0.19,0.76,271.2,42509,,
TH2,62045,51.9463,1.2848,2026-05-01 02:00:00,12.3,71.7,10217,12.57,0.23,1.1,48.7,23830,,
TH2,62047,51.9463,1.2848,2026-05-01 02:00:00,12.2,72.8,10218,12.54,0.18,0.75,16.7,39143,,
TH2,62045,51.9463,1.2848,2026-05-01 01:00:00,12.7,68.3,10220,12.94,0.28,1.47,53.3,23264,,
TH2,62047,51.9463,1.2848,2026-05-01 01:00:00,12.6,69.3,10220,12.9,0.22,1.02,29.6,37052,,
TH2,62045,51.9463,1.2848,2026-05-01 00:00:00,12.9,67,10220,13.11,0.33,1.14,46.8,22705,,
TH2,62047,51.9463,1.2848,2026-05-01 00:00:00,12.9,67.8,10221,13.14,0.23,0.99,338.7,36155,,
TH2,62045,51.9463,1.2848,2026-04-30 23:00:00,13.4,62,10219,13.48,0.42,1.97,85.6,23803,,
TH2,62047,51.9463,1.2848,2026-04-30 23:00:00,13.3,62.9,10220,13.58,0.26,1.23,72.5,40226,,
TH2,62045,51.9463,1.2849,2026-04-30 22:00:00,14,56.9,10220,13.96,0.57,2.71,100.3,21773,,
TH2,62047,51.9463,1.2848,2026-04-30 22:00:00,14,57.5,10221,14.1,0.5,2.12,84.7,32018,,
TH2,62045,51.9463,1.2849,2026-04-30 21:00:00,14.8,47.2,10218,14.83,0.56,3.17,101.7,18217,,
TH2,62047,51.9463,1.2848,2026-04-30 21:00:00,14.9,47.9,10219,14.83,0.53,2.65,85.7,24200,,
TH2,62045,51.9463,1.2849,2026-04-30 20:00:00,14,55.4,10219,14.03,0.34,1.34,75.4,20053,,
TH2,62047,51.9462,1.2848,2026-04-30 20:00:00,13.9,56.5,10220,14.46,0.23,0.96,69.4,27767,,
TH2,62045,51.9463,1.2848,2026-04-30 19:00:00,14.8,47.4,10215,15.02,0.45,2.25,81.4,24125,,
TH2,62047,51.9463,1.2848,2026-04-30 19:00:00,14.8,48.7,10216,15.62,0.45,1.48,77.5,38034,,
TH2,62045,51.9463,1.2848,2026-04-30 18:00:00,15.2,50,10215,15.39,0.63,2.89,90,23153,,
TH2,62047,51.9463,1.2848,2026-04-30 18:00:00,14.9,52.2,10216,16.2,0.57,2.08,81.3,34791,,
TH2,62045,51.9463,1.2849,2026-04-30 17:00:00,15.2,48.3,10217,15.23,0.66,3.85,94.4,23179,,
TH2,62047,51.9463,1.2848,2026-04-30 17:00:00,14.8,50.7,10218,16.03,0.68,3,82.2,37276,,
TH2,62045,51.9463,1.2849,2026-04-30 16:00:00,15.1,48,10220,15.09,0.77,4.71,96,25504,,
TH2,62047,51.9463,1.2849,2026-04-30 16:00:00,14.6,50.4,10221,15.91,0.79,3.83,83.9,39615,,
TH2,62045,51.9463,1.2848,2026-04-30 15:00:00,14.9,47.6,10222,15.11,0.88,4.76,93.4,26655,,
TH2,62047,51.9463,1.2848,2026-04-30 15:00:00,14.5,50,10223,16,0.9,3.73,81.3,37884,,
TH2,62045,51.9463,1.2849,2026-04-30 14:00:00,14.6,47.2,10230,15.03,0.76,4.42,92.8,26766,,
TH2,62047,51.9463,1.2848,2026-04-30 14:00:00,14.2,49.5,10232,15.87,0.82,3.47,82.8,46838,,
TH2,62045,51.9463,1.2848,2026-04-30 13:00:00,14.3,48.5,10237,14.68,0.76,4.34,95.7,26042,,
TH2,62047,51.9462,1.2848,2026-04-30 13:00:00,13.7,51.2,10238,15.48,0.68,3.58,85.4,45471,,
TH2,62045,51.9463,1.2848,2026-04-30 12:00:00,13.6,53.2,10240,14.57,0.77,4.42,97.5,26874,,
TH2,62047,51.9463,1.2848,2026-04-30 12:00:00,13.2,55.5,10241,14.91,0.78,3.92,84.4,37451,,
TH2,62045,51.9463,1.2849,2026-04-30 11:00:00,13.2,56,10244,15.09,0.75,4.57,97.4,26092,,
TH2,62047,51.9463,1.2848,2026-04-30 11:00:00,13,57.8,10245,14.7,0.88,3.96,85.7,47350,,
TH2,62045,51.9463,1.2848,2026-04-30 10:00:00,13,58.8,10247,16.36,0.69,3.91,98.7,25320,,
TH2,62047,51.9463,1.2849,2026-04-30 10:00:00,12.8,60.4,10249,14.6,0.7,3.37,86.5,36662,,
TH2,62045,51.9463,1.2849,2026-04-30 09:00:00,12.7,56.4,10248,17.47,0.83,3.95,99.2,27842,,
TH2,62047,51.9463,1.2848,2026-04-30 09:00:00,12.7,57.5,10249,14.59,0.92,3.44,86.6,43657,,
TH2,62045,51.9463,1.2849,2026-04-30 08:00:00,12.6,57.6,10248,15.88,0.84,4.39,101,27695,,
TH2,62047,51.9463,1.2849,2026-04-30 08:00:00,12.3,59.3,10250,13.82,0.89,3.91,88.1,43027,,
TH2,62045,51.9463,1.2848,2026-04-30 07:00:00,12.6,58.1,10245,12.8,0.89,4.62,102.2,25078,,
TH2,62047,51.9463,1.2848,2026-04-30 07:00:00,12.3,59.9,10246,13.63,1.01,4.05,89.3,43093,,
TH2,62045,51.9463,1.2848,2026-04-30 06:00:00,12.4,59.1,10245,12.13,0.76,4.33,100.5,26062,,
TH2,62047,51.9463,1.2848,2026-04-30 06:00:00,12.1,60.8,10246,12.3,0.82,3.72,87.7,44665,,
TH2,62045,51.9463,1.2848,2026-04-30 05:00:00,11.6,65.7,10242,11.63,0.7,3.92,99.1,25584,,
TH2,62047,51.9463,1.2848,2026-04-30 05:00:00,11.7,66.2,10244,11.64,0.8,3.43,85.7,42120,,
TH2,62045,51.9463,1.2848,2026-04-30 04:00:00,11.8,64.8,10240,11.73,0.78,4.64,94.4,24615,,
TH2,62047,51.9463,1.2848,2026-04-30 04:00:00,11.8,65.5,10241,11.75,0.83,3.91,82.3,40745,,
TH2,62045,51.9463,1.2849,2026-04-30 03:00:00,11.9,64.6,10244,11.91,0.59,3.51,98.3,24039,,
TH2,62047,51.9463,1.2848,2026-04-30 03:00:00,12,65.1,10245,11.95,0.62,3.09,85.4,37453,,
TH2,62045,51.9463,1.2848,2026-04-30 02:00:00,12.2,62.8,10244,12.2,0.68,4.22,99.2,24472,,
TH2,62047,51.9463,1.2848,2026-04-30 02:00:00,12.3,63.4,10245,12.2,0.73,3.77,86.6,37671,,
TH2,62045,51.9463,1.2848,2026-04-30 01:00:00,12.1,66.1,10245,12.11,0.8,4.1,97,21624,,
TH2,62047,51.9463,1.2848,2026-04-30 01:00:00,12.2,66.4,10246,12.08,0.7,3.42,84.5,31516,,
TH2,62045,51.9463,1.2848,2026-04-30 00:00:00,11.9,69.6,10246,11.93,0.69,3.99,88.4,19336,,
TH2,62047,51.9463,1.2849,2026-04-30 00:00:00,12,70.2,10247,11.96,0.68,3.02,80.2,25771,,
TH2,62045,51.9463,1.2849,2026-04-29 23:00:00,11.7,73.9,10248,11.79,0.83,3.86,87.3,16702,,
TH2,62047,51.9463,1.2848,2026-04-29 23:00:00,11.7,74.3,10249,11.8,0.77,2.81,79.3,21194,,
TH2,62045,51.9463,1.2849,2026-04-29 22:00:00,11.6,74.2,10247,11.68,0.88,4.53,90.4,16583,,
TH2,62047,51.9463,1.2848,2026-04-29 22:00:00,11.6,74.8,10248,11.75,1.05,3.38,79.6,21383,,
TH2,62045,51.9463,1.2848,2026-04-29 21:00:00,11.6,71.5,10243,11.7,0.91,3.98,79.8,18995,,
TH2,62047,51.9463,1.2848,2026-04-29 21:00:00,11.6,72.2,10244,11.77,0.73,2.68,73.6,24564,,
TH2,62045,51.9463,1.2848,2026-04-29 20:00:00,11.4,72.3,10244,11.53,0.76,3.02,74.6,19239,,
TH2,62047,51.9462,1.2848,2026-04-29 20:00:00,11.4,73.2,10245,11.78,0.58,2.06,68.3,24997,,
TH2,62045,51.9463,1.2848,2026-04-29 19:00:00,11.7,69.7,10241,11.93,0.83,3.56,62.8,21210,,
TH2,62047,51.9463,1.2848,2026-04-29 19:00:00,11.7,70.3,10242,12.59,0.85,2.26,61.6,29334,,
TH2,62045,51.9463,1.2848,2026-04-29 18:00:00,12.8,61,10239,13.27,1.02,3.7,60.1,24057,,
TH2,62047,51.9463,1.2848,2026-04-29 18:00:00,12.9,61.8,10240,14.39,0.84,2.21,56.8,30596,,
TH2,62045,51.9463,1.2849,2026-04-29 17:00:00,13.5,53.9,10241,14.02,0.78,4.09,68.4,27890,,
TH2,62047,51.9463,1.2848,2026-04-29 17:00:00,13.6,54.7,10242,15.2,0.68,2.64,63.2,39613,,
TH2,62045,51.9463,1.2849,2026-04-29 16:00:00,14.1,49.3,10245,14.59,0.89,4.18,71.2,27123,,
TH2,62047,51.9463,1.2848,2026-04-29 16:00:00,14.1,50.4,10246,15.81,0.83,2.48,65.7,44278,,
TH2,62045,51.9463,1.2849,2026-04-29 15:00:00,13.9,50.6,10251,14.48,0.87,3.82,74.5,25652,,
TH2,62047,51.9463,1.2848,2026-04-29 15:00:00,13.9,51.9,10253,15.74,0.83,2.52,67.9,41182,,
TH2,62045,51.9463,1.2849,2026-04-29 14:00:00,13.6,52.9,10253,14.39,0.81,4.07,69.6,26414,,
TH2,62047,51.9463,1.2849,2026-04-29 14:00:00,13.6,53.7,10255,15.86,0.81,2.47,64.8,42705,,
TH2,62045,51.9463,1.2849,2026-04-29 13:00:00,13.8,48.6,10254,14.66,0.79,4.09,71.4,28459,,
TH2,62047,51.9462,1.2849,2026-04-29 13:00:00,13.5,50.5,10256,15.68,0.68,2.72,68.7,44065,,
TH2,62045,51.9463,1.2849,2026-04-29 12:00:00,13.4,50.3,10257,14.7,0.88,3.78,75.8,29576,,
TH2,62047,51.9463,1.2848,2026-04-29 12:00:00,13.3,51.4,10259,15.65,0.69,2.54,70,50870,,
TH2,62045,51.9463,1.2849,2026-04-29 11:00:00,13.1,49.9,10256,14.78,0.84,4.18,79.4,29230,,
TH2,62047,51.9463,1.2848,2026-04-29 11:00:00,13,50.9,10257,14.88,0.77,2.75,73.1,44681,,
TH2,62045,51.9463,1.2849,2026-04-29 10:00:00,12.9,55,10259,15.7,0.85,3.84,82.1,25224,,
TH2,62047,51.9463,1.2848,2026-04-29 10:00:00,12.6,56.6,10260,14.21,0.73,2.67,75.6,37951,,
TH2,62045,51.9463,1.2849,2026-04-29 09:00:00,12.1,56.9,10258,15.45,1.04,4.76,82,25574,,
TH2,62047,51.9463,1.2848,2026-04-29 09:00:00,12.1,58.1,10259,13.73,0.9,3.35,75.8,37919,,
TH2,62045,51.9463,1.2848,2026-04-29 08:00:00,12.3,57.5,10254,15.34,0.98,4.13,82.1,26142,,
TH2,62047,51.9463,1.2848,2026-04-29 08:00:00,12.2,58.6,10255,13.97,0.93,2.69,76.5,39402,,
TH2,62045,51.9463,1.2848,2026-04-29 07:00:00,12.2,59.8,10252,12.44,0.75,4.01,84.2,25222,,
TH2,62047,51.9463,1.2849,2026-04-29 07:00:00,12.1,61.3,10254,13.32,0.81,2.83,77.1,38433,,
TH2,62045,51.9463,1.2848,2026-04-29 06:00:00,11.8,63.6,10248,11.61,0.76,3.22,73,22837,,
TH2,62047,51.9463,1.2848,2026-04-29 06:00:00,11.8,64.5,10249,11.82,0.63,2.17,68.5,33088,,
TH2,62045,51.9463,1.2848,2026-04-29 05:00:00,10.9,67.9,10242,10.93,0.69,3.01,77.3,22007,,
TH2,62047,51.9463,1.2848,2026-04-29 05:00:00,10.9,68.7,10243,10.92,0.6,1.96,70.8,29323,,
TH2,62045,51.9463,1.2848,2026-04-29 04:00:00,10.9,67.3,10242,10.85,0.76,3.21,76.2,21848,,
TH2,62047,51.9463,1.2848,2026-04-29 04:00:00,10.9,68.3,10243,10.83,0.53,1.99,70.3,29256,,
TH2,62045,51.9463,1.2848,2026-04-29 03:00:00,10.7,71.7,10240,10.65,0.57,2.64,72.6,19856,,
TH2,62047,51.9463,1.2848,2026-04-29 03:00:00,10.6,72.8,10241,10.61,0.5,1.75,67.5,26665,,
TH2,62045,51.9463,1.2848,2026-04-29 02:00:00,10.5,75.7,10242,10.41,0.64,2.29,62.7,17884,,
TH2,62047,51.9463,1.2848,2026-04-29 02:00:00,10.4,76.8,10242,10.46,0.53,1.51,60,22195,,
TH2,62045,51.9463,1.2848,2026-04-29 01:00:00,10.4,77.4,10243,10.33,0.57,2.58,66.9,17253,,
TH2,62047,51.9463,1.2848,2026-04-29 01:00:00,10.3,78.2,10244,10.42,0.45,1.73,63,21467,,
TH2,62045,51.9463,1.2849,2026-04-29 00:00:00,10.3,76.5,10244,10.26,0.68,3.27,59.3,18052,,
TH2,62047,51.9463,1.2848,2026-04-29 00:00:00,10.2,77.4,10244,10.35,0.68,1.92,56.8,22885,,
TH2,62045,51.9463,1.2848,2026-04-28 23:00:00,10.2,76.4,10242,10.11,0.75,3.72,50.7,18318,,
TH2,62047,51.9463,1.2848,2026-04-28 23:00:00,10.1,77.4,10243,10.27,0.5,1.99,46,24133,,
TH2,62045,51.9463,1.2848,2026-04-28 22:00:00,10,71.4,10244,10.04,0.8,3.91,47.5,21006,,
TH2,62047,51.9463,1.2848,2026-04-28 22:00:00,10,72.3,10245,10.2,0.54,1.97,43.4,30220,,
TH2,62045,51.9463,1.2849,2026-04-28 21:00:00,9.9,68.3,10243,9.92,0.76,4.1,46.8,22382,,
TH2,62047,51.9463,1.2849,2026-04-28 21:00:00,9.9,69.4,10245,10.12,0.67,1.93,46.8,31665,,
TH2,62045,51.9463,1.2849,2026-04-28 20:00:00,10,69.2,10241,10.1,0.79,4.12,53,22024,,
TH2,62047,51.9463,1.2848,2026-04-28 20:00:00,10,70.3,10242,10.39,0.56,2.08,49.7,32159,,
TH2,62045,51.9463,1.2848,2026-04-28 19:00:00,10.6,65.8,10238,10.74,0.9,4.03,46.8,23025,,
TH2,62047,51.9463,1.2848,2026-04-28 19:00:00,10.6,66.6,10239,11.26,0.6,2.07,42.7,33430,,
TH2,62045,51.9463,1.2849,2026-04-28 18:00:00,11.5,60.5,10237,11.98,0.98,5.01,46.2,22338,,
TH2,62047,51.9463,1.2849,2026-04-28 18:00:00,11.6,61,10238,12.97,0.77,2.38,44.9,33251,,
TH2,62045,51.9463,1.2849,2026-04-28 17:00:00,12.3,54.8,10236,12.94,0.87,4.93,49.5,23787,,
TH2,62047,51.9463,1.2848,2026-04-28 17:00:00,12.5,55,10237,14.09,0.68,2.41,46.5,37634,,
TH2,62045,51.9463,1.2848,2026-04-28 16:00:00,12.9,52.1,10233,13.66,1.04,5.4,48,26350,,
TH2,62047,51.9463,1.2849,2026-04-28 16:00:00,13.1,52.5,10234,14.72,0.7,2.5,42.9,34498,,
TH2,62045,51.9463,1.2848,2026-04-28 15:00:00,13.1,53.4,10234,13.84,0.83,4.56,51.7,24263,,
TH2,62047,51.9463,1.2848,2026-04-28 15:00:00,13.3,53.6,10235,14.93,0.74,2.34,51,34768,,
TH2,62045,51.9463,1.2848,2026-04-28 14:00:00,13.7,53.4,10238,14.75,0.87,4.26,50.1,24337,,
TH2,62047,51.9462,1.2849,2026-04-28 14:00:00,14,53.4,10240,16.02,0.6,2.07,49.4,33944,,
TH2,62045,51.9463,1.2848,2026-04-28 13:00:00,13.7,52.2,10239,15.08,0.71,3.74,53,22800,,
TH2,62047,51.9462,1.2849,2026-04-28 13:00:00,13.9,52.3,10241,16.11,0.51,1.99,51.1,35328,,
TH2,62045,51.9463,1.2849,2026-04-28 12:00:00,13.6,52.2,10241,14.98,0.86,4.3,55.8,22268,,
TH2,62047,51.9463,1.2848,2026-04-28 12:00:00,13.8,52.4,10242,15.64,0.61,2.3,53.7,30678,,
TH2,62045,51.9463,1.2848,2026-04-28 11:00:00,12.1,66.7,10245,13.74,0.79,4.01,50.8,19602,,
TH2,62047,51.9463,1.2849,2026-04-28 11:00:00,12.3,66.6,10246,14.11,0.59,1.95,49.9,26765,,
TH2,62045,51.9463,1.2849,2026-04-28 10:00:00,12.6,68.9,10244,15.6,0.69,3.55,69.8,18507,,
TH2,62047,51.9463,1.2848,2026-04-28 10:00:00,12.6,69.5,10245,13.67,0.62,2.3,66.2,24447,,
TH2,62045,51.9463,1.2848,2026-04-28 09:00:00,11.4,70.8,10245,13.39,0.6,2.82,68.9,19531,,
TH2,62047,51.9463,1.2849,2026-04-28 09:00:00,11.5,71,10246,12.22,0.51,1.87,64.7,25337,,
